5.000000000000000000e+00,2.009038335000000064e+00,1.700000000000000122e-02,2.025700000000000056e+00,8.024999999999999911e-01,6.462999999999999856e-01,1.023500000000000076e+00,1.023500000000000076e+00,1.039900000000000047e+00,1.039700000000000069e+00,1.127899999999999903e+00,1.127899999999999903e+00,1.114700000000000024e+00,1.114900000000000002e+00,7.247000000000000108e-01,5.661000000000000476e-01
4.974999999999999645e+00,2.008999999999999897e+00,1.700000000000000122e-02,2.025700000000000056e+00,7.996999999999999664e-01,6.349000000000000199e-01,1.023500000000000076e+00,1.023500000000000076e+00,1.040499999999999980e+00,1.040300000000000002e+00,1.127899999999999903e+00,1.127899999999999903e+00,1.114100000000000090e+00,1.114300000000000068e+00,7.318999999999999950e-01,5.645000000000000018e-01
4.950000000000000178e+00,2.009100000000000108e+00,1.700000000000000122e-02,2.025799999999999823e+00,7.970000000000000417e-01,6.233999999999999542e-01,1.023400000000000087e+00,1.023400000000000087e+00,1.040999999999999925e+00,1.040899999999999936e+00,1.127799999999999914e+00,1.127799999999999914e+00,1.113599999999999923e+00,1.113799999999999901e+00,7.391999999999999682e-01,5.626999999999999780e-01
4.924999999999999822e+00,2.009100000000000108e+00,1.700000000000000122e-02,2.025799999999999823e+00,7.944999999999999840e-01,6.118000000000000105e-01,1.023400000000000087e+00,1.023400000000000087e+00,1.041500000000000092e+00,1.041299999999999892e+00,1.127799999999999914e+00,1.127699999999999925e+00,1.113099999999999978e+00,1.113299999999999956e+00,7.467000000000000304e-01,5.608999999999999542e-01
4.900000000000000355e+00,2.009100000000000108e+00,1.700000000000000122e-02,2.025799999999999823e+00,7.922000000000000153e-01,6.000999999999999668e-01,1.023400000000000087e+00,1.023400000000000087e+00,1.041900000000000048e+00,1.041700000000000070e+00,1.127699999999999925e+00,1.127699999999999925e+00,1.112800000000000011e+00,1.112999999999999989e+00,7.542999999999999705e-01,5.590000000000000524e-01
4.875000000000000000e+00,2.009100000000000108e+00,1.710000000000000062e-02,2.025799999999999823e+00,7.901000000000000245e-01,5.883000000000000451e-01,1.023300000000000098e+00,1.023300000000000098e+00,1.042100000000000026e+00,1.042000000000000037e+00,1.127599999999999936e+00,1.127599999999999936e+00,1.112600000000000033e+00,1.112700000000000022e+00,7.620000000000000107e-01,5.568999999999999506e-01
4.849999999999999645e+00,2.009100000000000108e+00,1.710000000000000062e-02,2.025900000000000034e+00,7.881000000000000227e-01,5.765000000000000124e-01,1.023300000000000098e+00,1.023300000000000098e+00,1.042300000000000004e+00,1.042100000000000026e+00,1.127599999999999936e+00,1.127499999999999947e+00,1.112400000000000055e+00,1.112600000000000033e+00,7.698000000000000398e-01,5.547999999999999599e-01
4.825000000000000178e+00,2.009100000000000108e+00,1.710000000000000062e-02,2.025900000000000034e+00,7.863999999999999879e-01,5.646999999999999797e-01,1.023200000000000109e+00,1.023200000000000109e+00,1.042300000000000004e+00,1.042100000000000026e+00,1.127499999999999947e+00,1.127499999999999947e+00,1.112400000000000055e+00,1.112600000000000033e+00,7.775999999999999579e-01,5.524999999999999911e-01
4.799999999999999822e+00,2.009100000000000108e+00,1.710000000000000062e-02,2.025900000000000034e+00,7.848000000000000531e-01,5.528999999999999471e-01,1.023099999999999898e+00,1.023099999999999898e+00,1.042200000000000015e+00,1.042100000000000026e+00,1.127399999999999958e+00,1.127399999999999958e+00,1.112500000000000044e+00,1.112700000000000022e+00,7.854999999999999760e-01,5.500000000000000444e-01
4.775000000000000355e+00,2.009100000000000108e+00,1.720000000000000001e-02,2.025900000000000034e+00,7.834999999999999742e-01,5.412000000000000144e-01,1.023099999999999898e+00,1.023099999999999898e+00,1.042000000000000037e+00,1.041800000000000059e+00,1.127299999999999969e+00,1.127299999999999969e+00,1.112800000000000011e+00,1.112900000000000000e+00,7.933999999999999941e-01,5.473999999999999977e-01
4.750000000000000000e+00,2.009100000000000108e+00,1.720000000000000001e-02,2.025999999999999801e+00,7.824999999999999734e-01,5.294999999999999707e-01,1.022999999999999909e+00,1.022999999999999909e+00,1.041600000000000081e+00,1.041500000000000092e+00,1.127299999999999969e+00,1.127199999999999980e+00,1.113199999999999967e+00,1.113299999999999956e+00,8.013000000000000123e-01,5.445999999999999730e-01
4.724999999999999645e+00,2.009100000000000108e+00,1.720000000000000001e-02,2.025999999999999801e+00,7.816999999999999504e-01,5.178000000000000380e-01,1.022999999999999909e+00,1.022999999999999909e+00,1.041099999999999914e+00,1.040999999999999925e+00,1.127199999999999980e+00,1.127199999999999980e+00,1.113699999999999912e+00,1.113799999999999901e+00,8.091000000000000414e-01,5.415999999999999703e-01
4.700000000000000178e+00,2.009100000000000108e+00,1.729999999999999941e-02,2.025999999999999801e+00,7.812000000000000055e-01,5.062999999999999723e-01,1.022899999999999920e+00,1.022899999999999920e+00,1.040499999999999980e+00,1.040399999999999991e+00,1.127099999999999991e+00,1.127099999999999991e+00,1.114300000000000068e+00,1.114400000000000057e+00,8.168999999999999595e-01,5.384999999999999787e-01
4.674999999999999822e+00,2.009199999999999875e+00,1.729999999999999941e-02,2.026100000000000012e+00,7.809000000000000385e-01,4.949000000000000066e-01,1.022799999999999931e+00,1.022799999999999931e+00,1.039800000000000058e+00,1.039700000000000069e+00,1.127000000000000002e+00,1.127000000000000002e+00,1.114999999999999991e+00,1.115099999999999980e+00,8.246999999999999886e-01,5.351000000000000201e-01
4.650000000000000355e+00,2.009199999999999875e+00,1.729999999999999941e-02,2.026100000000000012e+00,7.809000000000000385e-01,4.837000000000000188e-01,1.022799999999999931e+00,1.022799999999999931e+00,1.038999999999999924e+00,1.038899999999999935e+00,1.126900000000000013e+00,1.126900000000000013e+00,1.115799999999999903e+00,1.115899999999999892e+00,8.323000000000000398e-01,5.314999999999999725e-01
4.625000000000000000e+00,2.009199999999999875e+00,1.739999999999999880e-02,2.026100000000000012e+00,7.812999999999999945e-01,4.726000000000000201e-01,1.022699999999999942e+00,1.022699999999999942e+00,1.038100000000000023e+00,1.038000000000000034e+00,1.126800000000000024e+00,1.126800000000000024e+00,1.116700000000000026e+00,1.116800000000000015e+00,8.397999999999999909e-01,5.278000000000000469e-01
4.599999999999999645e+00,2.009199999999999875e+00,1.739999999999999880e-02,2.026199999999999779e+00,7.819000000000000394e-01,4.616999999999999993e-01,1.022599999999999953e+00,1.022599999999999953e+00,1.037199999999999900e+00,1.037099999999999911e+00,1.126700000000000035e+00,1.126700000000000035e+00,1.117599999999999927e+00,1.117699999999999916e+00,8.471999999999999531e-01,5.237000000000000544e-01
4.575000000000000178e+00,2.009199999999999875e+00,1.750000000000000167e-02,2.026199999999999779e+00,7.829000000000000403e-01,4.509000000000000230e-01,1.022499999999999964e+00,1.022499999999999964e+00,1.036200000000000010e+00,1.036200000000000010e+00,1.126600000000000046e+00,1.126600000000000046e+00,1.118500000000000050e+00,1.118600000000000039e+00,8.544000000000000483e-01,5.194999999999999618e-01
4.549999999999999822e+00,2.009199999999999875e+00,1.750000000000000167e-02,2.026299999999999990e+00,7.842999999999999972e-01,4.404000000000000137e-01,1.022499999999999964e+00,1.022399999999999975e+00,1.035300000000000109e+00,1.035199999999999898e+00,1.126400000000000068e+00,1.126400000000000068e+00,1.119499999999999940e+00,1.119599999999999929e+00,8.615000000000000435e-01,5.150000000000000133e-01
4.525000000000000355e+00,2.009199999999999875e+00,1.750000000000000167e-02,2.026299999999999990e+00,7.859000000000000430e-01,4.302000000000000268e-01,1.022399999999999975e+00,1.022399999999999975e+00,1.034299999999999997e+00,1.034200000000000008e+00,1.126300000000000079e+00,1.126300000000000079e+00,1.120400000000000063e+00,1.120500000000000052e+00,8.683999999999999497e-01,5.101999999999999869e-01
4.500000000000000000e+00,2.009300000000000086e+00,1.760000000000000106e-02,2.026400000000000201e+00,7.880000000000000338e-01,4.202000000000000179e-01,1.022299999999999986e+00,1.022299999999999986e+00,1.033300000000000107e+00,1.033300000000000107e+00,1.126200000000000090e+00,1.126200000000000090e+00,1.121299999999999963e+00,1.121399999999999952e+00,8.750999999999999890e-01,5.051999999999999824e-01
4.474999999999999645e+00,2.009300000000000086e+00,1.760000000000000106e-02,2.026400000000000201e+00,7.903999999999999915e-01,4.103999999999999870e-01,1.022199999999999998e+00,1.022199999999999998e+00,1.032499999999999973e+00,1.032399999999999984e+00,1.125999999999999890e+00,1.125999999999999890e+00,1.122200000000000086e+00,1.122200000000000086e+00,8.816000000000000503e-01,4.999000000000000110e-01
4.450000000000000178e+00,2.009300000000000086e+00,1.770000000000000046e-02,2.026499999999999968e+00,7.931000000000000272e-01,4.008999999999999786e-01,1.022100000000000009e+00,1.022100000000000009e+00,1.031600000000000072e+00,1.031600000000000072e+00,1.125899999999999901e+00,1.125899999999999901e+00,1.122999999999999998e+00,1.122999999999999998e+00,8.878000000000000336e-01,4.943000000000000171e-01
4.424999999999999822e+00,2.009300000000000086e+00,1.770000000000000046e-02,2.026499999999999968e+00,7.963000000000000078e-01,3.916999999999999926e-01,1.022000000000000020e+00,1.022000000000000020e+00,1.030899999999999928e+00,1.030799999999999939e+00,1.125699999999999923e+00,1.125699999999999923e+00,1.123699999999999921e+00,1.123699999999999921e+00,8.939000000000000279e-01,4.884000000000000008e-01
4.400000000000000355e+00,2.009300000000000086e+00,1.779999999999999985e-02,2.026600000000000179e+00,7.997999999999999554e-01,3.826999999999999846e-01,1.021900000000000031e+00,1.021900000000000031e+00,1.030200000000000005e+00,1.030100000000000016e+00,1.125599999999999934e+00,1.125599999999999934e+00,1.124300000000000077e+00,1.124300000000000077e+00,8.997000000000000552e-01,4.823000000000000065e-01
4.375000000000000000e+00,2.009399999999999853e+00,1.789999999999999925e-02,2.026600000000000179e+00,8.036999999999999700e-01,3.740999999999999881e-01,1.021800000000000042e+00,1.021800000000000042e+00,1.029600000000000071e+00,1.029500000000000082e+00,1.125399999999999956e+00,1.125399999999999956e+00,1.124800000000000022e+00,1.124800000000000022e+00,9.052000000000000046e-01,4.758999999999999897e-01
4.349999999999999645e+00,2.009399999999999853e+00,1.789999999999999925e-02,2.026699999999999946e+00,8.080000000000000515e-01,3.657000000000000250e-01,1.021700000000000053e+00,1.021700000000000053e+00,1.028999999999999915e+00,1.028999999999999915e+00,1.125199999999999978e+00,1.125199999999999978e+00,1.125299999999999967e+00,1.125299999999999967e+00,9.104999999999999760e-01,4.692000000000000060e-01
4.325000000000000178e+00,2.009399999999999853e+00,1.799999999999999864e-02,2.026699999999999946e+00,8.126999999999999780e-01,3.577000000000000179e-01,1.021600000000000064e+00,1.021600000000000064e+00,1.028599999999999959e+00,1.028599999999999959e+00,1.125000000000000000e+00,1.125000000000000000e+00,1.125599999999999934e+00,1.125599999999999934e+00,9.155999999999999694e-01,4.622999999999999887e-01
4.299999999999999822e+00,2.009399999999999853e+00,1.799999999999999864e-02,2.026800000000000157e+00,8.177999999999999714e-01,3.499999999999999778e-01,1.021500000000000075e+00,1.021500000000000075e+00,1.028200000000000003e+00,1.028200000000000003e+00,1.124800000000000022e+00,1.124800000000000022e+00,1.125799999999999912e+00,1.125799999999999912e+00,9.203999999999999959e-01,4.551000000000000045e-01
4.275000000000000355e+00,2.009399999999999853e+00,1.810000000000000150e-02,2.026899999999999924e+00,8.232000000000000428e-01,3.426000000000000156e-01,1.021400000000000086e+00,1.021400000000000086e+00,1.027900000000000036e+00,1.027900000000000036e+00,1.124600000000000044e+00,1.124600000000000044e+00,1.125999999999999890e+00,1.125999999999999890e+00,9.249000000000000554e-01,4.476999999999999869e-01
4.250000000000000000e+00,2.009500000000000064e+00,1.820000000000000090e-02,2.026899999999999924e+00,8.288999999999999702e-01,3.353999999999999759e-01,1.021300000000000097e+00,1.021300000000000097e+00,1.027700000000000058e+00,1.027700000000000058e+00,1.124400000000000066e+00,1.124400000000000066e+00,1.126100000000000101e+00,1.126100000000000101e+00,9.292000000000000259e-01,4.400000000000000022e-01
4.224999999999999645e+00,2.009500000000000064e+00,1.830000000000000029e-02,2.027000000000000135e+00,8.349999999999999645e-01,3.286999999999999922e-01,1.021200000000000108e+00,1.021200000000000108e+00,1.027500000000000080e+00,1.027500000000000080e+00,1.124100000000000099e+00,1.124100000000000099e+00,1.126100000000000101e+00,1.126100000000000101e+00,9.332000000000000295e-01,4.321999999999999731e-01
4.200000000000000178e+00,2.009500000000000064e+00,1.830000000000000029e-02,2.027099999999999902e+00,8.414000000000000368e-01,3.221999999999999864e-01,1.021099999999999897e+00,1.021099999999999897e+00,1.027300000000000102e+00,1.027300000000000102e+00,1.123899999999999899e+00,1.123899999999999899e+00,1.126100000000000101e+00,1.126100000000000101e+00,9.368999999999999551e-01,4.242000000000000215e-01
4.174999999999999822e+00,2.009500000000000064e+00,1.839999999999999969e-02,2.027200000000000113e+00,8.479999999999999760e-01,3.160000000000000031e-01,1.020999999999999908e+00,1.020999999999999908e+00,1.027199999999999891e+00,1.027199999999999891e+00,1.123599999999999932e+00,1.123599999999999932e+00,1.125999999999999890e+00,1.125999999999999890e+00,9.404000000000000137e-01,4.161000000000000254e-01
4.150000000000000355e+00,2.009599999999999831e+00,1.849999999999999908e-02,2.027200000000000113e+00,8.548999999999999932e-01,3.101999999999999758e-01,1.020899999999999919e+00,1.020899999999999919e+00,1.027099999999999902e+00,1.027099999999999902e+00,1.123299999999999965e+00,1.123299999999999965e+00,1.125899999999999901e+00,1.125899999999999901e+00,9.436999999999999833e-01,4.078999999999999848e-01
4.125000000000000000e+00,2.009599999999999831e+00,1.859999999999999848e-02,2.027299999999999880e+00,8.619999999999999885e-01,3.045999999999999819e-01,1.020799999999999930e+00,1.020799999999999930e+00,1.026999999999999913e+00,1.026999999999999913e+00,1.122999999999999998e+00,1.122999999999999998e+00,1.125699999999999923e+00,1.125699999999999923e+00,9.465999999999999970e-01,3.996000000000000107e-01
4.099999999999999645e+00,2.009599999999999831e+00,1.870000000000000134e-02,2.027400000000000091e+00,8.692999999999999616e-01,2.993999999999999995e-01,1.020599999999999952e+00,1.020599999999999952e+00,1.026999999999999913e+00,1.026999999999999913e+00,1.122700000000000031e+00,1.122700000000000031e+00,1.125499999999999945e+00,1.125499999999999945e+00,9.493000000000000327e-01,3.914000000000000257e-01
4.075000000000000178e+00,2.009700000000000042e+00,1.870000000000000134e-02,2.027499999999999858e+00,8.768000000000000238e-01,2.944999999999999840e-01,1.020499999999999963e+00,1.020499999999999963e+00,1.026899999999999924e+00,1.026899999999999924e+00,1.122300000000000075e+00,1.122300000000000075e+00,1.125199999999999978e+00,1.125199999999999978e+00,9.517999999999999794e-01,3.831999999999999851e-01
4.049999999999999822e+00,2.009700000000000042e+00,1.880000000000000074e-02,2.027600000000000069e+00,8.842999999999999750e-01,2.898999999999999910e-01,1.020399999999999974e+00,1.020399999999999974e+00,1.026899999999999924e+00,1.026899999999999924e+00,1.122000000000000108e+00,1.122000000000000108e+00,1.125000000000000000e+00,1.125000000000000000e+00,9.539999999999999591e-01,3.751999999999999780e-01
4.025000000000000355e+00,2.009700000000000042e+00,1.890000000000000013e-02,2.027699999999999836e+00,8.918000000000000371e-01,2.857000000000000095e-01,1.020299999999999985e+00,1.020299999999999985e+00,1.026899999999999924e+00,1.026899999999999924e+00,1.121599999999999930e+00,1.121599999999999930e+00,1.124700000000000033e+00,1.124600000000000044e+00,9.558999999999999719e-01,3.674000000000000044e-01
4.000000000000000000e+00,2.009799999999999809e+00,1.899999999999999953e-02,2.027800000000000047e+00,8.993999999999999773e-01,2.817000000000000060e-01,1.020199999999999996e+00,1.020199999999999996e+00,1.026799999999999935e+00,1.026799999999999935e+00,1.121199999999999974e+00,1.121199999999999974e+00,1.124300000000000077e+00,1.124300000000000077e+00,9.576999999999999957e-01,3.598999999999999977e-01
3.975000000000000089e+00,2.009799999999999809e+00,1.909999999999999892e-02,2.027899999999999814e+00,9.069000000000000394e-01,2.781000000000000139e-01,1.020100000000000007e+00,1.020100000000000007e+00,1.026799999999999935e+00,1.026799999999999935e+00,1.120700000000000029e+00,1.120700000000000029e+00,1.124000000000000110e+00,1.124000000000000110e+00,9.590999999999999526e-01,3.528999999999999915e-01
3.950000000000000178e+00,2.009799999999999809e+00,1.919999999999999832e-02,2.028000000000000025e+00,9.143000000000000016e-01,2.746999999999999997e-01,1.019900000000000029e+00,1.019900000000000029e+00,1.026799999999999935e+00,1.026799999999999935e+00,1.120300000000000074e+00,1.120300000000000074e+00,1.123599999999999932e+00,1.123599999999999932e+00,9.603000000000000425e-01,3.466000000000000192e-01
3.924999999999999822e+00,2.009900000000000020e+00,1.930000000000000118e-02,2.028099999999999792e+00,9.215999999999999748e-01,2.716999999999999971e-01,1.019800000000000040e+00,1.019800000000000040e+00,1.026699999999999946e+00,1.026699999999999946e+00,1.119799999999999907e+00,1.119799999999999907e+00,1.123199999999999976e+00,1.123199999999999976e+00,9.613000000000000433e-01,3.412999999999999923e-01
3.899999999999999911e+00,2.009900000000000020e+00,1.940000000000000058e-02,2.028200000000000003e+00,9.286999999999999700e-01,2.690000000000000169e-01,1.019700000000000051e+00,1.019700000000000051e+00,1.026699999999999946e+00,1.026699999999999946e+00,1.119299999999999962e+00,1.119199999999999973e+00,1.122700000000000031e+00,1.122700000000000031e+00,9.620999999999999552e-01,3.375000000000000222e-01
3.875000000000000000e+00,2.009999999999999787e+00,1.949999999999999997e-02,2.028300000000000214e+00,9.355999999999999872e-01,2.666000000000000036e-01,1.019600000000000062e+00,1.019600000000000062e+00,1.026599999999999957e+00,1.026599999999999957e+00,1.118700000000000028e+00,1.118700000000000028e+00,1.122300000000000075e+00,1.122300000000000075e+00,9.626000000000000112e-01,3.366999999999999993e-01
3.850000000000000089e+00,2.009999999999999787e+00,1.959999999999999937e-02,2.028500000000000192e+00,9.423000000000000265e-01,2.646000000000000019e-01,1.019500000000000073e+00,1.019500000000000073e+00,1.026499999999999968e+00,1.026499999999999968e+00,1.118100000000000094e+00,1.118100000000000094e+00,1.121799999999999908e+00,1.121799999999999908e+00,9.628999999999999782e-01,3.427000000000000046e-01
3.825000000000000178e+00,2.010099999999999998e+00,1.969999999999999876e-02,2.028599999999999959e+00,9.485999999999999988e-01,2.627999999999999781e-01,1.019300000000000095e+00,1.019300000000000095e+00,1.026499999999999968e+00,1.026499999999999968e+00,1.117399999999999949e+00,1.117399999999999949e+00,1.121299999999999963e+00,1.121299999999999963e+00,9.628999999999999782e-01,3.694999999999999951e-01
3.799999999999999822e+00,2.010099999999999998e+00,1.980000000000000163e-02,2.028700000000000170e+00,9.546999999999999931e-01,2.614000000000000212e-01,1.019200000000000106e+00,1.019200000000000106e+00,1.026399999999999979e+00,1.026399999999999979e+00,1.116700000000000026e+00,1.116700000000000026e+00,1.120800000000000018e+00,1.120800000000000018e+00,9.627999999999999892e-01,4.842000000000000193e-01
3.774999999999999911e+00,2.010200000000000209e+00,1.990000000000000102e-02,2.028900000000000148e+00,9.605000000000000204e-01,2.602999999999999758e-01,1.019099999999999895e+00,1.019099999999999895e+00,1.026299999999999990e+00,1.026299999999999990e+00,1.115899999999999892e+00,1.115899999999999892e+00,1.120300000000000074e+00,1.120200000000000085e+00,9.624000000000000332e-01,1.035600000000000076e+00
3.750000000000000000e+00,2.010200000000000209e+00,2.000000000000000042e-02,2.028999999999999915e+00,9.658999999999999808e-01,2.595000000000000084e-01,1.018999999999999906e+00,1.018999999999999906e+00,1.026100000000000012e+00,1.026100000000000012e+00,1.114999999999999991e+00,1.114999999999999991e+00,1.119699999999999918e+00,1.119699999999999918e+00,9.616999999999999993e-01,1.035600000000000076e+00
3.725000000000000089e+00,2.010299999999999976e+00,2.009999999999999981e-02,2.029199999999999893e+00,9.709999999999999742e-01,2.590000000000000080e-01,1.018799999999999928e+00,1.018799999999999928e+00,1.026000000000000023e+00,1.026000000000000023e+00,1.114000000000000101e+00,1.114000000000000101e+00,9.608999999999999764e-01,1.119099999999999984e+00,1.119099999999999984e+00,1.035600000000000076e+00
3.700000000000000178e+00,2.010299999999999976e+00,2.029999999999999860e-02,2.029300000000000104e+00,9.757000000000000117e-01,2.590000000000000080e-01,1.018699999999999939e+00,1.018699999999999939e+00,1.025900000000000034e+00,1.025900000000000034e+00,1.112900000000000000e+00,1.112900000000000000e+00,9.597999999999999865e-01,1.118500000000000050e+00,1.118500000000000050e+00,1.035800000000000054e+00
3.674999999999999822e+00,2.010400000000000187e+00,2.040000000000000147e-02,2.029500000000000082e+00,9.800999999999999712e-01,1.018599999999999950e+00,1.018599999999999950e+00,2.591999999999999860e-01,1.025700000000000056e+00,1.025700000000000056e+00,9.586000000000000076e-01,1.111599999999999921e+00,1.111599999999999921e+00,1.117899999999999894e+00,1.117899999999999894e+00,1.036100000000000021e+00
3.649999999999999911e+00,2.010400000000000187e+00,2.050000000000000086e-02,2.029599999999999849e+00,9.841999999999999638e-01,1.018499999999999961e+00,1.018499999999999961e+00,2.597999999999999754e-01,1.025500000000000078e+00,1.025500000000000078e+00,9.569999999999999618e-01,1.110100000000000087e+00,1.110100000000000087e+00,1.117199999999999971e+00,1.117199999999999971e+00,1.036599999999999966e+00
3.625000000000000000e+00,2.010499999999999954e+00,2.060000000000000026e-02,2.029799999999999827e+00,9.879999999999999893e-01,1.018299999999999983e+00,1.018299999999999983e+00,2.606999999999999873e-01,1.025400000000000089e+00,1.025400000000000089e+00,9.553000000000000380e-01,1.108200000000000074e+00,1.108200000000000074e+00,1.116600000000000037e+00,1.116600000000000037e+00,1.037400000000000100e+00
3.600000000000000089e+00,2.010499999999999954e+00,2.069999999999999965e-02,2.029999999999999805e+00,9.913999999999999480e-01,1.018199999999999994e+00,1.018199999999999994e+00,2.620999999999999996e-01,1.025199999999999889e+00,1.025199999999999889e+00,9.534000000000000252e-01,1.105900000000000105e+00,1.105799999999999894e+00,1.115899999999999892e+00,1.115899999999999892e+00,1.038699999999999957e+00
3.575000000000000178e+00,2.010600000000000165e+00,2.079999999999999905e-02,2.030100000000000016e+00,9.945000000000000506e-01,1.018100000000000005e+00,1.018100000000000005e+00,2.637999999999999790e-01,1.024999999999999911e+00,1.024999999999999911e+00,9.512000000000000455e-01,1.102800000000000002e+00,1.102800000000000002e+00,1.115099999999999980e+00,1.115099999999999980e+00,1.040599999999999969e+00
3.549999999999999822e+00,2.010699999999999932e+00,2.089999999999999844e-02,2.030299999999999994e+00,9.973999999999999533e-01,1.018000000000000016e+00,1.018000000000000016e+00,2.659000000000000252e-01,1.024799999999999933e+00,1.024799999999999933e+00,9.487999999999999767e-01,1.098700000000000010e+00,1.098700000000000010e+00,1.114400000000000057e+00,1.114400000000000057e+00,1.043600000000000083e+00
3.524999999999999911e+00,2.010699999999999932e+00,2.110000000000000070e-02,2.030499999999999972e+00,1.000000000000000000e+00,1.017800000000000038e+00,1.017800000000000038e+00,2.682999999999999829e-01,1.024499999999999966e+00,1.024499999999999966e+00,9.461000000000000520e-01,1.092999999999999972e+00,1.092999999999999972e+00,1.113599999999999923e+00,1.113599999999999923e+00,1.048200000000000021e+00
3.500000000000000000e+00,2.010800000000000143e+00,2.120000000000000009e-02,2.030699999999999950e+00,1.002299999999999969e+00,1.017700000000000049e+00,1.017700000000000049e+00,2.711999999999999966e-01,1.024299999999999988e+00,1.024299999999999988e+00,9.432000000000000384e-01,1.085099999999999953e+00,1.085099999999999953e+00,1.112700000000000022e+00,1.112700000000000022e+00,1.054899999999999949e+00
3.475000000000000089e+00,2.010899999999999910e+00,2.129999999999999949e-02,2.030899999999999928e+00,1.004399999999999959e+00,1.017600000000000060e+00,1.017600000000000060e+00,2.745000000000000218e-01,1.024100000000000010e+00,1.024100000000000010e+00,9.401000000000000467e-01,1.074600000000000000e+00,1.074500000000000011e+00,1.111900000000000110e+00,1.111900000000000110e+00,1.064300000000000024e+00
3.450000000000000178e+00,2.011000000000000121e+00,2.139999999999999888e-02,2.031099999999999905e+00,1.006299999999999972e+00,1.017500000000000071e+00,1.017500000000000071e+00,2.782999999999999918e-01,1.023800000000000043e+00,1.023800000000000043e+00,9.367999999999999661e-01,1.062300000000000022e+00,1.062200000000000033e+00,1.110899999999999999e+00,1.110899999999999999e+00,1.033800000000000052e+00
3.424999999999999822e+00,2.011000000000000121e+00,2.160000000000000114e-02,2.031299999999999883e+00,1.007900000000000018e+00,1.017400000000000082e+00,1.017400000000000082e+00,2.824999999999999734e-01,1.023600000000000065e+00,1.023600000000000065e+00,9.332000000000000295e-01,1.050400000000000000e+00,1.050400000000000000e+00,1.033199999999999896e+00,1.109900000000000109e+00,1.086100000000000065e+00
3.399999999999999911e+00,2.011099999999999888e+00,2.170000000000000054e-02,2.031499999999999861e+00,1.009400000000000075e+00,1.017200000000000104e+00,1.017200000000000104e+00,2.871000000000000218e-01,1.023300000000000098e+00,1.023300000000000098e+00,9.294000000000000039e-01,1.041199999999999903e+00,1.041199999999999903e+00,1.032599999999999962e+00,1.094100000000000072e+00,1.094100000000000072e+00
3.375000000000000000e+00,2.011200000000000099e+00,2.179999999999999993e-02,2.031800000000000050e+00,1.010699999999999932e+00,1.017099999999999893e+00,1.017099999999999893e+00,2.922000000000000153e-01,1.023099999999999898e+00,1.023099999999999898e+00,9.253000000000000114e-01,1.034999999999999920e+00,1.034899999999999931e+00,1.032000000000000028e+00,1.099099999999999966e+00,1.099099999999999966e+00
3.350000000000000089e+00,2.011299999999999866e+00,2.189999999999999933e-02,2.032000000000000028e+00,1.011800000000000033e+00,1.016999999999999904e+00,1.016999999999999904e+00,2.977000000000000202e-01,1.022799999999999931e+00,1.022799999999999931e+00,9.211000000000000298e-01,1.030899999999999928e+00,1.030899999999999928e+00,1.031400000000000095e+00,1.101900000000000102e+00,1.101900000000000102e+00
3.325000000000000178e+00,2.011400000000000077e+00,2.210000000000000159e-02,2.032200000000000006e+00,1.012799999999999923e+00,1.016899999999999915e+00,1.016899999999999915e+00,3.037000000000000255e-01,1.022599999999999953e+00,1.022599999999999953e+00,9.165999999999999703e-01,1.028299999999999992e+00,1.028200000000000003e+00,1.030799999999999939e+00,1.103299999999999947e+00,1.103299999999999947e+00
3.299999999999999822e+00,2.011400000000000077e+00,2.220000000000000098e-02,2.032500000000000195e+00,1.013700000000000045e+00,1.016799999999999926e+00,1.016799999999999926e+00,3.101999999999999758e-01,1.022299999999999986e+00,1.022299999999999986e+00,9.118000000000000549e-01,1.026499999999999968e+00,1.026499999999999968e+00,1.030200000000000005e+00,1.103699999999999903e+00,1.103799999999999892e+00
3.274999999999999911e+00,2.011499999999999844e+00,2.230000000000000038e-02,2.032700000000000173e+00,1.014399999999999968e+00,1.016699999999999937e+00,1.016699999999999937e+00,3.171999999999999820e-01,1.022000000000000020e+00,1.022000000000000020e+00,9.069000000000000394e-01,1.025199999999999889e+00,1.025199999999999889e+00,1.029600000000000071e+00,1.103699999999999903e+00,1.103699999999999903e+00
3.250000000000000000e+00,2.011600000000000055e+00,2.249999999999999917e-02,2.032999999999999918e+00,1.015099999999999891e+00,1.016499999999999959e+00,1.016499999999999959e+00,3.245999999999999996e-01,1.021700000000000053e+00,1.021700000000000053e+00,9.018000000000000460e-01,1.024199999999999999e+00,1.024199999999999999e+00,1.028999999999999915e+00,1.103299999999999947e+00,1.103299999999999947e+00
3.225000000000000089e+00,2.011699999999999822e+00,2.259999999999999856e-02,2.033199999999999896e+00,1.015600000000000058e+00,1.016399999999999970e+00,1.016399999999999970e+00,3.325000000000000178e-01,1.021500000000000075e+00,1.021500000000000075e+00,8.963999999999999746e-01,1.023500000000000076e+00,1.023500000000000076e+00,1.028299999999999992e+00,1.102700000000000014e+00,1.102700000000000014e+00
3.200000000000000178e+00,2.011800000000000033e+00,2.270000000000000143e-02,2.033500000000000085e+00,1.016000000000000014e+00,1.016299999999999981e+00,1.016299999999999981e+00,3.408999999999999808e-01,1.021200000000000108e+00,1.021200000000000108e+00,8.910000000000000142e-01,1.022799999999999931e+00,1.022799999999999931e+00,1.027700000000000058e+00,1.102000000000000091e+00,1.102000000000000091e+00
3.174999999999999822e+00,2.011899999999999800e+00,2.290000000000000022e-02,2.033799999999999830e+00,1.016399999999999970e+00,1.016199999999999992e+00,1.016199999999999992e+00,3.497000000000000108e-01,1.020899999999999919e+00,1.020899999999999919e+00,1.022299999999999986e+00,1.022299999999999986e+00,8.853999999999999648e-01,1.027099999999999902e+00,1.101099999999999968e+00,1.101099999999999968e+00
3.149999999999999911e+00,2.012000000000000011e+00,2.299999999999999961e-02,2.033999999999999808e+00,1.016699999999999937e+00,1.016100000000000003e+00,1.016100000000000003e+00,3.589999999999999858e-01,1.020599999999999952e+00,1.020599999999999952e+00,1.021800000000000042e+00,1.021800000000000042e+00,8.797000000000000375e-01,1.026399999999999979e+00,1.031199999999999894e+00,1.031199999999999894e+00
3.125000000000000000e+00,2.012100000000000222e+00,2.319999999999999840e-02,2.034299999999999997e+00,1.016899999999999915e+00,1.016000000000000014e+00,1.016000000000000014e+00,3.685999999999999832e-01,1.020299999999999985e+00,1.020299999999999985e+00,1.021400000000000086e+00,1.021400000000000086e+00,8.739000000000000101e-01,1.025800000000000045e+00,1.027099999999999902e+00,1.027099999999999902e+00
3.100000000000000089e+00,2.012199999999999989e+00,2.330000000000000127e-02,2.034600000000000186e+00,1.017099999999999893e+00,1.015900000000000025e+00,1.015900000000000025e+00,3.785999999999999921e-01,1.020100000000000007e+00,1.020100000000000007e+00,1.020999999999999908e+00,1.020999999999999908e+00,8.680999999999999828e-01,1.025199999999999889e+00,1.025199999999999889e+00,1.025199999999999889e+00
3.075000000000000178e+00,2.012300000000000200e+00,2.350000000000000006e-02,2.034899999999999931e+00,1.017200000000000104e+00,1.015800000000000036e+00,1.015800000000000036e+00,3.889000000000000234e-01,1.019800000000000040e+00,1.019800000000000040e+00,1.020699999999999941e+00,1.020699999999999941e+00,8.624000000000000554e-01,1.024499999999999966e+00,1.024199999999999999e+00,1.024199999999999999e+00
3.049999999999999822e+00,2.012399999999999967e+00,2.359999999999999945e-02,2.035200000000000120e+00,1.017200000000000104e+00,1.015700000000000047e+00,1.015700000000000047e+00,3.993999999999999773e-01,1.019500000000000073e+00,1.019500000000000073e+00,1.020299999999999985e+00,1.020299999999999985e+00,1.023900000000000032e+00,8.568000000000000060e-01,1.023500000000000076e+00,1.023500000000000076e+00
3.024999999999999911e+00,2.012500000000000178e+00,2.380000000000000171e-02,2.035499999999999865e+00,1.017200000000000104e+00,1.015700000000000047e+00,1.015700000000000047e+00,4.102000000000000091e-01,1.019200000000000106e+00,1.019200000000000106e+00,1.020000000000000018e+00,1.020000000000000018e+00,1.023300000000000098e+00,8.512999999999999456e-01,1.022999999999999909e+00,1.022999999999999909e+00
3.000000000000000000e+00,2.012599999999999945e+00,2.400000000000000050e-02,2.035699999999999843e+00,1.017200000000000104e+00,1.015600000000000058e+00,1.015600000000000058e+00,4.209999999999999853e-01,1.018999999999999906e+00,1.018999999999999906e+00,1.019700000000000051e+00,1.019700000000000051e+00,1.022599999999999953e+00,8.459999999999999742e-01,1.022499999999999964e+00,1.022499999999999964e+00
2.975000000000000089e+00,2.012700000000000156e+00,2.419999999999999929e-02,2.036000000000000032e+00,1.017200000000000104e+00,1.015500000000000069e+00,1.015500000000000069e+00,4.319000000000000061e-01,1.018699999999999939e+00,1.018699999999999939e+00,1.019400000000000084e+00,1.019400000000000084e+00,1.022000000000000020e+00,8.410999999999999588e-01,1.022000000000000020e+00,1.022000000000000020e+00
2.950000000000000178e+00,2.012799999999999923e+00,2.429999999999999868e-02,2.036300000000000221e+00,1.017099999999999893e+00,1.015400000000000080e+00,1.015400000000000080e+00,4.426999999999999824e-01,1.018399999999999972e+00,1.018399999999999972e+00,1.019099999999999895e+00,1.019099999999999895e+00,1.021400000000000086e+00,8.365000000000000213e-01,1.021600000000000064e+00,1.021600000000000064e+00
2.924999999999999822e+00,2.012900000000000134e+00,2.450000000000000094e-02,2.036599999999999966e+00,1.016899999999999915e+00,1.015400000000000080e+00,1.015400000000000080e+00,4.534000000000000252e-01,1.018100000000000005e+00,1.018100000000000005e+00,1.018799999999999928e+00,1.018799999999999928e+00,1.020699999999999941e+00,8.323000000000000398e-01,1.021099999999999897e+00,1.021099999999999897e+00
2.899999999999999911e+00,2.012999999999999901e+00,2.469999999999999973e-02,2.036799999999999944e+00,1.016799999999999926e+00,1.015300000000000091e+00,1.015300000000000091e+00,4.637000000000000011e-01,1.017900000000000027e+00,1.017900000000000027e+00,1.018499999999999961e+00,1.018499999999999961e+00,1.020100000000000007e+00,8.286000000000000032e-01,1.020699999999999941e+00,1.020699999999999941e+00
2.875000000000000000e+00,2.013100000000000112e+00,2.489999999999999852e-02,2.037100000000000133e+00,1.016599999999999948e+00,1.015300000000000091e+00,1.015300000000000091e+00,4.737000000000000099e-01,1.017600000000000060e+00,1.017600000000000060e+00,1.018299999999999983e+00,1.018299999999999983e+00,1.019400000000000084e+00,8.254000000000000226e-01,1.020299999999999985e+00,1.020299999999999985e+00
2.850000000000000089e+00,2.013199999999999878e+00,2.520000000000000018e-02,2.037300000000000111e+00,1.016399999999999970e+00,1.015200000000000102e+00,1.015200000000000102e+00,4.832000000000000184e-01,1.017400000000000082e+00,1.017400000000000082e+00,1.018000000000000016e+00,1.018000000000000016e+00,1.018799999999999928e+00,8.227999999999999758e-01,1.019900000000000029e+00,1.019900000000000029e+00
2.825000000000000178e+00,2.013300000000000090e+00,2.539999999999999897e-02,2.037599999999999856e+00,1.016199999999999992e+00,1.015200000000000102e+00,1.015200000000000102e+00,4.920999999999999819e-01,1.017099999999999893e+00,1.017099999999999893e+00,1.017700000000000049e+00,1.017700000000000049e+00,1.018199999999999994e+00,8.207999999999999741e-01,1.019500000000000073e+00,1.019500000000000073e+00
2.799999999999999822e+00,2.013399999999999856e+00,2.560000000000000123e-02,2.037700000000000067e+00,1.016000000000000014e+00,1.015200000000000102e+00,1.015200000000000102e+00,5.000999999999999890e-01,1.016799999999999926e+00,1.016799999999999926e+00,1.017400000000000082e+00,1.017400000000000082e+00,1.017500000000000071e+00,8.194000000000000172e-01,1.019099999999999895e+00,1.019099999999999895e+00
2.774999999999999911e+00,2.013399999999999856e+00,2.580000000000000002e-02,2.037900000000000045e+00,1.015700000000000047e+00,1.015099999999999891e+00,1.015099999999999891e+00,5.072999999999999732e-01,1.016599999999999948e+00,1.016599999999999948e+00,1.017200000000000104e+00,1.017200000000000104e+00,1.016899999999999915e+00,8.186999999999999833e-01,1.018699999999999939e+00,1.018699999999999939e+00
2.750000000000000000e+00,2.013500000000000068e+00,2.610000000000000167e-02,2.037999999999999812e+00,1.015400000000000080e+00,1.015099999999999891e+00,1.015099999999999891e+00,5.133999999999999675e-01,1.016299999999999981e+00,1.016299999999999981e+00,1.016899999999999915e+00,1.016899999999999915e+00,1.016199999999999992e+00,8.185999999999999943e-01,1.018199999999999994e+00,1.018199999999999994e+00
2.725000000000000089e+00,2.013500000000000068e+00,2.630000000000000046e-02,2.038100000000000023e+00,1.015200000000000102e+00,1.015099999999999891e+00,1.015099999999999891e+00,5.182999999999999829e-01,1.016000000000000014e+00,1.016000000000000014e+00,1.016599999999999948e+00,1.016599999999999948e+00,1.015500000000000069e+00,8.191000000000000503e-01,1.017800000000000038e+00,1.017800000000000038e+00
2.700000000000000178e+00,2.013500000000000068e+00,2.659999999999999865e-02,2.038100000000000023e+00,1.014799999999999924e+00,1.015099999999999891e+00,1.015099999999999891e+00,5.218000000000000416e-01,1.015800000000000036e+00,1.015800000000000036e+00,1.016299999999999981e+00,1.016299999999999981e+00,1.014899999999999913e+00,8.202000000000000401e-01,1.017400000000000082e+00,1.017400000000000082e+00
2.674999999999999822e+00,2.013500000000000068e+00,2.680000000000000090e-02,2.037999999999999812e+00,1.014499999999999957e+00,1.014999999999999902e+00,1.014999999999999902e+00,5.237000000000000544e-01,1.015500000000000069e+00,1.015500000000000069e+00,1.016000000000000014e+00,1.016000000000000014e+00,1.014199999999999990e+00,8.216999999999999860e-01,1.016899999999999915e+00,1.016899999999999915e+00
2.649999999999999911e+00,2.013399999999999856e+00,2.699999999999999969e-02,2.037799999999999834e+00,1.014199999999999990e+00,1.014999999999999902e+00,1.014999999999999902e+00,1.015200000000000102e+00,1.015200000000000102e+00,5.238000000000000433e-01,1.015700000000000047e+00,1.015700000000000047e+00,1.013500000000000068e+00,8.237999999999999767e-01,1.016499999999999959e+00,1.016499999999999959e+00
2.625000000000000000e+00,2.013300000000000090e+00,2.730000000000000135e-02,2.037599999999999856e+00,1.013800000000000034e+00,1.014999999999999902e+00,1.014999999999999902e+00,1.014899999999999913e+00,1.014899999999999913e+00,5.220000000000000195e-01,1.015400000000000080e+00,1.015400000000000080e+00,1.012799999999999923e+00,8.262000000000000455e-01,1.016000000000000014e+00,1.016000000000000014e+00
2.600000000000000089e+00,2.013199999999999878e+00,2.750000000000000014e-02,2.037199999999999900e+00,1.013400000000000079e+00,1.014899999999999913e+00,1.014899999999999913e+00,1.014599999999999946e+00,1.014599999999999946e+00,5.178000000000000380e-01,1.014999999999999902e+00,1.014999999999999902e+00,1.012000000000000011e+00,8.290999999999999481e-01,1.015500000000000069e+00,1.015500000000000069e+00
2.575000000000000178e+00,2.012999999999999901e+00,2.779999999999999832e-02,2.036599999999999966e+00,1.012999999999999901e+00,1.014799999999999924e+00,1.014799999999999924e+00,1.014299999999999979e+00,1.014299999999999979e+00,5.111999999999999877e-01,1.014599999999999946e+00,1.014599999999999946e+00,1.011300000000000088e+00,8.323000000000000398e-01,1.014899999999999913e+00,1.014899999999999913e+00
2.549999999999999822e+00,2.012700000000000156e+00,2.800000000000000058e-02,2.035899999999999821e+00,1.012499999999999956e+00,1.014699999999999935e+00,1.014699999999999935e+00,1.013900000000000023e+00,1.013900000000000023e+00,5.016000000000000458e-01,1.014199999999999990e+00,1.014199999999999990e+00,1.010499999999999954e+00,8.359999999999999654e-01,1.014399999999999968e+00,1.014399999999999968e+00
2.524999999999999911e+00,2.012399999999999967e+00,2.819999999999999937e-02,2.035000000000000142e+00,1.012000000000000011e+00,1.014599999999999946e+00,1.014599999999999946e+00,1.013500000000000068e+00,1.013500000000000068e+00,4.889000000000000012e-01,1.013800000000000034e+00,1.013800000000000034e+00,1.009700000000000042e+00,8.401999999999999469e-01,1.013800000000000034e+00,1.013800000000000034e+00
2.500000000000000000e+00,2.012000000000000011e+00,2.840000000000000163e-02,2.033799999999999830e+00,1.011500000000000066e+00,1.014399999999999968e+00,1.014399999999999968e+00,1.013099999999999890e+00,1.013099999999999890e+00,4.724999999999999756e-01,1.013300000000000090e+00,1.013300000000000090e+00,1.008899999999999908e+00,8.449999999999999734e-01,1.013200000000000101e+00,1.013200000000000101e+00
2.475000000000000089e+00,2.011600000000000055e+00,2.860000000000000042e-02,2.032500000000000195e+00,1.010999999999999899e+00,1.014199999999999990e+00,1.014199999999999990e+00,1.012599999999999945e+00,1.012599999999999945e+00,4.522999999999999798e-01,1.012799999999999923e+00,1.012799999999999923e+00,1.008000000000000007e+00,8.506000000000000227e-01,1.012499999999999956e+00,1.012499999999999956e+00
2.450000000000000178e+00,2.011099999999999888e+00,2.879999999999999921e-02,2.030800000000000161e+00,1.010399999999999965e+00,1.013900000000000023e+00,1.013900000000000023e+00,1.012100000000000000e+00,1.012100000000000000e+00,4.279000000000000026e-01,1.012299999999999978e+00,1.012299999999999978e+00,1.007100000000000106e+00,1.011800000000000033e+00,1.011800000000000033e+00,8.571999999999999620e-01
2.424999999999999822e+00,2.010499999999999954e+00,2.889999999999999861e-02,2.028900000000000148e+00,1.009800000000000031e+00,1.013600000000000056e+00,1.013600000000000056e+00,1.011600000000000055e+00,1.011600000000000055e+00,3.993999999999999773e-01,1.011700000000000044e+00,1.011700000000000044e+00,1.006299999999999972e+00,1.011100000000000110e+00,1.011100000000000110e+00,8.651999999999999691e-01
2.399999999999999911e+00,2.009799999999999809e+00,2.910000000000000087e-02,2.026800000000000157e+00,1.009200000000000097e+00,1.013300000000000090e+00,1.013300000000000090e+00,1.010999999999999899e+00,1.010999999999999899e+00,3.669000000000000039e-01,1.011100000000000110e+00,1.011100000000000110e+00,1.005400000000000071e+00,1.010399999999999965e+00,1.010399999999999965e+00,8.748000000000000220e-01
2.375000000000000000e+00,2.009199999999999875e+00,2.939999999999999905e-02,2.024399999999999977e+00,1.008599999999999941e+00,1.012799999999999923e+00,1.012799999999999923e+00,1.010499999999999954e+00,1.010499999999999954e+00,3.312999999999999834e-01,1.010499999999999954e+00,1.010499999999999954e+00,1.004599999999999937e+00,1.009800000000000031e+00,1.009800000000000031e+00,8.859000000000000208e-01
2.350000000000000089e+00,2.008500000000000174e+00,2.970000000000000070e-02,2.021700000000000053e+00,1.008099999999999996e+00,1.012399999999999967e+00,1.012399999999999967e+00,1.010000000000000009e+00,1.010000000000000009e+00,2.940999999999999726e-01,1.010000000000000009e+00,1.010000000000000009e+00,1.003900000000000015e+00,1.009100000000000108e+00,1.009100000000000108e+00,8.984999999999999654e-01
2.325000000000000178e+00,2.008000000000000007e+00,3.009999999999999828e-02,2.018699999999999939e+00,1.007600000000000051e+00,1.012000000000000011e+00,1.012000000000000011e+00,2.570000000000000062e-01,1.009500000000000064e+00,1.009500000000000064e+00,1.009500000000000064e+00,1.009500000000000064e+00,1.003200000000000092e+00,1.008599999999999941e+00,1.008599999999999941e+00,9.120000000000000329e-01
2.299999999999999822e+00,2.007499999999999840e+00,3.049999999999999933e-02,2.015299999999999869e+00,1.007300000000000084e+00,1.011600000000000055e+00,1.011600000000000055e+00,2.222000000000000086e-01,1.009100000000000108e+00,1.009100000000000108e+00,1.009100000000000108e+00,1.009100000000000108e+00,1.002599999999999936e+00,1.008099999999999996e+00,1.008099999999999996e+00,9.256999999999999673e-01
2.274999999999999911e+00,2.007099999999999884e+00,3.099999999999999978e-02,1.006999999999999895e+00,2.011200000000000099e+00,1.011200000000000099e+00,1.011200000000000099e+00,1.917000000000000093e-01,1.008799999999999919e+00,1.008799999999999919e+00,1.008799999999999919e+00,1.008799999999999919e+00,1.002099999999999991e+00,1.007800000000000029e+00,1.007800000000000029e+00,9.386999999999999789e-01
2.250000000000000000e+00,2.006899999999999906e+00,3.150000000000000022e-02,1.006899999999999906e+00,2.006200000000000205e+00,1.010999999999999899e+00,1.010999999999999899e+00,1.665000000000000091e-01,1.008599999999999941e+00,1.008599999999999941e+00,1.008599999999999941e+00,1.008599999999999941e+00,1.001800000000000024e+00,1.007600000000000051e+00,1.007600000000000051e+00,9.505000000000000115e-01
2.225000000000000089e+00,2.006800000000000139e+00,3.200000000000000067e-02,1.006899999999999906e+00,1.999900000000000011e+00,1.010799999999999921e+00,1.010799999999999921e+00,1.474999999999999922e-01,1.008499999999999952e+00,1.008499999999999952e+00,1.008399999999999963e+00,1.008399999999999963e+00,1.001500000000000057e+00,1.007500000000000062e+00,1.007500000000000062e+00,9.606999999999999984e-01
2.200000000000000178e+00,2.006800000000000139e+00,3.259999999999999704e-02,1.006999999999999895e+00,1.991800000000000015e+00,1.010599999999999943e+00,1.010599999999999943e+00,1.348999999999999921e-01,1.008399999999999963e+00,1.008399999999999963e+00,1.008299999999999974e+00,1.008299999999999974e+00,1.001400000000000068e+00,1.007500000000000062e+00,1.007500000000000062e+00,9.694000000000000394e-01
2.174999999999999822e+00,2.006800000000000139e+00,3.300000000000000155e-02,1.007100000000000106e+00,1.981600000000000028e+00,1.010599999999999943e+00,1.010599999999999943e+00,1.283999999999999864e-01,1.008499999999999952e+00,1.008499999999999952e+00,1.008299999999999974e+00,1.008299999999999974e+00,1.001300000000000079e+00,1.007500000000000062e+00,1.007500000000000062e+00,9.765000000000000346e-01
2.149999999999999911e+00,2.006899999999999906e+00,3.339999999999999913e-02,1.007200000000000095e+00,1.968900000000000095e+00,1.010599999999999943e+00,1.010599999999999943e+00,1.279000000000000137e-01,1.008499999999999952e+00,1.008499999999999952e+00,1.008299999999999974e+00,1.008299999999999974e+00,1.001300000000000079e+00,1.007600000000000051e+00,1.007600000000000051e+00,9.822999999999999510e-01
2.125000000000000000e+00,2.007099999999999884e+00,3.379999999999999671e-02,1.007400000000000073e+00,1.953400000000000025e+00,1.010599999999999943e+00,1.010599999999999943e+00,1.328000000000000014e-01,1.008599999999999941e+00,1.008599999999999941e+00,1.008399999999999963e+00,1.008399999999999963e+00,1.001400000000000068e+00,1.007700000000000040e+00,1.007700000000000040e+00,9.869999999999999885e-01
2.100000000000000089e+00,2.007299999999999862e+00,3.409999999999999837e-02,1.007600000000000051e+00,1.935100000000000042e+00,1.010699999999999932e+00,1.010699999999999932e+00,1.428999999999999992e-01,1.008699999999999930e+00,1.008699999999999930e+00,1.008399999999999963e+00,1.008399999999999963e+00,1.001500000000000057e+00,1.007900000000000018e+00,1.007900000000000018e+00,9.908000000000000140e-01
2.075000000000000178e+00,2.007499999999999840e+00,3.429999999999999716e-02,1.007800000000000029e+00,1.913999999999999924e+00,1.010799999999999921e+00,1.010799999999999921e+00,1.577000000000000068e-01,1.008899999999999908e+00,1.008899999999999908e+00,1.008499999999999952e+00,1.008499999999999952e+00,1.001600000000000046e+00,1.008099999999999996e+00,1.008099999999999996e+00,9.939000000000000057e-01
2.049999999999999822e+00,2.007699999999999818e+00,3.450000000000000289e-02,1.008099999999999996e+00,1.890200000000000102e+00,1.010899999999999910e+00,1.010899999999999910e+00,1.764000000000000012e-01,1.008999999999999897e+00,1.008999999999999897e+00,1.008599999999999941e+00,1.008599999999999941e+00,1.001800000000000024e+00,1.008199999999999985e+00,1.008199999999999985e+00,9.963999999999999524e-01
2.024999999999999911e+00,2.007800000000000029e+00,3.470000000000000168e-02,1.008299999999999974e+00,1.864300000000000068e+00,1.010999999999999899e+00,1.010999999999999899e+00,1.983999999999999930e-01,1.009200000000000097e+00,1.009200000000000097e+00,1.008699999999999930e+00,1.008699999999999930e+00,1.001900000000000013e+00,1.008399999999999963e+00,1.008399999999999963e+00,9.985000000000000542e-01
2.000000000000000000e+00,2.008000000000000007e+00,3.470000000000000168e-02,1.008499999999999952e+00,1.836600000000000010e+00,1.011100000000000110e+00,1.011100000000000110e+00,2.230000000000000038e-01,1.009300000000000086e+00,1.009300000000000086e+00,1.008699999999999930e+00,1.008699999999999930e+00,1.002099999999999991e+00,1.008599999999999941e+00,1.008599999999999941e+00,1.000199999999999978e+00
1.975000000000000089e+00,2.008199999999999985e+00,3.479999999999999760e-02,1.008699999999999930e+00,1.808000000000000052e+00,1.011200000000000099e+00,1.011200000000000099e+00,2.492000000000000048e-01,1.009500000000000064e+00,1.009500000000000064e+00,1.008799999999999919e+00,1.008799999999999919e+00,1.002299999999999969e+00,1.008699999999999930e+00,1.008699999999999930e+00,1.001600000000000046e+00
1.949999999999999956e+00,2.008399999999999963e+00,3.479999999999999760e-02,1.008799999999999919e+00,1.778999999999999915e+00,1.011300000000000088e+00,1.011300000000000088e+00,2.762999999999999901e-01,1.009600000000000053e+00,1.009600000000000053e+00,1.008899999999999908e+00,1.008899999999999908e+00,1.002499999999999947e+00,1.008899999999999908e+00,1.008899999999999908e+00,1.002799999999999914e+00
1.925000000000000044e+00,2.008599999999999941e+00,3.479999999999999760e-02,1.008999999999999897e+00,1.750199999999999978e+00,1.011400000000000077e+00,1.011400000000000077e+00,3.035999999999999810e-01,1.009700000000000042e+00,1.009700000000000042e+00,1.009100000000000108e+00,1.009100000000000108e+00,1.002599999999999936e+00,1.008999999999999897e+00,1.008999999999999897e+00,1.003800000000000026e+00
1.899999999999999911e+00,2.008700000000000152e+00,3.470000000000000168e-02,1.009100000000000108e+00,1.722299999999999942e+00,1.011400000000000077e+00,1.011400000000000077e+00,1.009800000000000031e+00,1.009800000000000031e+00,3.302999999999999825e-01,1.009200000000000097e+00,1.009200000000000097e+00,1.002799999999999914e+00,1.009100000000000108e+00,1.009100000000000108e+00,1.004599999999999937e+00
1.875000000000000000e+00,2.008799999999999919e+00,3.459999999999999881e-02,1.009200000000000097e+00,1.695799999999999974e+00,1.011300000000000088e+00,1.011300000000000088e+00,1.009900000000000020e+00,1.009900000000000020e+00,3.558999999999999941e-01,1.009300000000000086e+00,1.009300000000000086e+00,1.002999999999999892e+00,1.009200000000000097e+00,1.009200000000000097e+00,1.005300000000000082e+00
1.850000000000000089e+00,2.008900000000000130e+00,3.450000000000000289e-02,1.009300000000000086e+00,1.670800000000000063e+00,1.011300000000000088e+00,1.011300000000000088e+00,1.010000000000000009e+00,1.010000000000000009e+00,3.800000000000000044e-01,1.009500000000000064e+00,1.009500000000000064e+00,1.003100000000000103e+00,1.009300000000000086e+00,1.009300000000000086e+00,1.005800000000000027e+00
1.824999999999999956e+00,2.008999999999999897e+00,3.440000000000000002e-02,1.009400000000000075e+00,1.647799999999999931e+00,1.011200000000000099e+00,1.011200000000000099e+00,1.010000000000000009e+00,1.010000000000000009e+00,4.022999999999999909e-01,1.009600000000000053e+00,1.009600000000000053e+00,1.003200000000000092e+00,1.009400000000000075e+00,1.009400000000000075e+00,1.006299999999999972e+00
1.800000000000000044e+00,2.009100000000000108e+00,3.429999999999999716e-02,1.009400000000000075e+00,1.627000000000000002e+00,1.011200000000000099e+00,1.011200000000000099e+00,1.010099999999999998e+00,1.010099999999999998e+00,4.225999999999999757e-01,1.009700000000000042e+00,1.009700000000000042e+00,1.003300000000000081e+00,1.009500000000000064e+00,1.009500000000000064e+00,1.006699999999999928e+00
1.774999999999999911e+00,2.009100000000000108e+00,3.420000000000000123e-02,1.009400000000000075e+00,1.608300000000000063e+00,1.011100000000000110e+00,1.011100000000000110e+00,1.010099999999999998e+00,1.010099999999999998e+00,4.406999999999999806e-01,1.009700000000000042e+00,1.009700000000000042e+00,1.003400000000000070e+00,1.009500000000000064e+00,1.009500000000000064e+00,1.006999999999999895e+00
1.750000000000000000e+00,2.009199999999999875e+00,3.409999999999999837e-02,1.009400000000000075e+00,1.591900000000000093e+00,1.010999999999999899e+00,1.010999999999999899e+00,1.010099999999999998e+00,1.010099999999999998e+00,4.566000000000000059e-01,1.009800000000000031e+00,1.009800000000000031e+00,1.003500000000000059e+00,1.009500000000000064e+00,1.009500000000000064e+00,1.007300000000000084e+00
1.725000000000000089e+00,2.009199999999999875e+00,3.400000000000000244e-02,1.009400000000000075e+00,1.010899999999999910e+00,1.010899999999999910e+00,1.577700000000000102e+00,1.010000000000000009e+00,1.010000000000000009e+00,4.702999999999999958e-01,1.009800000000000031e+00,1.009800000000000031e+00,1.003500000000000059e+00,1.009500000000000064e+00,1.009500000000000064e+00,1.007500000000000062e+00
1.699999999999999956e+00,2.009100000000000108e+00,3.389999999999999958e-02,1.009300000000000086e+00,1.010799999999999921e+00,1.010799999999999921e+00,1.565700000000000092e+00,1.010000000000000009e+00,1.010000000000000009e+00,4.818000000000000060e-01,1.009800000000000031e+00,1.009800000000000031e+00,1.003500000000000059e+00,1.009400000000000075e+00,1.009400000000000075e+00,1.007600000000000051e+00
1.675000000000000044e+00,2.009100000000000108e+00,3.379999999999999671e-02,1.009200000000000097e+00,1.010699999999999932e+00,1.010699999999999932e+00,1.555800000000000072e+00,1.009900000000000020e+00,1.009900000000000020e+00,4.910999999999999810e-01,1.009800000000000031e+00,1.009800000000000031e+00,1.003500000000000059e+00,1.009400000000000075e+00,1.009400000000000075e+00,1.007700000000000040e+00
1.649999999999999911e+00,2.008999999999999897e+00,3.370000000000000079e-02,1.009100000000000108e+00,1.010599999999999943e+00,1.010599999999999943e+00,1.548000000000000043e+00,1.009800000000000031e+00,1.009800000000000031e+00,4.983000000000000207e-01,1.009700000000000042e+00,1.009700000000000042e+00,1.003500000000000059e+00,1.009300000000000086e+00,1.009300000000000086e+00,1.007800000000000029e+00
1.625000000000000000e+00,2.008900000000000130e+00,3.359999999999999792e-02,1.008999999999999897e+00,1.010399999999999965e+00,1.010399999999999965e+00,1.542200000000000015e+00,1.009800000000000031e+00,1.009800000000000031e+00,5.034999999999999476e-01,1.009700000000000042e+00,1.009700000000000042e+00,1.003400000000000070e+00,1.009200000000000097e+00,1.009200000000000097e+00,1.007800000000000029e+00
1.600000000000000089e+00,2.008799999999999919e+00,3.359999999999999792e-02,1.008799999999999919e+00,1.010299999999999976e+00,1.010299999999999976e+00,1.538300000000000001e+00,1.009600000000000053e+00,1.009600000000000053e+00,5.068000000000000282e-01,1.009600000000000053e+00,1.009600000000000053e+00,1.003300000000000081e+00,1.009100000000000108e+00,1.009100000000000108e+00,1.007800000000000029e+00
1.574999999999999956e+00,2.008700000000000152e+00,3.359999999999999792e-02,1.008599999999999941e+00,1.010099999999999998e+00,1.010099999999999998e+00,1.536299999999999999e+00,1.009500000000000064e+00,1.009500000000000064e+00,5.080999999999999961e-01,1.009500000000000064e+00,1.009500000000000064e+00,1.003200000000000092e+00,1.008999999999999897e+00,1.008999999999999897e+00,1.007800000000000029e+00
1.550000000000000044e+00,2.008599999999999941e+00,3.370000000000000079e-02,1.008399999999999963e+00,1.010000000000000009e+00,1.010000000000000009e+00,1.536200000000000010e+00,1.009400000000000075e+00,1.009400000000000075e+00,5.074999999999999512e-01,1.002999999999999892e+00,1.009400000000000075e+00,1.009400000000000075e+00,1.008799999999999919e+00,1.008799999999999919e+00,1.007700000000000040e+00
1.524999999999999911e+00,2.008399999999999963e+00,3.370000000000000079e-02,1.008199999999999985e+00,1.009800000000000031e+00,1.009800000000000031e+00,1.537900000000000045e+00,1.009200000000000097e+00,1.009200000000000097e+00,5.050999999999999934e-01,1.002899999999999903e+00,1.009200000000000097e+00,1.009200000000000097e+00,1.008699999999999930e+00,1.008699999999999930e+00,1.007600000000000051e+00
