5.000000000000000000e+00,-5.812498704806999967e+02,-5.812492804500000148e+02,-5.812469815499999868e+02,-5.810405638600000202e+02,-5.810347906599999988e+02,-5.810290927099999863e+02,-5.810290891399999964e+02,-5.810239481400000159e+02,-5.810239425299999994e+02,-5.810234965099999727e+02,-5.810234878100000060e+02,-5.810233016399999997e+02,-5.810232938100000410e+02,-5.810080860199999506e+02,-5.810046913500000301e+02,-5.809844863299999815e+02
4.974999999999999645e+00,-5.812498158399999966e+02,-5.812493662599999880e+02,-5.812469249600000012e+02,-5.810408058100000517e+02,-5.810349700100000518e+02,-5.810292530200000556e+02,-5.810292494699999679e+02,-5.810239025600000105e+02,-5.810238969099999622e+02,-5.810234522900000229e+02,-5.810234435800000483e+02,-5.810232492500000490e+02,-5.810232414500000004e+02,-5.810082855499999823e+02,-5.810048829099999921e+02,-5.809845909399999755e+02
4.950000000000000178e+00,-5.812497580699999844e+02,-5.812494572000000517e+02,-5.812468650600000046e+02,-5.810410489199999802e+02,-5.810351561500000344e+02,-5.810294196999999485e+02,-5.810294161799999983e+02,-5.810238562299999785e+02,-5.810238505400000122e+02,-5.810234061700000439e+02,-5.810233974599999556e+02,-5.810231949100000293e+02,-5.810231871199999887e+02,-5.810084799999999632e+02,-5.810050739399999884e+02,-5.809846997199999805e+02
4.924999999999999822e+00,-5.812496969799999533e+02,-5.812495536300000367e+02,-5.812468017400000235e+02,-5.810412929899999881e+02,-5.810353492799999913e+02,-5.810295929999999771e+02,-5.810295895000000428e+02,-5.810238091600000416e+02,-5.810238034400000515e+02,-5.810233578999999509e+02,-5.810233491999999842e+02,-5.810231384999999591e+02,-5.810231307300000481e+02,-5.810086692700000413e+02,-5.810052643599999556e+02,-5.809848128899999438e+02
4.900000000000000355e+00,-5.812496323999999959e+02,-5.812496558799999775e+02,-5.812467348300000367e+02,-5.810415377699999908e+02,-5.810355495000000019e+02,-5.810297731299999668e+02,-5.810297696600000563e+02,-5.810237613699999883e+02,-5.810237556299999824e+02,-5.810233073900000136e+02,-5.810232986900000469e+02,-5.810230800000000499e+02,-5.810230722400000332e+02,-5.810088532299999997e+02,-5.810054540200000019e+02,-5.809849306800000477e+02
4.875000000000000000e+00,-5.812495641299999534e+02,-5.812497642499999984e+02,-5.812466641299999992e+02,-5.810417830200000253e+02,-5.810357568800000081e+02,-5.810299602899999627e+02,-5.810299568499999623e+02,-5.810237129099999720e+02,-5.810237071400000559e+02,-5.810232545300000311e+02,-5.810232458200000565e+02,-5.810230193700000427e+02,-5.810230116100000259e+02,-5.810090317799999866e+02,-5.810056427299999768e+02,-5.809850533100000121e+02
4.849999999999999645e+00,-5.812494919800000162e+02,-5.812498790700000200e+02,-5.812465894299999718e+02,-5.810420284900000070e+02,-5.810359714899999517e+02,-5.810301547000000255e+02,-5.810301512800000410e+02,-5.810236638100000164e+02,-5.810236580299999787e+02,-5.810231992000000218e+02,-5.810231905000000552e+02,-5.810229565700000194e+02,-5.810229488100000026e+02,-5.810092048300000442e+02,-5.810058302700000468e+02,-5.809851810300000352e+02
4.825000000000000178e+00,-5.812494157200000018e+02,-5.812500006799999710e+02,-5.812465105300000232e+02,-5.810422739299999648e+02,-5.810361933499999623e+02,-5.810303565599999729e+02,-5.810303531700000121e+02,-5.810236141499999576e+02,-5.810236083600000256e+02,-5.810231413100000282e+02,-5.810231326000000536e+02,-5.810228915599999482e+02,-5.810228837900000372e+02,-5.810093723400000272e+02,-5.810060163900000134e+02,-5.809853140500000563e+02
4.799999999999999822e+00,-5.812493351499999790e+02,-5.812501294500000313e+02,-5.812464271799999551e+02,-5.810425190700000257e+02,-5.810364224899999499e+02,-5.810305660999999873e+02,-5.810305627400000503e+02,-5.810235640199999807e+02,-5.810235582200000408e+02,-5.810230807200000527e+02,-5.810230720099999644e+02,-5.810228242599999930e+02,-5.810228164799999604e+02,-5.810095342500000015e+02,-5.810062008099999957e+02,-5.809854526399999486e+02
4.775000000000000355e+00,-5.812492500099999688e+02,-5.812502657500000396e+02,-5.812463391600000477e+02,-5.810427636599999914e+02,-5.810366588900000124e+02,-5.810307835200000000e+02,-5.810307801899999731e+02,-5.810235135100000434e+02,-5.810235077099999899e+02,-5.810230173200000081e+02,-5.810230086200000414e+02,-5.810227546099999927e+02,-5.810227468199999521e+02,-5.810096905699999752e+02,-5.810063831899999514e+02,-5.809855970200000002e+02
4.750000000000000000e+00,-5.812491600700000163e+02,-5.812504099599999563e+02,-5.812462461999999732e+02,-5.810430074700000205e+02,-5.810369025300000203e+02,-5.810310090299999501e+02,-5.810310057299999471e+02,-5.810234627700000374e+02,-5.810234569699999838e+02,-5.810229509900000266e+02,-5.810229422800000521e+02,-5.810226825299999973e+02,-5.810226747100000466e+02,-5.810098413099999561e+02,-5.810065631500000336e+02,-5.809857474699999784e+02
4.724999999999999645e+00,-5.812490650700000288e+02,-5.812505625100000088e+02,-5.812461480599999959e+02,-5.810432502400000203e+02,-5.810371533400000317e+02,-5.810312428400000044e+02,-5.810312395800000331e+02,-5.810234119499999679e+02,-5.810234061700000439e+02,-5.810228815799999893e+02,-5.810228728700000147e+02,-5.810226079000000254e+02,-5.810226000599999452e+02,-5.810099865299999919e+02,-5.810067402800000309e+02,-5.809859559899999795e+02
4.700000000000000178e+00,-5.812489647400000194e+02,-5.812507237900000518e+02,-5.812460444399999915e+02,-5.810434917400000359e+02,-5.810374112299999751e+02,-5.810314851699999963e+02,-5.810314819300000408e+02,-5.810233612600000015e+02,-5.810233554899999717e+02,-5.810228089600000203e+02,-5.810228002500000457e+02,-5.810225305999999819e+02,-5.810225227199999836e+02,-5.810101262900000165e+02,-5.810069140800000014e+02,-5.809861753400000453e+02
4.674999999999999822e+00,-5.812488587799999777e+02,-5.812508942599999955e+02,-5.812459350599999652e+02,-5.810437317500000063e+02,-5.810376761100000067e+02,-5.810317362199999707e+02,-5.810317330100000390e+02,-5.810233109199999717e+02,-5.810233051599999499e+02,-5.810227329900000086e+02,-5.810227242800000340e+02,-5.810224504699999670e+02,-5.810224425599999449e+02,-5.810102607000000035e+02,-5.810070840199999793e+02,-5.809863997999999583e+02
4.650000000000000355e+00,-5.812487469000000146e+02,-5.812510743699999693e+02,-5.812458196200000202e+02,-5.810439700599999924e+02,-5.810379478199999994e+02,-5.810319961799999646e+02,-5.810319930099999510e+02,-5.810232611899999711e+02,-5.810232554599999730e+02,-5.810226535199999489e+02,-5.810226448099999743e+02,-5.810223673499999677e+02,-5.810223593900000196e+02,-5.810103899099999580e+02,-5.810072494999999435e+02,-5.809866295099999434e+02
4.625000000000000000e+00,-5.812486287899999979e+02,-5.812512645799999973e+02,-5.812456977800000004e+02,-5.810442064899999650e+02,-5.810382262099999480e+02,-5.810322652700000390e+02,-5.810322621300000492e+02,-5.810232124000000340e+02,-5.810232066999999461e+02,-5.810225703800000474e+02,-5.810225616699999591e+02,-5.810222810100000288e+02,-5.810222730100000490e+02,-5.810105140699999993e+02,-5.810074098400000366e+02,-5.809868646400000216e+02
4.599999999999999645e+00,-5.812485041099999989e+02,-5.812514653900000212e+02,-5.812455692300000010e+02,-5.810444408800000247e+02,-5.810385110800000348e+02,-5.810325436699999955e+02,-5.810325405600000295e+02,-5.810231648899999755e+02,-5.810231592100000171e+02,-5.810224834199999577e+02,-5.810224747099999831e+02,-5.810221912399999837e+02,-5.810221831899999643e+02,-5.810106333799999447e+02,-5.810075643000000127e+02,-5.809871053699999948e+02
4.575000000000000178e+00,-5.812483725099999674e+02,-5.812516772999999830e+02,-5.812454335899999478e+02,-5.810446730899999466e+02,-5.810388022099999716e+02,-5.810328315799999928e+02,-5.810328285000000506e+02,-5.810231190299999753e+02,-5.810231133800000407e+02,-5.810223924699999998e+02,-5.810223837600000252e+02,-5.810220977799999673e+02,-5.810220896800000219e+02,-5.810107480799999848e+02,-5.810077120500000092e+02,-5.809873518900000136e+02
4.549999999999999822e+00,-5.812482336299999588e+02,-5.812519008299999541e+02,-5.812452905100000180e+02,-5.810449030199999925e+02,-5.810390993600000229e+02,-5.810331291799999462e+02,-5.810331261300000278e+02,-5.810230752600000415e+02,-5.810230696400000170e+02,-5.810222973400000228e+02,-5.810222886300000482e+02,-5.810220003599999927e+02,-5.810219922100000076e+02,-5.810108584099999689e+02,-5.810078521799999862e+02,-5.809876043900000013e+02
4.525000000000000355e+00,-5.812480871000000207e+02,-5.812521365100000139e+02,-5.812451396000000159e+02,-5.810451305899999852e+02,-5.810394022599999744e+02,-5.810334366399999908e+02,-5.810334336299999904e+02,-5.810230340299999625e+02,-5.810230284499999698e+02,-5.810221978700000136e+02,-5.810221891600000390e+02,-5.810218986700000414e+02,-5.810218904700000166e+02,-5.810109646700000212e+02,-5.810079836899999464e+02,-5.809878631000000269e+02
4.500000000000000000e+00,-5.812479325000000472e+02,-5.812523849100000461e+02,-5.812449804399999493e+02,-5.810453557800000226e+02,-5.810397106000000349e+02,-5.810337541500000498e+02,-5.810337511699999595e+02,-5.810229958300000135e+02,-5.810229902800000445e+02,-5.810220938400000250e+02,-5.810220851300000504e+02,-5.810217923999999812e+02,-5.810217841500000304e+02,-5.810110671700000466e+02,-5.810081054900000481e+02,-5.809881282500000452e+02
4.474999999999999645e+00,-5.812477694200000542e+02,-5.812526465800000324e+02,-5.812448126199999479e+02,-5.810455786100000068e+02,-5.810400240799999665e+02,-5.810340818600000148e+02,-5.810340789199999563e+02,-5.810229611800000384e+02,-5.810229556599999796e+02,-5.810219850800000359e+02,-5.810219763699999476e+02,-5.810216812300000129e+02,-5.810216729300000225e+02,-5.810111662499999738e+02,-5.810082163800000217e+02,-5.809884000700000115e+02
4.450000000000000178e+00,-5.812475974200000337e+02,-5.812529221199999938e+02,-5.812446356799999876e+02,-5.810457991600000014e+02,-5.810403423400000520e+02,-5.810344199300000128e+02,-5.810344170199999780e+02,-5.810229306200000110e+02,-5.810229251299999760e+02,-5.810218713599999774e+02,-5.810218626500000028e+02,-5.810215648099999726e+02,-5.810215564600000562e+02,-5.810112622699999747e+02,-5.810083150399999568e+02,-5.809886788200000183e+02
4.424999999999999822e+00,-5.812474160399999619e+02,-5.812532121199999438e+02,-5.812444491600000447e+02,-5.810460175299999719e+02,-5.810406650300000138e+02,-5.810347685100000490e+02,-5.810347656300000381e+02,-5.810229047100000344e+02,-5.810228992500000231e+02,-5.810217524900000399e+02,-5.810217437799999516e+02,-5.810214428000000453e+02,-5.810214344199999914e+02,-5.810113556300000255e+02,-5.810084000599999854e+02,-5.809889647600000444e+02
4.400000000000000355e+00,-5.812472248000000263e+02,-5.812535172000000330e+02,-5.812442525699999578e+02,-5.810462339399999792e+02,-5.810409917399999813e+02,-5.810351277299999992e+02,-5.810351248900000201e+02,-5.810228840400000081e+02,-5.810228786000000127e+02,-5.810216282300000330e+02,-5.810216195199999447e+02,-5.810213148599999613e+02,-5.810213064299999814e+02,-5.810114467399999967e+02,-5.810084699000000228e+02,-5.809892581799999789e+02
4.375000000000000000e+00,-5.812470231900000499e+02,-5.812538379999999734e+02,-5.812440454000000045e+02,-5.810464486099999704e+02,-5.810413220699999783e+02,-5.810354977299999746e+02,-5.810354949200000192e+02,-5.810228691999999455e+02,-5.810228637899999740e+02,-5.810214983500000017e+02,-5.810214896400000271e+02,-5.810211806300000035e+02,-5.810211721699999998e+02,-5.810115360199999941e+02,-5.810085229000000027e+02,-5.809895593700000518e+02
4.349999999999999645e+00,-5.812468106799999532e+02,-5.812541751600000453e+02,-5.812438271099999838e+02,-5.810466618899999958e+02,-5.810416556000000128e+02,-5.810358786100000543e+02,-5.810358758500000249e+02,-5.810228608099999974e+02,-5.810228554100000338e+02,-5.810213626299999987e+02,-5.810213539100000162e+02,-5.810210397600000078e+02,-5.810210312599999725e+02,-5.810116239300000416e+02,-5.810085572699999830e+02,-5.809898686200000384e+02
4.325000000000000178e+00,-5.812465867199999821e+02,-5.812545293299999685e+02,-5.812435971500000278e+02,-5.810468741500000078e+02,-5.810419918699999471e+02,-5.810362705000000005e+02,-5.810362677599999870e+02,-5.810228594799999655e+02,-5.810228541000000178e+02,-5.810212208000000373e+02,-5.810212120899999491e+02,-5.810208918900000299e+02,-5.810208833599999707e+02,-5.810117109300000493e+02,-5.810085710900000322e+02,-5.809901862499999652e+02
4.299999999999999822e+00,-5.812463507200000095e+02,-5.812549008700000286e+02,-5.812433545999999751e+02,-5.810470856099999537e+02,-5.810423301099999662e+02,-5.810366732500000353e+02,-5.810366705500000535e+02,-5.810228656599999795e+02,-5.810228602900000396e+02,-5.810210730400000330e+02,-5.810210643200000504e+02,-5.810207369900000458e+02,-5.810207284299999628e+02,-5.810117972799999961e+02,-5.810085619899999756e+02,-5.809905122500000516e+02
4.275000000000000355e+00,-5.812461021000000301e+02,-5.812552910599999905e+02,-5.812430994699999474e+02,-5.810472973500000080e+02,-5.810426704499999460e+02,-5.810370873800000027e+02,-5.810370847100000447e+02,-5.810228803600000447e+02,-5.810228750100000070e+02,-5.810209182900000542e+02,-5.810209095699999580e+02,-5.810205740899999682e+02,-5.810205655099999831e+02,-5.810118838800000276e+02,-5.810085284100000536e+02,-5.809908475900000440e+02
4.250000000000000000e+00,-5.812458401999999751e+02,-5.812557003099999520e+02,-5.812428308300000026e+02,-5.810475097199999936e+02,-5.810430121000000554e+02,-5.810375127500000190e+02,-5.810375101199999790e+02,-5.810229040599999735e+02,-5.810228987199999438e+02,-5.810207566300000508e+02,-5.810207479199999625e+02,-5.810204030899999452e+02,-5.810203944899999442e+02,-5.810119710200000327e+02,-5.810084677199999987e+02,-5.809911922799999502e+02
4.224999999999999645e+00,-5.812455643800000189e+02,-5.812561293100000057e+02,-5.812425480000000562e+02,-5.810477234500000350e+02,-5.810433545399999957e+02,-5.810379494200000181e+02,-5.810379468200000019e+02,-5.810229374299999563e+02,-5.810229321100000561e+02,-5.810205878199999461e+02,-5.810205790999999635e+02,-5.810202236400000402e+02,-5.810202150200000233e+02,-5.810120591800000511e+02,-5.810083774900000435e+02,-5.809915466600000400e+02
4.200000000000000178e+00,-5.812452739399999473e+02,-5.812565787600000249e+02,-5.812422502800000075e+02,-5.810479393099999470e+02,-5.810436972500000365e+02,-5.810383974200000239e+02,-5.810383948600000394e+02,-5.810229811399999562e+02,-5.810229758200000560e+02,-5.810204115499999489e+02,-5.810204028399999743e+02,-5.810200353499999437e+02,-5.810200267200000326e+02,-5.810121488700000327e+02,-5.810082551399999602e+02,-5.809919110600000067e+02
4.174999999999999822e+00,-5.812449681599999849e+02,-5.812570493800000122e+02,-5.812419369499999675e+02,-5.810481581499999493e+02,-5.810440397099999927e+02,-5.810388567899999543e+02,-5.810388542599999937e+02,-5.810230358500000420e+02,-5.810230305500000441e+02,-5.810202275499999587e+02,-5.810202188299999762e+02,-5.810198378300000286e+02,-5.810198291799999879e+02,-5.810122405500000013e+02,-5.810080979800000023e+02,-5.809922858300000144e+02
4.150000000000000355e+00,-5.812446462799999836e+02,-5.812575418699999545e+02,-5.812416072400000076e+02,-5.810483808899999758e+02,-5.810443813699999964e+02,-5.810393275300000369e+02,-5.810393250299999863e+02,-5.810231022599999733e+02,-5.810230969599999753e+02,-5.810200354900000548e+02,-5.810200267699999586e+02,-5.810196306799999775e+02,-5.810196220200000425e+02,-5.810123347200000126e+02,-5.810079032200000029e+02,-5.809926712799999677e+02
4.125000000000000000e+00,-5.812443075200000067e+02,-5.812580569599999762e+02,-5.812412603599999557e+02,-5.810486085100000082e+02,-5.810447216799999524e+02,-5.810398096400000441e+02,-5.810398071800000253e+02,-5.810231810300000461e+02,-5.810231757400000561e+02,-5.810198350900000150e+02,-5.810198263700000325e+02,-5.810194134800000256e+02,-5.810194048099999691e+02,-5.810124318299999686e+02,-5.810076679600000489e+02,-5.809930677400000150e+02
4.099999999999999645e+00,-5.812439510599999721e+02,-5.812585953499999505e+02,-5.812408954899999571e+02,-5.810488420399999541e+02,-5.810450600699999768e+02,-5.810403030999999601e+02,-5.810403006699999651e+02,-5.810232728299999962e+02,-5.810232675600000221e+02,-5.810196260100000245e+02,-5.810196172900000420e+02,-5.810191857999999456e+02,-5.810191771199999948e+02,-5.810125323400000070e+02,-5.810073892499999602e+02,-5.809934755299999551e+02
4.075000000000000178e+00,-5.812435760500000015e+02,-5.812591577599999937e+02,-5.812405117499999960e+02,-5.810490825199999563e+02,-5.810453959699999587e+02,-5.810408078799999885e+02,-5.810408054900000252e+02,-5.810233783400000220e+02,-5.810233730800000558e+02,-5.810194079499999589e+02,-5.810193992299999763e+02,-5.810189471999999569e+02,-5.810189385099999981e+02,-5.810126366599999983e+02,-5.810070640599999479e+02,-5.809938949300000104e+02
4.049999999999999822e+00,-5.812431815899999492e+02,-5.812597448899999790e+02,-5.812401082500000484e+02,-5.810493310499999779e+02,-5.810457288300000300e+02,-5.810413239299999759e+02,-5.810413215600000285e+02,-5.810234981999999491e+02,-5.810234929599999987e+02,-5.810191805800000111e+02,-5.810191718600000286e+02,-5.810186972000000196e+02,-5.810186885099999472e+02,-5.810127451900000324e+02,-5.810066893399999799e+02,-5.809943262399999639e+02
4.025000000000000355e+00,-5.812427667499999870e+02,-5.812603574299999991e+02,-5.812396840400000428e+02,-5.810495887199999743e+02,-5.810460580599999503e+02,-5.810418511699999726e+02,-5.810418488399999433e+02,-5.810236330400000497e+02,-5.810236278099999936e+02,-5.810189435800000410e+02,-5.810189348599999448e+02,-5.810184353399999964e+02,-5.810184266400000297e+02,-5.810128583099999560e+02,-5.810062620700000480e+02,-5.809947697100000141e+02
4.000000000000000000e+00,-5.812423305700000356e+02,-5.812609960900000488e+02,-5.812392381600000135e+02,-5.810498565999999983e+02,-5.810463830800000551e+02,-5.810423895200000288e+02,-5.810423872200000233e+02,-5.810237834800000201e+02,-5.810237782699999798e+02,-5.810186966100000063e+02,-5.810186878900000238e+02,-5.810181611100000509e+02,-5.810181524099999706e+02,-5.810129763600000388e+02,-5.810057792600000539e+02,-5.809952255599999944e+02
3.975000000000000089e+00,-5.812418720399999756e+02,-5.812616615199999615e+02,-5.812387695899999471e+02,-5.810501357499999813e+02,-5.810467033099999981e+02,-5.810429388799999515e+02,-5.810429365999999618e+02,-5.810239500899999712e+02,-5.810239448999999468e+02,-5.810184393700000101e+02,-5.810184306400000196e+02,-5.810178740000000062e+02,-5.810178652900000316e+02,-5.810130996200000482e+02,-5.810052380700000185e+02,-5.809956940099999656e+02
3.950000000000000178e+00,-5.812413900999999896e+02,-5.812623543800000334e+02,-5.812382772600000180e+02,-5.810504271900000504e+02,-5.810470181800000091e+02,-5.810434991099999706e+02,-5.810434968700000127e+02,-5.810241334300000062e+02,-5.810241282700000056e+02,-5.810181715200000099e+02,-5.810181628000000273e+02,-5.810175734700000021e+02,-5.810175647600000275e+02,-5.810132283499999630e+02,-5.810046359299999494e+02,-5.809961751900000309e+02
3.924999999999999822e+00,-5.812408836700000165e+02,-5.812630753199999845e+02,-5.812377600800000437e+02,-5.810507318799999439e+02,-5.810473270899999534e+02,-5.810440700899999911e+02,-5.810440678700000490e+02,-5.810243340099999614e+02,-5.810243288699999766e+02,-5.810178927599999952e+02,-5.810178840400000126e+02,-5.810172589600000492e+02,-5.810172502399999530e+02,-5.810133627699999579e+02,-5.810039706899999601e+02,-5.809966692399999602e+02
3.899999999999999911e+00,-5.812403516099999479e+02,-5.812638249499999574e+02,-5.812372169000000213e+02,-5.810510507000000189e+02,-5.810476294899999630e+02,-5.810446516399999837e+02,-5.810446494499999517e+02,-5.810245522799999662e+02,-5.810245471700000053e+02,-5.810176028099999712e+02,-5.810175940899999887e+02,-5.810169299000000365e+02,-5.810169211800000539e+02,-5.810135030200000301e+02,-5.810032411700000239e+02,-5.809971761900000047e+02
3.875000000000000000e+00,-5.812397927299999765e+02,-5.812646038399999497e+02,-5.812366465300000300e+02,-5.810513844500000005e+02,-5.810479247900000246e+02,-5.810452435900000410e+02,-5.810452414300000328e+02,-5.810247886800000288e+02,-5.810247835899999700e+02,-5.810173013899999432e+02,-5.810172926799999686e+02,-5.810165856800000483e+02,-5.810165769599999521e+02,-5.810136492000000317e+02,-5.810024481799999876e+02,-5.809976960499999450e+02
3.850000000000000089e+00,-5.812392058200000520e+02,-5.812654125599999588e+02,-5.812360477400000036e+02,-5.810517338399999971e+02,-5.810482124400000430e+02,-5.810458457400000043e+02,-5.810458436000000120e+02,-5.810250435599999719e+02,-5.810250385000000506e+02,-5.810169882799999641e+02,-5.810169795699999895e+02,-5.810162256900000557e+02,-5.810162169599999515e+02,-5.810138013700000101e+02,-5.810015978000000132e+02,-5.809982287200000428e+02
3.825000000000000178e+00,-5.812385895899999468e+02,-5.812662516399999504e+02,-5.812354192300000477e+02,-5.810520994700000301e+02,-5.810484918800000287e+02,-5.810464578500000243e+02,-5.810464557400000558e+02,-5.810253172200000336e+02,-5.810253121900000224e+02,-5.810166633000000047e+02,-5.810166546000000380e+02,-5.810158492900000056e+02,-5.810158405600000151e+02,-5.810139595000000554e+02,-5.810007135099999687e+02,-5.809987740100000337e+02
3.799999999999999822e+00,-5.812379427099999702e+02,-5.812671215499999562e+02,-5.812347596800000247e+02,-5.810524818200000254e+02,-5.810487625700000081e+02,-5.810470796900000323e+02,-5.810470776099999739e+02,-5.810256099099999574e+02,-5.810256049199999779e+02,-5.810163263399999778e+02,-5.810163176400000111e+02,-5.810154558100000486e+02,-5.810154470799999444e+02,-5.810141235099999903e+02,-5.809998967200000379e+02,-5.809993316100000129e+02
3.774999999999999911e+00,-5.812372638199999528e+02,-5.812680227299999842e+02,-5.812340676999999687e+02,-5.810528812699999435e+02,-5.810490239700000075e+02,-5.810477109900000414e+02,-5.810477089299999989e+02,-5.810259218200000078e+02,-5.810259168600000521e+02,-5.810159773899999891e+02,-5.810159687000000304e+02,-5.810150445699999864e+02,-5.810150358299999880e+02,-5.810142932600000449e+02,-5.809999010599999565e+02,-5.809998988600000303e+02
3.750000000000000000e+00,-5.812365514800000028e+02,-5.812689556000000266e+02,-5.812333418499999880e+02,-5.810532980599999746e+02,-5.810492755699999634e+02,-5.810483514500000410e+02,-5.810483494100000144e+02,-5.810262530500000366e+02,-5.810262481199999911e+02,-5.810156166000000439e+02,-5.810156079299999874e+02,-5.810146148500000436e+02,-5.810146061100000452e+02,-5.810144685200000367e+02,-5.810004817100000309e+02,-5.810004795099999910e+02
3.725000000000000089e+00,-5.812358042199999772e+02,-5.812699204799999961e+02,-5.812325806500000454e+02,-5.810537323199999946e+02,-5.810495168800000556e+02,-5.810490007500000047e+02,-5.810489987400000018e+02,-5.810266036399999621e+02,-5.810265987499999483e+02,-5.810152443099999573e+02,-5.810152356600000303e+02,-5.810146489999999631e+02,-5.810141659299999901e+02,-5.810141571899999917e+02,-5.810010726100000511e+02,-5.810010704100000112e+02
3.700000000000000178e+00,-5.812350204900000108e+02,-5.812709176800000250e+02,-5.812317825500000481e+02,-5.810541840700000193e+02,-5.810497474200000170e+02,-5.810496585600000117e+02,-5.810496565600000167e+02,-5.810269735699999956e+02,-5.810269687200000135e+02,-5.810148611900000333e+02,-5.810148525600000085e+02,-5.810148343299999851e+02,-5.810136970500000189e+02,-5.810136883100000205e+02,-5.810016724800000247e+02,-5.810016702799999848e+02
3.674999999999999822e+00,-5.812341986999999790e+02,-5.812719474299999547e+02,-5.812309459499999775e+02,-5.810546531999999615e+02,-5.810503244999999879e+02,-5.810503225300000167e+02,-5.810499667300000510e+02,-5.810273627300000499e+02,-5.810273579299999938e+02,-5.810150240899999972e+02,-5.810144683400000076e+02,-5.810144597500000145e+02,-5.810132074399999738e+02,-5.810131986899999674e+02,-5.810022795200000019e+02,-5.810022773099999540e+02
3.649999999999999911e+00,-5.812333372099999451e+02,-5.812730099000000337e+02,-5.812300691899999947e+02,-5.810551395100000036e+02,-5.810509981699999571e+02,-5.810509962200000018e+02,-5.810501743900000520e+02,-5.810277709499999901e+02,-5.810277661899999657e+02,-5.810152177600000414e+02,-5.810140675599999440e+02,-5.810140590199999906e+02,-5.810126962900000080e+02,-5.810126875500000097e+02,-5.810028911699999981e+02,-5.810028889300000401e+02
3.625000000000000000e+00,-5.812324343000000226e+02,-5.812741051900000002e+02,-5.812291505499999857e+02,-5.810556426800000054e+02,-5.810516791500000409e+02,-5.810516772099999798e+02,-5.810503700199999457e+02,-5.810281979899999669e+02,-5.810281932799999822e+02,-5.810154147299999750e+02,-5.810136617399999750e+02,-5.810136532699999634e+02,-5.810121628000000555e+02,-5.810121540599999435e+02,-5.810035037300000340e+02,-5.810035014400000364e+02
3.600000000000000089e+00,-5.812314881999999443e+02,-5.812752333199999839e+02,-5.812281882700000324e+02,-5.810561623099999906e+02,-5.810523669699999800e+02,-5.810523650500000485e+02,-5.810505532299999913e+02,-5.810286435399999618e+02,-5.810286388700000089e+02,-5.810156143499999644e+02,-5.810132554699999901e+02,-5.810132470999999441e+02,-5.810116061300000183e+02,-5.810115973900000199e+02,-5.810041117299999769e+02,-5.810041093600000295e+02
3.575000000000000178e+00,-5.812304970899999716e+02,-5.812763942599999609e+02,-5.812271805000000313e+02,-5.810566979100000253e+02,-5.810530611399999543e+02,-5.810530592400000387e+02,-5.810507237100000566e+02,-5.810291071899999906e+02,-5.810291025599999557e+02,-5.810158158499999672e+02,-5.810128561300000456e+02,-5.810128479200000129e+02,-5.810110254400000258e+02,-5.810110166900000195e+02,-5.810047068200000240e+02,-5.810047043199999734e+02
3.549999999999999822e+00,-5.812294590599999538e+02,-5.812775878600000397e+02,-5.812261253399999532e+02,-5.810572488799999746e+02,-5.810537611299999980e+02,-5.810537592399999767e+02,-5.810508811700000251e+02,-5.810295885000000453e+02,-5.810295839200000501e+02,-5.810160184300000310e+02,-5.810124757700000373e+02,-5.810124677799999517e+02,-5.810104198499999484e+02,-5.810104111099999500e+02,-5.810052759599999490e+02,-5.810052732599999672e+02
3.524999999999999911e+00,-5.812283721699999433e+02,-5.812788139100000535e+02,-5.812250208299999485e+02,-5.810578145900000209e+02,-5.810544663800000080e+02,-5.810544645100000025e+02,-5.810510253700000476e+02,-5.810300869400000465e+02,-5.810300823999999693e+02,-5.810162211599999864e+02,-5.810121339400000124e+02,-5.810121262999999772e+02,-5.810097885200000292e+02,-5.810097797800000308e+02,-5.810057985199999848e+02,-5.810057954899999686e+02
3.500000000000000000e+00,-5.812272343800000272e+02,-5.812800720899999760e+02,-5.812238649399999986e+02,-5.810583942900000238e+02,-5.810551762799999551e+02,-5.810551744199999575e+02,-5.810511561199999733e+02,-5.810306019099999730e+02,-5.810305974299999434e+02,-5.810164230599999655e+02,-5.810118615600000567e+02,-5.810118544700000029e+02,-5.810091305900000407e+02,-5.810091218500000423e+02,-5.810062424300000430e+02,-5.810062388799999553e+02
3.475000000000000089e+00,-5.812260436100000334e+02,-5.812813619999999446e+02,-5.812226555900000449e+02,-5.810589872199999490e+02,-5.810558901800000058e+02,-5.810558883400000241e+02,-5.810512732700000242e+02,-5.810311327699999993e+02,-5.810311283300000014e+02,-5.810166230700000369e+02,-5.810117026200000510e+02,-5.810116963100000476e+02,-5.810084452400000146e+02,-5.810084365000000162e+02,-5.810065624799999568e+02,-5.810065581699999484e+02
3.450000000000000178e+00,-5.812247976999999537e+02,-5.812826830999999856e+02,-5.812213906099999576e+02,-5.810595925100000159e+02,-5.810566073999999617e+02,-5.810566055699999879e+02,-5.810513767300000154e+02,-5.810316787900000008e+02,-5.810316744000000426e+02,-5.810168200599999864e+02,-5.810117051700000275e+02,-5.810116998500000136e+02,-5.810077316800000062e+02,-5.810077229500000158e+02,-5.810071558700000196e+02,-5.810067093500000510e+02
3.424999999999999822e+00,-5.812234944199999518e+02,-5.812840347799999563e+02,-5.812200677800000221e+02,-5.810602092599999651e+02,-5.810573272000000316e+02,-5.810573253799999520e+02,-5.810514664900000525e+02,-5.810322391900000412e+02,-5.810322348400000010e+02,-5.810170127999999750e+02,-5.810118963899999471e+02,-5.810118920700000444e+02,-5.810078476700000465e+02,-5.810069892499999469e+02,-5.810066544999999678e+02,-5.810066482500000120e+02
3.399999999999999911e+00,-5.812221315000000459e+02,-5.812854162700000415e+02,-5.812186848100000134e+02,-5.810608365199999525e+02,-5.810580487900000435e+02,-5.810580469699999639e+02,-5.810515425700000378e+02,-5.810328131300000223e+02,-5.810328088200000138e+02,-5.810172000200000184e+02,-5.810122637800000120e+02,-5.810122602899999720e+02,-5.810085464700000557e+02,-5.810064090099999703e+02,-5.810064019599999483e+02,-5.810062174299999924e+02
3.375000000000000000e+00,-5.812207065600000533e+02,-5.812868267200000219e+02,-5.812172393499999998e+02,-5.810614732899999808e+02,-5.810587713300000132e+02,-5.810587695200000553e+02,-5.810516050600000426e+02,-5.810333997000000181e+02,-5.810333954400000493e+02,-5.810173803699999553e+02,-5.810127682999999479e+02,-5.810127654100000427e+02,-5.810092516500000102e+02,-5.810060104399999545e+02,-5.810060028200000488e+02,-5.810054160099999763e+02
3.350000000000000089e+00,-5.812192171799999869e+02,-5.812882651300000134e+02,-5.812157289699999865e+02,-5.810621185100000048e+02,-5.810594939200000226e+02,-5.810594921199999590e+02,-5.810516541399999824e+02,-5.810339979499999572e+02,-5.810339937400000281e+02,-5.810175524300000234e+02,-5.810133694700000433e+02,-5.810133669800000007e+02,-5.810099625200000446e+02,-5.810054977400000098e+02,-5.810054897300000221e+02,-5.810045853399999487e+02
3.325000000000000178e+00,-5.812176608600000236e+02,-5.812897300099999711e+02,-5.812141508500000100e+02,-5.810627708099999609e+02,-5.810602155399999447e+02,-5.810602137399999947e+02,-5.810516898900000342e+02,-5.810346063499999900e+02,-5.810346021899999869e+02,-5.810177144799999951e+02,-5.810140369299999747e+02,-5.810140347300000485e+02,-5.810106784299999845e+02,-5.810049019399999679e+02,-5.810048936700000013e+02,-5.810037293399999498e+02
3.299999999999999822e+00,-5.812160350599999674e+02,-5.812912207900000112e+02,-5.812125031599999829e+02,-5.810634296499999891e+02,-5.810609353300000066e+02,-5.810609335399999509e+02,-5.810517129500000237e+02,-5.810352248699999791e+02,-5.810352207500000077e+02,-5.810178654999999708e+02,-5.810147501200000306e+02,-5.810147481200000357e+02,-5.810113986699999487e+02,-5.810042374500000051e+02,-5.810042290000000094e+02,-5.810028465699999742e+02
3.274999999999999911e+00,-5.812143371299999899e+02,-5.812927356500000542e+02,-5.812107829300000503e+02,-5.810640935300000365e+02,-5.810616521199999625e+02,-5.810616503300000204e+02,-5.810517234999999800e+02,-5.810358518599999798e+02,-5.810358477800000401e+02,-5.810180036900000005e+02,-5.810154959100000269e+02,-5.810154940600000373e+02,-5.810121225100000402e+02,-5.810035178900000119e+02,-5.810035093100000267e+02,-5.810019479699999465e+02
3.250000000000000000e+00,-5.812125644200000352e+02,-5.812942729899999676e+02,-5.812089874800000189e+02,-5.810647612300000446e+02,-5.810623647300000130e+02,-5.810623629399999572e+02,-5.810517219800000248e+02,-5.810364861199999496e+02,-5.810364820900000495e+02,-5.810181274300000496e+02,-5.810162653899999441e+02,-5.810162636500000417e+02,-5.810128491699999813e+02,-5.810027503699999443e+02,-5.810027417100000093e+02,-5.810010547099999485e+02
3.225000000000000089e+00,-5.812107141599999522e+02,-5.812958310300000448e+02,-5.812071141100000204e+02,-5.810654314900000372e+02,-5.810630719099999624e+02,-5.810630701200000203e+02,-5.810517088899999862e+02,-5.810371264299999439e+02,-5.810371224399999619e+02,-5.810182351099999778e+02,-5.810170523499999717e+02,-5.810170507000000271e+02,-5.810135778500000470e+02,-5.810019393100000116e+02,-5.810019305600000052e+02,-5.810002252900000030e+02
3.200000000000000178e+00,-5.812087835800000448e+02,-5.812974077899999656e+02,-5.812051600500000177e+02,-5.810661029899999903e+02,-5.810637723500000220e+02,-5.810637705499999583e+02,-5.810516847899999675e+02,-5.810377714700000524e+02,-5.810377675199999885e+02,-5.810183251099999779e+02,-5.810178521999999930e+02,-5.810178506400000060e+02,-5.810143077300000414e+02,-5.810010874099999683e+02,-5.810010786100000360e+02,-5.809996207399999548e+02
3.174999999999999822e+00,-5.812067698299999847e+02,-5.812990011299999651e+02,-5.812031225099999574e+02,-5.810667743699999619e+02,-5.810644646099999591e+02,-5.810644628100000091e+02,-5.810516502899999978e+02,-5.810384198900000001e+02,-5.810384159899999759e+02,-5.810186614199999440e+02,-5.810186599200000046e+02,-5.810183958200000234e+02,-5.810150379599999724e+02,-5.810001963600000181e+02,-5.810001875200000541e+02,-5.809994724299999689e+02
3.149999999999999911e+00,-5.812046700299999884e+02,-5.813006086699999742e+02,-5.812009986399999661e+02,-5.810674442299999782e+02,-5.810651471800000536e+02,-5.810651453799999899e+02,-5.810516060400000242e+02,-5.810390702800000327e+02,-5.810390664200000401e+02,-5.810194770800000015e+02,-5.810194756399999960e+02,-5.810184456800000135e+02,-5.810157676400000355e+02,-5.809997106299999814e+02,-5.809997095500000341e+02,-5.809992671899999550e+02
3.125000000000000000e+00,-5.812024812700000211e+02,-5.813022278299999925e+02,-5.811987855900000568e+02,-5.810681111100000180e+02,-5.810658184400000437e+02,-5.810658166399999800e+02,-5.810515527300000258e+02,-5.810397211499999912e+02,-5.810397173300000304e+02,-5.810202966900000092e+02,-5.810202953100000514e+02,-5.810184731399999691e+02,-5.810164958699999715e+02,-5.810001161200000297e+02,-5.810001155899999503e+02,-5.809983005200000434e+02
3.100000000000000089e+00,-5.812002006300000403e+02,-5.813038557700000410e+02,-5.811964805000000069e+02,-5.810687735000000202e+02,-5.810664766600000348e+02,-5.810664748499999632e+02,-5.810514910699999973e+02,-5.810403709700000263e+02,-5.810403671899999836e+02,-5.810211180100000092e+02,-5.810211166799999774e+02,-5.810184767700000066e+02,-5.810172216900000421e+02,-5.810005845700000009e+02,-5.810005843000000141e+02,-5.809972967200000085e+02
3.075000000000000178e+00,-5.811978251699999873e+02,-5.813054894099999501e+02,-5.811940805200000568e+02,-5.810694298600000138e+02,-5.810671199700000216e+02,-5.810671181599999500e+02,-5.810514217700000472e+02,-5.810410181400000056e+02,-5.810410143999999946e+02,-5.810219389999999748e+02,-5.810219377099999747e+02,-5.810184552199999644e+02,-5.810179441300000462e+02,-5.810010776499999565e+02,-5.810010774999999512e+02,-5.809962560400000484e+02
3.049999999999999822e+00,-5.811953519500000311e+02,-5.813071254100000260e+02,-5.811915827999999919e+02,-5.810700785699999642e+02,-5.810677464000000327e+02,-5.810677445699999453e+02,-5.810513455400000566e+02,-5.810416609799999605e+02,-5.810416572799999813e+02,-5.810227576700000327e+02,-5.810227564399999665e+02,-5.810186621799999784e+02,-5.810184072800000195e+02,-5.810015793200000189e+02,-5.810015792499999634e+02,-5.809951787100000047e+02
3.024999999999999911e+00,-5.811927780600000233e+02,-5.813087601199999881e+02,-5.811889845399999786e+02,-5.810707179600000245e+02,-5.810683537999999544e+02,-5.810683519699999806e+02,-5.810512630499999887e+02,-5.810422977499999888e+02,-5.810422940900000413e+02,-5.810235721599999579e+02,-5.810235709700000371e+02,-5.810193748200000528e+02,-5.810183318699999973e+02,-5.810020816700000523e+02,-5.810020816500000365e+02,-5.809940649500000518e+02
3.000000000000000000e+00,-5.811901006499999767e+02,-5.813103895799999918e+02,-5.811862830300000269e+02,-5.810713463099999672e+02,-5.810689398900000242e+02,-5.810689380500000425e+02,-5.810511749400000099e+02,-5.810429266500000267e+02,-5.810429230199999893e+02,-5.810243805899999643e+02,-5.810243794399999615e+02,-5.810200809899999967e+02,-5.810182281099999955e+02,-5.810025800800000297e+02,-5.810025800600000139e+02,-5.809934239000000389e+02
2.975000000000000089e+00,-5.811873169100000496e+02,-5.813120094900000367e+02,-5.811834756299999754e+02,-5.810719618199999559e+02,-5.810695022200000039e+02,-5.810695003600000064e+02,-5.810510817800000041e+02,-5.810435457900000529e+02,-5.810435422000000472e+02,-5.810251811299999645e+02,-5.810251800199999934e+02,-5.810207796099999769e+02,-5.810180953100000352e+02,-5.810030714700000090e+02,-5.810030714299999772e+02,-5.809933405699999867e+02
2.950000000000000178e+00,-5.811844241600000487e+02,-5.813136151700000482e+02,-5.811805598299999929e+02,-5.810725626400000010e+02,-5.810700381399999515e+02,-5.810700362699999459e+02,-5.810509840600000189e+02,-5.810441531999999825e+02,-5.810441496400000005e+02,-5.810259719299999688e+02,-5.810259708600000295e+02,-5.810214695900000379e+02,-5.810179329799999550e+02,-5.810035535600000003e+02,-5.810035534899999448e+02,-5.809932270499999731e+02
2.924999999999999822e+00,-5.811814198299999816e+02,-5.813152015399999755e+02,-5.811775332900000421e+02,-5.810731468599999516e+02,-5.810705447999999933e+02,-5.810705429099999719e+02,-5.810508821900000385e+02,-5.810447468300000082e+02,-5.810447433099999444e+02,-5.810267511700000114e+02,-5.810267501299999822e+02,-5.810221497799999497e+02,-5.810177408800000194e+02,-5.810040244799999982e+02,-5.810040243900000405e+02,-5.809930814000000510e+02
2.899999999999999911e+00,-5.811783015199999909e+02,-5.813167630799999870e+02,-5.811743938700000172e+02,-5.810737124600000243e+02,-5.810710191399999758e+02,-5.810710172300000522e+02,-5.810507764699999598e+02,-5.810453245400000242e+02,-5.810453210599999920e+02,-5.810275169699999651e+02,-5.810275159699999676e+02,-5.810228190599999607e+02,-5.810175189799999771e+02,-5.810044826399999920e+02,-5.810044825300000184e+02,-5.809929017599999952e+02
2.875000000000000000e+00,-5.811750670300000365e+02,-5.813182937699999684e+02,-5.811711397000000261e+02,-5.810742573700000548e+02,-5.810714578199999778e+02,-5.810714559000000463e+02,-5.810506670700000313e+02,-5.810458840899999586e+02,-5.810458806499999582e+02,-5.810282674699999461e+02,-5.810282665099999804e+02,-5.810234762400000363e+02,-5.810172674799999868e+02,-5.810049266099999841e+02,-5.810049264799999946e+02,-5.809926864200000409e+02
2.850000000000000089e+00,-5.811717144399999597e+02,-5.813197870599999533e+02,-5.811677692099999604e+02,-5.810747794300000351e+02,-5.810718572299999778e+02,-5.810718552900000304e+02,-5.810505540799999835e+02,-5.810464231500000096e+02,-5.810464197500000409e+02,-5.810290007700000388e+02,-5.810289998399999831e+02,-5.810241201400000364e+02,-5.810169867900000327e+02,-5.810053550600000563e+02,-5.810053549199999452e+02,-5.809924338600000056e+02
2.825000000000000178e+00,-5.811682421499999691e+02,-5.813212357999999540e+02,-5.811642812300000287e+02,-5.810752763699999832e+02,-5.810722134699999515e+02,-5.810722115099999883e+02,-5.810504374399999961e+02,-5.810469392300000209e+02,-5.810469358699999702e+02,-5.810297149499999705e+02,-5.810297140599999466e+02,-5.810247495300000082e+02,-5.810166775100000223e+02,-5.810057667400000128e+02,-5.810057665900000075e+02,-5.809921427900000026e+02
2.799999999999999822e+00,-5.811646489199999905e+02,-5.813226321700000199e+02,-5.811606750299999931e+02,-5.810757458099999440e+02,-5.810725222300000041e+02,-5.810725202500000250e+02,-5.810503169900000557e+02,-5.810474297499999921e+02,-5.810474264299999732e+02,-5.810304080600000134e+02,-5.810304072000000133e+02,-5.810253631499999756e+02,-5.810163403699999662e+02,-5.810061604600000464e+02,-5.810061602900000253e+02,-5.809918122200000425e+02
2.774999999999999911e+00,-5.811609339899999895e+02,-5.813239676099999542e+02,-5.811569504399999460e+02,-5.810761852499999804e+02,-5.810727788299999474e+02,-5.810727768299999525e+02,-5.810501924599999484e+02,-5.810478919399999995e+02,-5.810478886600000124e+02,-5.810310780999999452e+02,-5.810310772699999688e+02,-5.810259596800000281e+02,-5.810159761999999546e+02,-5.810065350500000250e+02,-5.810065348699999959e+02,-5.809914415499999905e+02
2.750000000000000000e+00,-5.811570971300000110e+02,-5.813252321799999436e+02,-5.811531075399999509e+02,-5.810765916100000368e+02,-5.810729777499999500e+02,-5.810729757300000529e+02,-5.810500631400000202e+02,-5.810483225100000482e+02,-5.810483192599999711e+02,-5.810317227599999796e+02,-5.810317219700000351e+02,-5.810265375699999595e+02,-5.810155853700000534e+02,-5.810068891500000063e+02,-5.810068889599999693e+02,-5.809910303499999600e+02
2.725000000000000089e+00,-5.811531387500000392e+02,-5.813264167300000054e+02,-5.811491483999999446e+02,-5.810769629300000361e+02,-5.810731140499999583e+02,-5.810731120100000453e+02,-5.810499293000000307e+02,-5.810487191299999949e+02,-5.810487159299999576e+02,-5.810323405399999501e+02,-5.810323397800000294e+02,-5.810270957499999440e+02,-5.810151698099999749e+02,-5.810072221699999773e+02,-5.810072219700000460e+02,-5.809905794000000014e+02
2.700000000000000178e+00,-5.811490600099999710e+02,-5.813275092600000562e+02,-5.811450746699999854e+02,-5.810772956600000043e+02,-5.810731809899999689e+02,-5.810731789300000401e+02,-5.810497900000000300e+02,-5.810490779199999452e+02,-5.810490747699999474e+02,-5.810329288599999700e+02,-5.810329281299999593e+02,-5.810276323399999683e+02,-5.810147296799999594e+02,-5.810075326500000301e+02,-5.810075324399999772e+02,-5.809900891400000091e+02
2.674999999999999822e+00,-5.811448629300000448e+02,-5.813284971699999915e+02,-5.811408894400000236e+02,-5.810775863799999570e+02,-5.810731714600000259e+02,-5.810731693699999596e+02,-5.810496445799999492e+02,-5.810493951099999776e+02,-5.810493920000000116e+02,-5.810334853000000521e+02,-5.810334845899999436e+02,-5.810281454500000109e+02,-5.810142654700000548e+02,-5.810078192900000431e+02,-5.810078190699999823e+02,-5.809895607099999779e+02
2.649999999999999911e+00,-5.811405505000000176e+02,-5.813293665099999998e+02,-5.811365969400000040e+02,-5.810778312700000470e+02,-5.810730774600000359e+02,-5.810730753499999537e+02,-5.810496664400000100e+02,-5.810496633899999779e+02,-5.810494922799999813e+02,-5.810340071800000032e+02,-5.810340064900000243e+02,-5.810286328700000240e+02,-5.810137773000000152e+02,-5.810080806400000029e+02,-5.810080804100000478e+02,-5.809889956099999608e+02
2.625000000000000000e+00,-5.811361268699999982e+02,-5.813301017700000557e+02,-5.811322026999999935e+02,-5.810780259499999829e+02,-5.810728899199999660e+02,-5.810728877999999895e+02,-5.810498871099999860e+02,-5.810498841099999936e+02,-5.810493321500000548e+02,-5.810344914099999869e+02,-5.810344907500000318e+02,-5.810290918399999782e+02,-5.810132647799999859e+02,-5.810083149199999752e+02,-5.810083146900000202e+02,-5.809883954800000083e+02
2.600000000000000089e+00,-5.811315974200000483e+02,-5.813306857600000512e+02,-5.811277136500000324e+02,-5.810781653200000392e+02,-5.810725984900000185e+02,-5.810725963600000341e+02,-5.810500515300000188e+02,-5.810500485899999603e+02,-5.810491630100000293e+02,-5.810349343599999656e+02,-5.810349337200000264e+02,-5.810295189099999789e+02,-5.810127268300000196e+02,-5.810085198499999706e+02,-5.810085196200000155e+02,-5.809877618900000016e+02
2.575000000000000178e+00,-5.811269689499999913e+02,-5.813310993600000529e+02,-5.811231382900000426e+02,-5.810782432500000141e+02,-5.810721913099999938e+02,-5.810721891700000015e+02,-5.810501530899999807e+02,-5.810501502299999856e+02,-5.810489832499999920e+02,-5.810353315199999997e+02,-5.810353308899999547e+02,-5.810299095200000465e+02,-5.810121613200000183e+02,-5.810086923300000308e+02,-5.810086920999999620e+02,-5.809870957599999883e+02
2.549999999999999822e+00,-5.811222497600000452e+02,-5.813313224900000478e+02,-5.811184875300000385e+02,-5.810782531600000311e+02,-5.810716552899999670e+02,-5.810716531599999826e+02,-5.810501849800000400e+02,-5.810501821999999947e+02,-5.810487913299999718e+02,-5.810356779999999617e+02,-5.810356773800000383e+02,-5.810302582799999982e+02,-5.810115654600000425e+02,-5.810088287999999466e+02,-5.810088285799999994e+02,-5.809863976000000321e+02
2.524999999999999911e+00,-5.811174497199999678e+02,-5.813313294399999904e+02,-5.811137712199999896e+02,-5.810781832400000440e+02,-5.810709727500000099e+02,-5.810709706400000414e+02,-5.810501342200000181e+02,-5.810501315499999464e+02,-5.810485817100000077e+02,-5.810359636700000010e+02,-5.810359630599999718e+02,-5.810305548200000203e+02,-5.810109316399999670e+02,-5.810089207099999840e+02,-5.810089204900000368e+02,-5.809856624999999894e+02
2.500000000000000000e+00,-5.811125802300000487e+02,-5.813310953899999731e+02,-5.811090027799999689e+02,-5.810780214699999533e+02,-5.810701252100000147e+02,-5.810701231399999642e+02,-5.810499885799999902e+02,-5.810499860500000295e+02,-5.810483489700000064e+02,-5.810361781999999948e+02,-5.810361775899999657e+02,-5.810307874899999661e+02,-5.810102510399999574e+02,-5.810089588099999673e+02,-5.810089586200000440e+02,-5.809848839799999496e+02
2.475000000000000089e+00,-5.811076540400000567e+02,-5.813305929499999820e+02,-5.811041957200000070e+02,-5.810777508600000374e+02,-5.810690902799999549e+02,-5.810690883099999837e+02,-5.810497306900000467e+02,-5.810497283600000173e+02,-5.810480833799999800e+02,-5.810363059699999440e+02,-5.810363053500000206e+02,-5.810309389599999577e+02,-5.810095092899999827e+02,-5.810089283099999875e+02,-5.810089281599999822e+02,-5.809840484699999479e+02
2.450000000000000178e+00,-5.811026847299999645e+02,-5.813297941299999820e+02,-5.810993633799999998e+02,-5.810773487799999657e+02,-5.810678419500000018e+02,-5.810678401699999540e+02,-5.810493377699999655e+02,-5.810493357699999706e+02,-5.810477695299999823e+02,-5.810363251500000388e+02,-5.810363244999999779e+02,-5.810309849300000451e+02,-5.810088074400000551e+02,-5.810088073900000154e+02,-5.810086849599999823e+02,-5.809831332400000292e+02
2.424999999999999822e+00,-5.810976858799999718e+02,-5.813286725599999727e+02,-5.810945175299999619e+02,-5.810767853700000387e+02,-5.810663505899999564e+02,-5.810663492300000144e+02,-5.810487801299999546e+02,-5.810487787600000047e+02,-5.810473835699999654e+02,-5.810362056699999584e+02,-5.810362049599999636e+02,-5.810308920500000340e+02,-5.810085651499999813e+02,-5.810085649999999760e+02,-5.810077469200000451e+02,-5.809821032800000467e+02
2.399999999999999911e+00,-5.810926695299999665e+02,-5.813272071100000176e+02,-5.810896663400000079e+02,-5.810760222500000509e+02,-5.810645838399999548e+02,-5.810645834599999944e+02,-5.810480201399999487e+02,-5.810480201200000465e+02,-5.810468899200000124e+02,-5.810359076700000287e+02,-5.810359068000000207e+02,-5.810306162000000541e+02,-5.810081586699999434e+02,-5.810081579999999803e+02,-5.810066519800000151e+02,-5.809809086599999546e+02
2.375000000000000000e+00,-5.810876440800000182e+02,-5.813253866799999514e+02,-5.810848119199999928e+02,-5.810750124500000311e+02,-5.810625105899999880e+02,-5.810625082100000327e+02,-5.810470149300000458e+02,-5.810470123100000137e+02,-5.810462383300000511e+02,-5.810353807799999686e+02,-5.810353801400000293e+02,-5.810301022800000510e+02,-5.810075317600000062e+02,-5.810075314299999718e+02,-5.810053437899999835e+02,-5.809794839700000466e+02
2.350000000000000089e+00,-5.810826115700000400e+02,-5.813232158099999651e+02,-5.810799484200000506e+02,-5.810737044300000207e+02,-5.810601000999999997e+02,-5.810600977599999624e+02,-5.810457126200000175e+02,-5.810457101099999591e+02,-5.810453647499999761e+02,-5.810345692299999882e+02,-5.810345685500000172e+02,-5.810292885600000545e+02,-5.810066203500000483e+02,-5.810066200300000219e+02,-5.810037571000000298e+02,-5.809777537999999595e+02
2.325000000000000178e+00,-5.810775649900000417e+02,-5.813207143600000109e+02,-5.810750597600000447e+02,-5.810720450899999605e+02,-5.810573304900000267e+02,-5.810573282000000290e+02,-5.810441933800000243e+02,-5.810440650000000460e+02,-5.810440625999999611e+02,-5.810334146699999565e+02,-5.810334139399999458e+02,-5.810281114900000148e+02,-5.810053551299999981e+02,-5.810053548299999875e+02,-5.810018224299999474e+02,-5.809756398299999773e+02
2.299999999999999822e+00,-5.810724863799999866e+02,-5.813179147600000078e+02,-5.810701206600000432e+02,-5.810699899200000118e+02,-5.810541899400000148e+02,-5.810541877599999907e+02,-5.810426485100000491e+02,-5.810420315100000153e+02,-5.810420293099999753e+02,-5.810318680100000392e+02,-5.810318672299999889e+02,-5.810265174999999545e+02,-5.810036750299999539e+02,-5.810036747999999989e+02,-5.809994801100000359e+02,-5.809730765199999496e+02
2.274999999999999911e+00,-5.810673466800000142e+02,-5.813148503700000447e+02,-5.810675067099999751e+02,-5.810650978300000133e+02,-5.810506746099999873e+02,-5.810506727599999977e+02,-5.810406641700000137e+02,-5.810395832699999801e+02,-5.810395815900000116e+02,-5.810298941099999865e+02,-5.810298932199999626e+02,-5.810244685899999695e+02,-5.810015342499999633e+02,-5.810015342399999554e+02,-5.809966876099999809e+02,-5.809700196799999503e+02
2.250000000000000000e+00,-5.810621072200000299e+02,-5.813115434699999469e+02,-5.810645759799999723e+02,-5.810599521200000481e+02,-5.810467849000000342e+02,-5.810467826799999784e+02,-5.810381911599999967e+02,-5.810367038499999808e+02,-5.810367016999999805e+02,-5.810274722399999519e+02,-5.810274714099999755e+02,-5.810219434299999648e+02,-5.809989053199999489e+02,-5.809989050699999780e+02,-5.809934216000000333e+02,-5.809664485299999797e+02
2.225000000000000089e+00,-5.810567223699999886e+02,-5.813079973799999607e+02,-5.810611857799999598e+02,-5.810546405000000050e+02,-5.810425176899999542e+02,-5.810425155799999857e+02,-5.810351974200000313e+02,-5.810333813099999816e+02,-5.810333793999999443e+02,-5.810245903400000316e+02,-5.810245894600000156e+02,-5.810189312899999550e+02,-5.809957729400000517e+02,-5.809957728000000543e+02,-5.809896721500000467e+02,-5.809623584199999868e+02
2.200000000000000178e+00,-5.810511421500000324e+02,-5.813041954499999520e+02,-5.810573269000000209e+02,-5.810491170499999498e+02,-5.810378652699999975e+02,-5.810378637300000264e+02,-5.810316622100000359e+02,-5.810296064999999999e+02,-5.810296055400000341e+02,-5.810212394300000369e+02,-5.810212383399999680e+02,-5.810154261699999552e+02,-5.809921297900000354e+02,-5.809921293500000274e+02,-5.809854350800000020e+02,-5.809577527100000225e+02
2.174999999999999822e+00,-5.810453141899999991e+02,-5.813001041400000304e+02,-5.810529873699999825e+02,-5.810433342899999616e+02,-5.810328134000000091e+02,-5.810328110799999877e+02,-5.810275713199999927e+02,-5.810253679600000396e+02,-5.810253659799999468e+02,-5.810174064599999610e+02,-5.810174056500000006e+02,-5.810114199500000041e+02,-5.809879673499999626e+02,-5.809879671300000155e+02,-5.809807049099999858e+02,-5.809526338299999679e+02
2.149999999999999911e+00,-5.810391849000000093e+02,-5.812956773800000292e+02,-5.810481502100000171e+02,-5.810372429300000476e+02,-5.810273395399999572e+02,-5.810273371700000098e+02,-5.810229107100000192e+02,-5.810206460000000561e+02,-5.810206441300000506e+02,-5.810130728000000317e+02,-5.810130720399999973e+02,-5.810068993899999441e+02,-5.809832739700000275e+02,-5.809832738000000063e+02,-5.809754707700000154e+02,-5.809469984400000158e+02
2.125000000000000000e+00,-5.810326998100000537e+02,-5.812908607099999472e+02,-5.810427924800000028e+02,-5.810307920699999613e+02,-5.810214168899999549e+02,-5.810214146499999970e+02,-5.810176634299999705e+02,-5.810154169400000228e+02,-5.810154155000000173e+02,-5.810082119400000238e+02,-5.810082111499999655e+02,-5.810018447400000241e+02,-5.809780318199999556e+02,-5.809780316999999741e+02,-5.809697147000000541e+02,-5.809418837299999723e+02
2.100000000000000089e+00,-5.810258036100000254e+02,-5.812855942999999570e+02,-5.810368848800000023e+02,-5.810239292100000057e+02,-5.810150144599999749e+02,-5.810150118100000327e+02,-5.810118083600000318e+02,-5.810096508300000551e+02,-5.810096490199999835e+02,-5.810027889100000493e+02,-5.810027883599999541e+02,-5.809962291900000082e+02,-5.809722164400000111e+02,-5.809722162699999899e+02,-5.809634113099999695e+02,-5.809376275900000337e+02
2.075000000000000178e+00,-5.810184397399999625e+02,-5.812798126300000376e+02,-5.810303923000000168e+02,-5.810165992400000050e+02,-5.810080969800000048e+02,-5.810080942199999754e+02,-5.810053180200000043e+02,-5.810033110599999873e+02,-5.810033094200000505e+02,-5.809967613799999526e+02,-5.809967609499999526e+02,-5.809900198300000511e+02,-5.809657968999999866e+02,-5.809657968499999470e+02,-5.809565284200000406e+02,-5.809327849999999671e+02
2.049999999999999822e+00,-5.810105499600000485e+02,-5.812734486800000013e+02,-5.810232739499999752e+02,-5.810087451699999974e+02,-5.810006274099999928e+02,-5.810006249399999660e+02,-5.809981602499999553e+02,-5.809963556699999572e+02,-5.809963549999999941e+02,-5.809900787599999603e+02,-5.809900782099999788e+02,-5.809831768599999577e+02,-5.809587364100000286e+02,-5.809587356700000100e+02,-5.809490270899999587e+02,-5.809273112399999945e+02
2.024999999999999911e+00,-5.810020737800000461e+02,-5.812664310200000273e+02,-5.810154828099999804e+02,-5.810003067200000260e+02,-5.809925660500000504e+02,-5.809925627600000553e+02,-5.809902968000000101e+02,-5.809887382900000148e+02,-5.809887366200000542e+02,-5.809826815300000362e+02,-5.809826815200000283e+02,-5.809756544699999949e+02,-5.809509900199999493e+02,-5.809509899099999757e+02,-5.809408617899999854e+02,-5.809211407699999654e+02
2.000000000000000000e+00,-5.809929479600000377e+02,-5.812586850699999559e+02,-5.810069691300000159e+02,-5.809912211900000329e+02,-5.809838711500000272e+02,-5.809838676199999554e+02,-5.809816835000000310e+02,-5.809804073499999504e+02,-5.809804058500000110e+02,-5.809745071099999905e+02,-5.809745068800000354e+02,-5.809674030500000299e+02,-5.809425114499999836e+02,-5.809425114399999757e+02,-5.809319835600000488e+02,-5.809142135499999995e+02
1.975000000000000089e+00,-5.809831059099999493e+02,-5.812501313100000289e+02,-5.809976742999999715e+02,-5.809814206400000103e+02,-5.809744948100000101e+02,-5.809744913499999939e+02,-5.809722689300000411e+02,-5.809713036599999896e+02,-5.809713031799999499e+02,-5.809654819800000496e+02,-5.809654817199999570e+02,-5.809583641200000557e+02,-5.809332444000000351e+02,-5.809332434699999794e+02,-5.809223342100000309e+02,-5.809064603699999907e+02
1.949999999999999956e+00,-5.809724771400000236e+02,-5.812406874600000037e+02,-5.809875359200000275e+02,-5.809708344699999998e+02,-5.809643837999999505e+02,-5.809643796599999632e+02,-5.809619979499999545e+02,-5.809613660799999479e+02,-5.809613645399999768e+02,-5.809555316400000038e+02,-5.809555308699999614e+02,-5.809484755299999961e+02,-5.809231269299999667e+02,-5.809231268700000328e+02,-5.809118517800000063e+02,-5.808977995799999690e+02
1.925000000000000044e+00,-5.809609867399999530e+02,-5.812302643199999466e+02,-5.809764863599999671e+02,-5.809593866899999739e+02,-5.809534751600000391e+02,-5.809534707599999592e+02,-5.809508056500000066e+02,-5.809505252000000155e+02,-5.809505236799999466e+02,-5.809445800900000449e+02,-5.809445791199999576e+02,-5.809376686199999540e+02,-5.809120941099999982e+02,-5.809120940499999506e+02,-5.809004685300000119e+02,-5.808881565599999703e+02
1.899999999999999911e+00,-5.809485548400000425e+02,-5.812187693500000023e+02,-5.809644508000000087e+02,-5.809469969000000447e+02,-5.809416930700000421e+02,-5.809416884600000230e+02,-5.809387066299999560e+02,-5.809387049199999637e+02,-5.809386239100000466e+02,-5.809325508099999524e+02,-5.809325496699999576e+02,-5.809258683499999734e+02,-5.809000720499999488e+02,-5.809000717899999700e+02,-5.808881097500000124e+02,-5.808774408799999946e+02
1.875000000000000000e+00,-5.809350960299999542e+02,-5.812061028199999555e+02,-5.809513486700000158e+02,-5.809335789900000009e+02,-5.809289498499999809e+02,-5.809289451099999724e+02,-5.809258294300000216e+02,-5.809258280300000479e+02,-5.809253757499999438e+02,-5.809193678000000318e+02,-5.809193665699999656e+02,-5.809129933200000551e+02,-5.808869808900000180e+02,-5.808869808800000101e+02,-5.808746947199999795e+02,-5.808655590500000017e+02
1.850000000000000089e+00,-5.809205189100000553e+02,-5.811921576900000446e+02,-5.809370931700000256e+02,-5.809190407900000537e+02,-5.809151473599999917e+02,-5.809151425300000255e+02,-5.809118072500000380e+02,-5.809118058100000326e+02,-5.809109755700000051e+02,-5.809049535699999751e+02,-5.809049522999999908e+02,-5.808989552299999559e+02,-5.808727349199999708e+02,-5.808727348600000369e+02,-5.808601363300000457e+02,-5.808524085300000479e+02
1.824999999999999956e+00,-5.809047255100000484e+02,-5.811768211700000393e+02,-5.809215892099999792e+02,-5.809032839699999613e+02,-5.809001768299999640e+02,-5.809001719300000559e+02,-5.808965448200000310e+02,-5.808965434899999991e+02,-5.808953327599999739e+02,-5.808892241400000103e+02,-5.808892228600000180e+02,-5.808836583999999448e+02,-5.808572397299999466e+02,-5.808572396900000285e+02,-5.808443394099999750e+02,-5.808378793299999643e+02
1.800000000000000044e+00,-5.808876107600000296e+02,-5.811599728300000152e+02,-5.809047354499999756e+02,-5.808862031500000285e+02,-5.808839237400000002e+02,-5.808839188599999943e+02,-5.808799410300000545e+02,-5.808799395400000094e+02,-5.808783474399999704e+02,-5.808720893299999943e+02,-5.808720881100000497e+02,-5.808669995100000278e+02,-5.808403943600000048e+02,-5.808403941999999915e+02,-5.808272021899999800e+02,-5.808218544400000383e+02
1.774999999999999911e+00,-5.808690620300000091e+02,-5.811414823300000307e+02,-5.808864213900000095e+02,-5.808676853599999959e+02,-5.808662654500000144e+02,-5.808662604600000350e+02,-5.808618853399999580e+02,-5.808618841700000530e+02,-5.808599104400000215e+02,-5.808534485300000370e+02,-5.808534472899999628e+02,-5.808488671699999486e+02,-5.808220889699999816e+02,-5.808220888099999684e+02,-5.808086140299999443e+02,-5.808042067200000247e+02
1.750000000000000000e+00,-5.808489585900000520e+02,-5.811212126499999613e+02,-5.808665291199999956e+02,-5.808476097300000447e+02,-5.808470736900000020e+02,-5.808470687100000305e+02,-5.808422603499999468e+02,-5.808422591500000181e+02,-5.808399051000000100e+02,-5.808331918600000563e+02,-5.808331906800000297e+02,-5.808291412900000523e+02,-5.808022057499999846e+02,-5.808022056500000190e+02,-5.807884565499999781e+02,-5.807848003399999470e+02
1.725000000000000089e+00,-5.808271711400000186e+02,-5.810990168499999982e+02,-5.808449315300000535e+02,-5.808262126099999705e+02,-5.808262076900000466e+02,-5.808258468699999639e+02,-5.808209390800000165e+02,-5.808209377499999846e+02,-5.808182049499999948e+02,-5.808111985499999719e+02,-5.808111975100000564e+02,-5.808076928499999667e+02,-5.807806179100000463e+02,-5.807806178399999908e+02,-5.807666023000000450e+02,-5.807634904499999493e+02
1.699999999999999956e+00,-5.808035613199999716e+02,-5.810747372600000062e+02,-5.808214915700000347e+02,-5.808035380799999530e+02,-5.808035329099999444e+02,-5.808022583399999803e+02,-5.807977846100000079e+02,-5.807977838499999734e+02,-5.807946729999999889e+02,-5.807873364800000218e+02,-5.807873353200000111e+02,-5.807843835400000216e+02,-5.807571891300000289e+02,-5.807571886099999574e+02,-5.807429140499999676e+02,-5.807401214200000368e+02
1.675000000000000044e+00,-5.807779813299999887e+02,-5.810482094200000347e+02,-5.807960640799999510e+02,-5.807788985199999843e+02,-5.807788935400000128e+02,-5.807766966399999546e+02,-5.807726528599999938e+02,-5.807726516799999672e+02,-5.807691641599999457e+02,-5.807614638100000093e+02,-5.807614628899999616e+02,-5.807590653299999985e+02,-5.807317733300000100e+02,-5.807317732699999624e+02,-5.807172460100000535e+02,-5.807145265699999754e+02
1.649999999999999911e+00,-5.807502734700000246e+02,-5.810192556800000148e+02,-5.807684923699999899e+02,-5.807521322000000055e+02,-5.807521269899999652e+02,-5.807490037899999606e+02,-5.807453866800000242e+02,-5.807453858999999738e+02,-5.807415214200000264e+02,-5.807334267300000192e+02,-5.807334257500000376e+02,-5.807315794899999446e+02,-5.807042149100000188e+02,-5.807042144499999949e+02,-5.806894412100000409e+02,-5.806865317799999957e+02
1.625000000000000000e+00,-5.807202698500000224e+02,-5.809876898500000379e+02,-5.807386101399999916e+02,-5.807230678099999750e+02,-5.807230628099999876e+02,-5.807190120599999545e+02,-5.807158211199999869e+02,-5.807158199299999524e+02,-5.807115777899999784e+02,-5.807030604399999447e+02,-5.807030597299999499e+02,-5.807017572900000459e+02,-5.806743466799999851e+02,-5.806743466799999851e+02,-5.806593328999999812e+02,-5.806559475200000406e+02
1.600000000000000089e+00,-5.806877920700000004e+02,-5.809533151099999486e+02,-5.807062403800000538e+02,-5.806915247499999850e+02,-5.806915192400000478e+02,-5.806865430699999706e+02,-5.806837786900000538e+02,-5.806837783400000035e+02,-5.806791551500000423e+02,-5.806701895200000081e+02,-5.806701885799999445e+02,-5.806694190399999798e+02,-5.806419926700000360e+02,-5.806419917599999962e+02,-5.806267435900000464e+02,-5.806225787800000262e+02
1.574999999999999956e+00,-5.806526509599999599e+02,-5.809159243000000288e+02,-5.806711949699999877e+02,-5.806573101100000258e+02,-5.806573049999999512e+02,-5.806514078100000233e+02,-5.806490732700000308e+02,-5.806490722099999857e+02,-5.806440645500000528e+02,-5.806346261800000548e+02,-5.806346256499999754e+02,-5.806343743700000459e+02,-5.806069631899999877e+02,-5.806069630800000141e+02,-5.805914848999999549e+02,-5.805862138799999457e+02
1.550000000000000044e+00,-5.806146464500000093e+02,-5.808753012600000147e+02,-5.806332753499999626e+02,-5.806202228099999729e+02,-5.806202177599999459e+02,-5.806134060699999964e+02,-5.806115060700000186e+02,-5.806115048699999761e+02,-5.806061051599999701e+02,-5.805964211900000009e+02,-5.805961724300000242e+02,-5.805961720999999898e+02,-5.805690605800000412e+02,-5.805690605099999857e+02,-5.805533574800000451e+02,-5.805466344699999581e+02
1.524999999999999911e+00,-5.805735674699999436e+02,-5.808312188999999535e+02,-5.805922708299999613e+02,-5.805800483199999462e+02,-5.805800431599999456e+02,-5.805723267299999861e+02,-5.805708671700000423e+02,-5.805708660799999734e+02,-5.805650655299999698e+02,-5.805553468900000098e+02,-5.805546180300000287e+02,-5.805546177899999520e+02,-5.805280738000000156e+02,-5.805280737499999759e+02,-5.805121506000000409e+02,-5.805036138399999572e+02
