5.000000000000000000e+00,-5.606999731089999983e+01,-5.565226346000000035e+01,-5.565135190000000165e+01,-5.565129326000000276e+01,-5.565032999000000302e+01,-5.564385831999999965e+01,-5.564160420000000329e+01,-5.564128520999999949e+01,-5.564068387999999743e+01,-5.563643801999999994e+01,-5.563610494999999645e+01,-5.563295303999999675e+01,-5.562875078999999801e+01,-5.562356506999999795e+01,-5.562344688999999676e+01,-5.562061906000000278e+01,-5.562017231000000095e+01,-5.561955122999999901e+01,-5.561945543000000214e+01,-5.561260896000000287e+01,-5.561257643999999800e+01,-5.561069633999999695e+01,-5.560979138999999805e+01,-5.560915169999999819e+01,-5.560759929000000312e+01,-5.560650540999999691e+01,-5.560621915000000115e+01,-5.560608163999999931e+01,-5.560581273999999752e+01,-5.560390422999999771e+01,-5.560380044000000055e+01
4.950000000000000178e+00,-5.606999749559999913e+01,-5.565226281000000341e+01,-5.565170338000000072e+01,-5.565149397999999792e+01,-5.565053849000000241e+01,-5.564382884999999845e+01,-5.564180340000000058e+01,-5.564150719999999950e+01,-5.564059444000000099e+01,-5.563642103000000105e+01,-5.563602729000000124e+01,-5.563296222000000313e+01,-5.562822503999999668e+01,-5.562395380000000245e+01,-5.562382528999999920e+01,-5.562067198999999817e+01,-5.562025320000000050e+01,-5.561964297000000101e+01,-5.561952074999999951e+01,-5.561262178999999861e+01,-5.561258624999999967e+01,-5.561090378000000101e+01,-5.560989588999999711e+01,-5.560926709000000301e+01,-5.560771371999999957e+01,-5.560650926999999655e+01,-5.560621177000000159e+01,-5.560619849999999786e+01,-5.560577397000000133e+01,-5.560391332999999747e+01,-5.560379994000000181e+01
4.900000000000000355e+00,-5.606999763550000182e+01,-5.565229251000000232e+01,-5.565226210000000151e+01,-5.565157993999999775e+01,-5.565035306000000048e+01,-5.564380036000000018e+01,-5.564230368999999854e+01,-5.564140508999999923e+01,-5.564049709999999749e+01,-5.563640411000000086e+01,-5.563594006000000292e+01,-5.563297227999999706e+01,-5.562767609000000135e+01,-5.562436627999999672e+01,-5.562422693999999979e+01,-5.562073878000000349e+01,-5.562035149999999817e+01,-5.561974006999999887e+01,-5.561958769999999674e+01,-5.561263583000000210e+01,-5.561259700000000095e+01,-5.561112027000000069e+01,-5.561001021999999949e+01,-5.560939026999999868e+01,-5.560785046000000165e+01,-5.560651368999999988e+01,-5.560632676000000174e+01,-5.560618176999999918e+01,-5.560572368999999782e+01,-5.560392338999999851e+01,-5.560379958000000045e+01
4.849999999999999645e+00,-5.606999771929999810e+01,-5.565229421000000087e+01,-5.565226135999999713e+01,-5.565161308999999790e+01,-5.565008208999999795e+01,-5.564377289000000104e+01,-5.564278514000000087e+01,-5.564129730999999879e+01,-5.564039207999999803e+01,-5.563638733999999886e+01,-5.563584228999999937e+01,-5.563298328999999853e+01,-5.562710429999999917e+01,-5.562480304999999703e+01,-5.562465241000000304e+01,-5.562082055999999852e+01,-5.562046746000000041e+01,-5.561984234999999899e+01,-5.561965705000000071e+01,-5.561265114999999781e+01,-5.561260874999999970e+01,-5.561134658000000286e+01,-5.561013477000000194e+01,-5.560952153000000209e+01,-5.560800816999999796e+01,-5.560651871999999685e+01,-5.560642504999999858e+01,-5.560616931999999935e+01,-5.560566270000000344e+01,-5.560393447999999950e+01,-5.560379936999999728e+01
4.799999999999999822e+00,-5.606999773399999754e+01,-5.565229606999999845e+01,-5.565226057000000282e+01,-5.565159728999999800e+01,-5.564977918000000301e+01,-5.564374645000000186e+01,-5.564324706000000020e+01,-5.564118326999999908e+01,-5.564027957999999785e+01,-5.563637079000000085e+01,-5.563573292000000237e+01,-5.563299537000000328e+01,-5.562651017000000309e+01,-5.562526455999999797e+01,-5.562510222000000226e+01,-5.562091837999999910e+01,-5.562060103000000311e+01,-5.561994958999999739e+01,-5.561972984999999881e+01,-5.561266782999999947e+01,-5.561262153999999924e+01,-5.561158349000000101e+01,-5.561026977000000215e+01,-5.560966101000000350e+01,-5.560818348000000100e+01,-5.560652438000000330e+01,-5.560650772000000330e+01,-5.560616144000000105e+01,-5.560559116999999674e+01,-5.560394669000000079e+01,-5.560379934000000191e+01
4.750000000000000000e+00,-5.606999766420000242e+01,-5.565229808000000133e+01,-5.565225972999999726e+01,-5.565153649999999885e+01,-5.564945660000000061e+01,-5.564372104000000263e+01,-5.564368905999999981e+01,-5.564106240000000270e+01,-5.564015981000000011e+01,-5.563635453999999925e+01,-5.563561079000000120e+01,-5.563300862999999907e+01,-5.562589434000000210e+01,-5.562575113999999843e+01,-5.562557676000000129e+01,-5.562103319999999940e+01,-5.562075200999999680e+01,-5.562006166999999834e+01,-5.561980726000000175e+01,-5.561268594999999948e+01,-5.561263544999999908e+01,-5.561183186000000234e+01,-5.561041531000000049e+01,-5.560980877000000078e+01,-5.560837177999999881e+01,-5.560657729999999788e+01,-5.560653073000000290e+01,-5.560615829999999704e+01,-5.560550918999999936e+01,-5.560396011000000271e+01,-5.560379952000000259e+01
4.700000000000000178e+00,-5.606999749250000065e+01,-5.565230028999999945e+01,-5.565225886000000344e+01,-5.565143453000000306e+01,-5.564911947000000225e+01,-5.564411102999999770e+01,-5.564369666999999708e+01,-5.564093417000000130e+01,-5.564003283000000266e+01,-5.563633869000000232e+01,-5.563547473999999937e+01,-5.563302322999999916e+01,-5.562626302999999695e+01,-5.562607635999999900e+01,-5.562525772000000046e+01,-5.562116575000000296e+01,-5.562092018999999965e+01,-5.562017852999999690e+01,-5.561989044999999976e+01,-5.561270560999999901e+01,-5.561265051000000170e+01,-5.561209252999999819e+01,-5.561057133999999991e+01,-5.560996469999999903e+01,-5.560856801999999988e+01,-5.560663680999999769e+01,-5.560653783000000061e+01,-5.560615999000000187e+01,-5.560541677999999877e+01,-5.560397483999999935e+01,-5.560379993000000098e+01
4.650000000000000355e+00,-5.606999719880000299e+01,-5.565230269999999990e+01,-5.565225793999999837e+01,-5.565129489000000262e+01,-5.564877122000000043e+01,-5.564451318999999785e+01,-5.564367332999999860e+01,-5.564079817999999733e+01,-5.563989854999999807e+01,-5.563632336999999950e+01,-5.563532354000000169e+01,-5.563303932000000174e+01,-5.562680033000000179e+01,-5.562660122999999857e+01,-5.562460146000000094e+01,-5.562131648999999811e+01,-5.562110539999999759e+01,-5.562030029000000297e+01,-5.561998052999999942e+01,-5.561272687999999675e+01,-5.561266678999999868e+01,-5.561236637999999743e+01,-5.561073763000000270e+01,-5.561012852999999723e+01,-5.560876730999999751e+01,-5.560668917999999650e+01,-5.560654570999999891e+01,-5.560616643000000181e+01,-5.560531403000000239e+01,-5.560399096999999813e+01,-5.560380061000000040e+01
4.599999999999999645e+00,-5.606999676009999689e+01,-5.565230535999999972e+01,-5.565225699999999875e+01,-5.565112081000000188e+01,-5.564841489999999880e+01,-5.564489604999999983e+01,-5.564365104000000173e+01,-5.564065434999999837e+01,-5.563975647000000180e+01,-5.563630871000000155e+01,-5.563515603999999826e+01,-5.563305711999999659e+01,-5.562736302999999793e+01,-5.562715150999999736e+01,-5.562392718000000258e+01,-5.562148556999999727e+01,-5.562130753000000283e+01,-5.562042708999999974e+01,-5.562007851999999986e+01,-5.561274985000000015e+01,-5.561268433000000044e+01,-5.561265430000000265e+01,-5.561091378999999790e+01,-5.561029976999999747e+01,-5.560896516999999761e+01,-5.560673693999999756e+01,-5.560655445999999813e+01,-5.560617749000000032e+01,-5.560520103999999719e+01,-5.560400863000000271e+01,-5.560380161999999871e+01
4.549999999999999822e+00,-5.606999615000000148e+01,-5.565230829000000057e+01,-5.565225602999999666e+01,-5.565091527999999954e+01,-5.564805359999999723e+01,-5.564526041999999961e+01,-5.564362982000000102e+01,-5.564050304999999952e+01,-5.563960551000000265e+01,-5.563629490999999661e+01,-5.563497111000000217e+01,-5.563307689999999894e+01,-5.562795094999999890e+01,-5.562772722999999786e+01,-5.562323749000000106e+01,-5.562167249000000169e+01,-5.562152655999999951e+01,-5.562055895000000305e+01,-5.562018539999999689e+01,-5.561295713999999890e+01,-5.561277462000000327e+01,-5.561270319999999856e+01,-5.561109925000000231e+01,-5.561047769999999701e+01,-5.560915760999999691e+01,-5.560678218000000328e+01,-5.560656414999999697e+01,-5.560619290999999720e+01,-5.560507795000000186e+01,-5.560402793000000088e+01,-5.560380298999999837e+01
4.500000000000000000e+00,-5.606999533839999827e+01,-5.565231155000000030e+01,-5.565225505000000084e+01,-5.565068111000000073e+01,-5.564769059999999712e+01,-5.564560735999999963e+01,-5.564360968999999812e+01,-5.564034546999999975e+01,-5.563944370000000106e+01,-5.563628217000000120e+01,-5.563476778999999794e+01,-5.563309901000000224e+01,-5.562856373999999704e+01,-5.562832832000000138e+01,-5.562253948000000037e+01,-5.562187351000000035e+01,-5.562176248000000101e+01,-5.562069484999999958e+01,-5.562030203999999856e+01,-5.561327571999999719e+01,-5.561280130000000099e+01,-5.561272344000000345e+01,-5.561129323000000113e+01,-5.561066135000000088e+01,-5.560934105999999844e+01,-5.560682658999999717e+01,-5.560657488999999742e+01,-5.560621240999999770e+01,-5.560494492000000122e+01,-5.560404900000000339e+01,-5.560380480999999975e+01
4.450000000000000178e+00,-5.606999429079999686e+01,-5.565231519000000304e+01,-5.565225406999999791e+01,-5.565042116000000050e+01,-5.564732936000000052e+01,-5.564593806999999970e+01,-5.564359071999999884e+01,-5.564018389999999670e+01,-5.563926785000000308e+01,-5.563627077000000298e+01,-5.563454535999999706e+01,-5.563312398000000059e+01,-5.562920076999999708e+01,-5.562895464000000345e+01,-5.562213152000000349e+01,-5.562201533000000353e+01,-5.562179987999999753e+01,-5.562082784999999774e+01,-5.562042929999999785e+01,-5.561361078000000191e+01,-5.561282998000000077e+01,-5.561274509999999793e+01,-5.561149478000000101e+01,-5.561084936999999684e+01,-5.560951227000000330e+01,-5.560687149000000318e+01,-5.560658679000000149e+01,-5.560623565000000212e+01,-5.560480215999999842e+01,-5.560407195999999885e+01,-5.560380715000000151e+01
4.400000000000000355e+00,-5.606999296789999931e+01,-5.565231926999999956e+01,-5.565225310999999664e+01,-5.565013843999999921e+01,-5.564697354999999845e+01,-5.564625380999999749e+01,-5.564357298000000185e+01,-5.564002190000000070e+01,-5.563907345999999876e+01,-5.563626103000000001e+01,-5.563430335000000326e+01,-5.563315263999999871e+01,-5.562986104000000154e+01,-5.562960592000000304e+01,-5.562235850999999798e+01,-5.562228516999999783e+01,-5.562121545000000111e+01,-5.562085222999999701e+01,-5.562056800999999950e+01,-5.561396298999999743e+01,-5.561286076999999750e+01,-5.561276823000000036e+01,-5.561170278000000167e+01,-5.561104007000000138e+01,-5.560966824999999858e+01,-5.560691789999999912e+01,-5.560660002000000190e+01,-5.560626227000000199e+01,-5.560464993000000078e+01,-5.560409697000000051e+01,-5.560381014000000022e+01
4.349999999999999645e+00,-5.606999132480000014e+01,-5.565232387999999730e+01,-5.565225217999999785e+01,-5.564983653000000174e+01,-5.564662683000000243e+01,-5.564655549999999806e+01,-5.564355659999999659e+01,-5.563986401999999742e+01,-5.563885505999999737e+01,-5.563625334000000322e+01,-5.563404168999999655e+01,-5.563318654999999779e+01,-5.563054272000000111e+01,-5.563028184000000209e+01,-5.562261733999999791e+01,-5.562257201999999978e+01,-5.562122269000000330e+01,-5.562071894000000327e+01,-5.562027214999999813e+01,-5.561433286999999837e+01,-5.561289380000000193e+01,-5.561279289000000148e+01,-5.561191595999999748e+01,-5.561123122000000052e+01,-5.560980619000000047e+01,-5.560696662000000146e+01,-5.560661478000000102e+01,-5.560629191999999676e+01,-5.560448849000000138e+01,-5.560412415999999780e+01,-5.560381390999999951e+01
4.299999999999999822e+00,-5.606998930999999686e+01,-5.565232911999999743e+01,-5.565225132999999857e+01,-5.564952023000000025e+01,-5.564684314000000143e+01,-5.564629281999999932e+01,-5.564354173000000259e+01,-5.563971499000000165e+01,-5.563860718000000105e+01,-5.563624816000000095e+01,-5.563376075000000043e+01,-5.563322915999999907e+01,-5.563124196999999782e+01,-5.563098197000000056e+01,-5.562289495000000272e+01,-5.562287589999999682e+01,-5.562138115999999854e+01,-5.562088284000000016e+01,-5.561954530999999946e+01,-5.561472081000000145e+01,-5.561292919000000268e+01,-5.561281911999999750e+01,-5.561213289999999887e+01,-5.561141991000000218e+01,-5.560992337999999791e+01,-5.560701815000000181e+01,-5.560663132999999902e+01,-5.560632417000000061e+01,-5.560431816999999910e+01,-5.560415368999999686e+01,-5.560381866000000173e+01
4.250000000000000000e+00,-5.606998686419999700e+01,-5.565233512999999732e+01,-5.565225058000000047e+01,-5.564919735000000145e+01,-5.564711402999999734e+01,-5.564597483000000011e+01,-5.564352857000000085e+01,-5.563957858999999928e+01,-5.563832563999999792e+01,-5.563624604999999690e+01,-5.563346139000000079e+01,-5.563329069000000260e+01,-5.563194811000000328e+01,-5.563170578999999805e+01,-5.562319678000000067e+01,-5.562318991000000068e+01,-5.562156139999999738e+01,-5.562106038000000297e+01,-5.561880774000000116e+01,-5.561512702000000274e+01,-5.561296707999999711e+01,-5.561284699000000131e+01,-5.561235210000000251e+01,-5.561160223000000258e+01,-5.561001722000000314e+01,-5.560707280999999824e+01,-5.560665001999999646e+01,-5.560635857999999843e+01,-5.560418571999999671e+01,-5.560413932000000159e+01,-5.560382460000000293e+01
4.200000000000000178e+00,-5.606998391909999668e+01,-5.565234207000000310e+01,-5.565225000000000222e+01,-5.564888410999999735e+01,-5.564735731999999757e+01,-5.564567576000000315e+01,-5.564351735999999704e+01,-5.563945701000000099e+01,-5.563800834999999978e+01,-5.563624767999999676e+01,-5.563341529000000207e+01,-5.563314498999999813e+01,-5.563261639000000258e+01,-5.563245271000000258e+01,-5.562353455000000224e+01,-5.562350157000000195e+01,-5.562175498999999945e+01,-5.562125208999999870e+01,-5.561807523000000231e+01,-5.561555150000000225e+01,-5.561300762999999847e+01,-5.561287655000000285e+01,-5.561257196999999763e+01,-5.561177273999999926e+01,-5.561008522000000198e+01,-5.560713064000000116e+01,-5.560667126999999965e+01,-5.560639457999999991e+01,-5.560422041000000348e+01,-5.560395235000000014e+01,-5.560383206000000200e+01
4.150000000000000355e+00,-5.606998039589999649e+01,-5.565235014000000291e+01,-5.565224964000000085e+01,-5.564862405000000223e+01,-5.564753516999999761e+01,-5.564539796999999766e+01,-5.564350840000000176e+01,-5.563935099999999778e+01,-5.563765533000000119e+01,-5.563625385000000279e+01,-5.563379176000000115e+01,-5.563322200999999723e+01,-5.563305729999999727e+01,-5.563281352999999996e+01,-5.562388903000000084e+01,-5.562382937999999655e+01,-5.562196011000000340e+01,-5.562145831000000129e+01,-5.561735924999999980e+01,-5.561599405999999846e+01,-5.561305100999999951e+01,-5.561290788000000163e+01,-5.561279090000000025e+01,-5.561192350000000317e+01,-5.561012502999999896e+01,-5.560719136000000162e+01,-5.560669563999999809e+01,-5.560643152000000100e+01,-5.560425792000000200e+01,-5.560384141000000113e+01,-5.560375772999999811e+01
4.099999999999999645e+00,-5.606997620290000128e+01,-5.565235962999999941e+01,-5.565224958999999672e+01,-5.564852236000000119e+01,-5.564754837000000265e+01,-5.564514317999999804e+01,-5.564350200999999885e+01,-5.563926045000000187e+01,-5.563726825999999903e+01,-5.563626548999999955e+01,-5.563447416000000345e+01,-5.563401292000000353e+01,-5.563321591999999782e+01,-5.563246954000000244e+01,-5.562425988999999760e+01,-5.562417281999999830e+01,-5.562217589000000117e+01,-5.562167909000000066e+01,-5.561667448000000036e+01,-5.561645422000000138e+01,-5.561309740000000090e+01,-5.561300727999999793e+01,-5.561294104000000260e+01,-5.561204227000000344e+01,-5.561013458000000043e+01,-5.560725432000000268e+01,-5.560672380999999831e+01,-5.560646859999999947e+01,-5.560429839999999757e+01,-5.560385317000000072e+01,-5.560355603000000002e+01
4.049999999999999822e+00,-5.606997123330000221e+01,-5.565237085999999778e+01,-5.565224995999999891e+01,-5.564863557000000327e+01,-5.564734665999999663e+01,-5.564491249000000295e+01,-5.564349861000000175e+01,-5.563918495000000064e+01,-5.563684999000000175e+01,-5.563628373000000238e+01,-5.563525634999999880e+01,-5.563482451000000140e+01,-5.563329730000000239e+01,-5.563211615000000165e+01,-5.562464662000000004e+01,-5.562453135999999887e+01,-5.562240142999999648e+01,-5.562191405000000088e+01,-5.561693130999999823e+01,-5.561604252000000059e+01,-5.561321956999999827e+01,-5.561314701999999954e+01,-5.561297615000000150e+01,-5.561210983000000141e+01,-5.561011225000000024e+01,-5.560731827000000038e+01,-5.560675667999999661e+01,-5.560650487000000197e+01,-5.560434199000000177e+01,-5.560386795000000149e+01,-5.560334790999999655e+01
4.000000000000000000e+00,-5.606996536270000320e+01,-5.565238429000000053e+01,-5.565225089999999852e+01,-5.564886632000000333e+01,-5.564703394000000003e+01,-5.564470649999999807e+01,-5.564349862000000257e+01,-5.563912410999999736e+01,-5.563640430000000237e+01,-5.563630986999999806e+01,-5.563607576999999793e+01,-5.563565578000000045e+01,-5.563336273000000176e+01,-5.563175707999999986e+01,-5.562504841999999883e+01,-5.562490442000000002e+01,-5.562263554999999826e+01,-5.562216226999999691e+01,-5.561742433999999946e+01,-5.561549503999999899e+01,-5.561342633999999663e+01,-5.561320012000000190e+01,-5.561301332000000031e+01,-5.561209699999999856e+01,-5.561005727999999948e+01,-5.560738114000000110e+01,-5.560679533999999791e+01,-5.560653922000000193e+01,-5.560438880000000239e+01,-5.560388658000000106e+01,-5.560313422000000116e+01
3.950000000000000178e+00,-5.606995844480000102e+01,-5.565240048999999800e+01,-5.565225259000000335e+01,-5.564914669000000202e+01,-5.564668488000000224e+01,-5.564452538999999831e+01,-5.564350254000000007e+01,-5.563907772999999679e+01,-5.563691751000000352e+01,-5.563650556000000336e+01,-5.563634545000000031e+01,-5.563593572999999992e+01,-5.563342554999999834e+01,-5.563139666000000005e+01,-5.562546411999999663e+01,-5.562529138000000017e+01,-5.562287659999999789e+01,-5.562242205999999811e+01,-5.561793209999999732e+01,-5.561507097999999871e+01,-5.561362632000000161e+01,-5.561325697000000190e+01,-5.561305270999999806e+01,-5.561196749999999867e+01,-5.560997032000000218e+01,-5.560743947000000276e+01,-5.560684116000000188e+01,-5.560657035999999920e+01,-5.560443891999999977e+01,-5.560391006999999775e+01,-5.560291602000000211e+01
3.899999999999999911e+00,-5.606995030859999929e+01,-5.565242022000000333e+01,-5.565225526999999772e+01,-5.564945498000000157e+01,-5.564632821000000007e+01,-5.564436915999999655e+01,-5.564351090000000255e+01,-5.563904584000000142e+01,-5.563777515999999679e+01,-5.563737251999999955e+01,-5.563639225000000010e+01,-5.563544965999999903e+01,-5.563349019999999712e+01,-5.563103985000000051e+01,-5.562589191000000000e+01,-5.562569153999999827e+01,-5.562312238999999892e+01,-5.562269083000000336e+01,-5.561845309000000270e+01,-5.561479764999999986e+01,-5.561381845999999740e+01,-5.561331787999999676e+01,-5.561309452999999792e+01,-5.561169695000000246e+01,-5.560985443999999944e+01,-5.560748762000000056e+01,-5.560689579999999665e+01,-5.560659685000000252e+01,-5.560449241999999970e+01,-5.560393971999999962e+01,-5.560269468999999987e+01
3.850000000000000089e+00,-5.606994075299999736e+01,-5.565244443999999646e+01,-5.565225927000000183e+01,-5.564978456000000051e+01,-5.564597775000000013e+01,-5.564423771999999957e+01,-5.564352428000000117e+01,-5.563902874000000054e+01,-5.563864419000000083e+01,-5.563825514999999911e+01,-5.563645230000000197e+01,-5.563495247000000177e+01,-5.563355878000000132e+01,-5.563069235999999762e+01,-5.562632899999999836e+01,-5.562610408999999834e+01,-5.562337009000000165e+01,-5.562296477000000294e+01,-5.561898553000000334e+01,-5.561466642999999976e+01,-5.561400198999999844e+01,-5.561338322999999662e+01,-5.561313904000000008e+01,-5.561129704999999745e+01,-5.560971677999999940e+01,-5.560751626999999786e+01,-5.560696131000000264e+01,-5.560661705999999782e+01,-5.560454930000000218e+01,-5.560397712000000325e+01,-5.560247203000000127e+01
3.799999999999999822e+00,-5.606992954180000055e+01,-5.565247443999999888e+01,-5.565226498999999905e+01,-5.565013341000000224e+01,-5.564564290999999940e+01,-5.564413110999999645e+01,-5.564354326000000128e+01,-5.563952022000000142e+01,-5.563915169999999932e+01,-5.563902697999999702e+01,-5.563652790999999809e+01,-5.563445188000000030e+01,-5.563363263000000103e+01,-5.563036096999999813e+01,-5.562677089999999680e+01,-5.562652809000000076e+01,-5.562361623999999694e+01,-5.562323871000000253e+01,-5.561952737000000013e+01,-5.561463951000000350e+01,-5.561417638999999724e+01,-5.561345344000000068e+01,-5.561318660999999963e+01,-5.561080884999999796e+01,-5.560957068999999819e+01,-5.560751053999999982e+01,-5.560704009999999897e+01,-5.560662920000000042e+01,-5.560460954999999927e+01,-5.560402425000000193e+01,-5.560225039000000180e+01
3.750000000000000000e+00,-5.606991639780000014e+01,-5.565251188999999954e+01,-5.565227297999999934e+01,-5.565050106000000341e+01,-5.564533163000000116e+01,-5.564404961999999699e+01,-5.564356847999999900e+01,-5.564039838000000060e+01,-5.564006011000000029e+01,-5.563904141999999808e+01,-5.563662167999999753e+01,-5.563395763999999843e+01,-5.563371274000000000e+01,-5.563005440999999962e+01,-5.562720981999999736e+01,-5.562696239999999648e+01,-5.562385677000000328e+01,-5.562350585000000081e+01,-5.562007629000000009e+01,-5.561467743000000041e+01,-5.561434149000000104e+01,-5.561352902000000142e+01,-5.561323772000000076e+01,-5.561027514999999966e+01,-5.560943721999999667e+01,-5.560744884999999726e+01,-5.560713501000000036e+01,-5.560663130999999737e+01,-5.560467315000000355e+01,-5.560408349000000072e+01,-5.560203278000000182e+01
3.700000000000000178e+00,-5.606990099589999943e+01,-5.565255898000000201e+01,-5.565228396999999916e+01,-5.565088749000000234e+01,-5.564505145999999769e+01,-5.564399393000000060e+01,-5.564360056999999671e+01,-5.564127291999999869e+01,-5.564097798000000239e+01,-5.563907324000000187e+01,-5.563673647000000244e+01,-5.563380001000000163e+01,-5.563348245000000247e+01,-5.562978618999999725e+01,-5.562763066000000123e+01,-5.562740565000000004e+01,-5.562408701999999749e+01,-5.562375768999999792e+01,-5.562062966999999958e+01,-5.561475246999999911e+01,-5.561449739999999764e+01,-5.561361055999999792e+01,-5.561329300999999958e+01,-5.560972697999999781e+01,-5.560934179000000199e+01,-5.560730668000000065e+01,-5.560724929999999944e+01,-5.560662128999999965e+01,-5.560474007999999912e+01,-5.560415764999999766e+01,-5.560182271000000043e+01
3.649999999999999911e+00,-5.606988295530000244e+01,-5.565261853999999886e+01,-5.565229895000000226e+01,-5.565129273000000154e+01,-5.564480978999999650e+01,-5.564396519999999668e+01,-5.564364016999999762e+01,-5.564213683999999915e+01,-5.564190243000000180e+01,-5.563912393999999750e+01,-5.563687542000000263e+01,-5.563389526000000274e+01,-5.563304341999999991e+01,-5.562958361999999823e+01,-5.562800015999999914e+01,-5.562785609000000164e+01,-5.562430192000000062e+01,-5.562398422999999781e+01,-5.562118462000000108e+01,-5.561484781000000055e+01,-5.561464452999999963e+01,-5.561369879000000083e+01,-5.561335335999999785e+01,-5.560930356000000074e+01,-5.560918438000000208e+01,-5.560738663000000059e+01,-5.560706778000000128e+01,-5.560659683000000086e+01,-5.560481043000000057e+01,-5.560424991000000006e+01,-5.560162377000000333e+01
3.600000000000000089e+00,-5.606986183069999896e+01,-5.565269415000000208e+01,-5.565231925999999874e+01,-5.565171663999999652e+01,-5.564461387000000059e+01,-5.564396516000000048e+01,-5.564368789000000248e+01,-5.564298156000000262e+01,-5.564282997000000108e+01,-5.563919540999999924e+01,-5.563704192000000148e+01,-5.563399928999999844e+01,-5.563266366999999946e+01,-5.562950750000000255e+01,-5.562831159000000270e+01,-5.562824468000000167e+01,-5.562449617000000046e+01,-5.562417469999999753e+01,-5.562173793000000188e+01,-5.561495370000000094e+01,-5.561478361000000348e+01,-5.561379458999999770e+01,-5.561341990999999751e+01,-5.560932635999999718e+01,-5.560866015999999945e+01,-5.560755094999999670e+01,-5.560673405000000002e+01,-5.560655545000000188e+01,-5.560488440999999682e+01,-5.560436373000000287e+01,-5.560143841000000009e+01
3.549999999999999822e+00,-5.606983710240000107e+01,-5.565279027999999784e+01,-5.565234673999999870e+01,-5.565215884999999929e+01,-5.564447067999999774e+01,-5.564399623999999989e+01,-5.564379667000000040e+01,-5.564375633000000221e+01,-5.564374429000000077e+01,-5.563928995999999927e+01,-5.563723963000000339e+01,-5.563411288999999726e+01,-5.563237279999999885e+01,-5.562962260999999842e+01,-5.562876954000000040e+01,-5.562827748000000128e+01,-5.562466444999999737e+01,-5.562431901000000067e+01,-5.562228610999999745e+01,-5.561506453999999877e+01,-5.561491561999999789e+01,-5.561389905000000056e+01,-5.561349424000000141e+01,-5.560940226000000308e+01,-5.560816283999999854e+01,-5.560774648000000298e+01,-5.560649431000000220e+01,-5.560632290000000211e+01,-5.560496244000000132e+01,-5.560450259000000273e+01,-5.560126629999999892e+01
3.500000000000000000e+00,-5.606980816429999948e+01,-5.565291212000000343e+01,-5.565261867000000251e+01,-5.565238401999999951e+01,-5.564467615000000222e+01,-5.564456983000000179e+01,-5.564438658000000260e+01,-5.564406162000000222e+01,-5.564380986999999834e+01,-5.563941033999999775e+01,-5.563747249000000039e+01,-5.563423679000000277e+01,-5.563220333000000295e+01,-5.562987253000000010e+01,-5.562922688999999821e+01,-5.562812544999999886e+01,-5.562480170999999984e+01,-5.562440971000000189e+01,-5.562282534999999939e+01,-5.561517715000000095e+01,-5.561504183000000268e+01,-5.561401356999999734e+01,-5.561357843999999773e+01,-5.560952077999999688e+01,-5.560797743999999909e+01,-5.560769855000000206e+01,-5.560640997000000141e+01,-5.560585917000000222e+01,-5.560504519999999928e+01,-5.560466962000000279e+01,-5.560110283000000209e+01
3.450000000000000178e+00,-5.606977431100000331e+01,-5.565309509000000077e+01,-5.565306518999999952e+01,-5.565243482000000341e+01,-5.564558257000000197e+01,-5.564528698000000162e+01,-5.564436692999999678e+01,-5.564416530999999821e+01,-5.564388502999999986e+01,-5.563955966000000330e+01,-5.563774481000000094e+01,-5.563437169000000182e+01,-5.563217872999999969e+01,-5.563015393999999958e+01,-5.562968019000000197e+01,-5.562786492000000038e+01,-5.562490340000000089e+01,-5.562444364000000263e+01,-5.562335149999999828e+01,-5.561528981000000016e+01,-5.561516381999999936e+01,-5.561413996000000282e+01,-5.561367535000000117e+01,-5.560967377000000056e+01,-5.560824799000000240e+01,-5.560727263999999792e+01,-5.560629764000000108e+01,-5.560537123000000292e+01,-5.560513358000000039e+01,-5.560486715999999774e+01,-5.560093875999999824e+01
3.399999999999999911e+00,-5.606973472199999975e+01,-5.565358674000000150e+01,-5.565325435999999826e+01,-5.565250454000000246e+01,-5.564646669999999773e+01,-5.564593327000000045e+01,-5.564441554999999795e+01,-5.564431211000000133e+01,-5.564396999000000221e+01,-5.563974140999999918e+01,-5.563806122999999815e+01,-5.563451818000000060e+01,-5.563229607000000243e+01,-5.563042077000000063e+01,-5.563012587000000053e+01,-5.562753456000000085e+01,-5.562496569999999707e+01,-5.562442227999999744e+01,-5.562386011000000252e+01,-5.561540166000000340e+01,-5.561528348000000221e+01,-5.561428065999999859e+01,-5.561378872000000229e+01,-5.560985600000000062e+01,-5.560856187000000261e+01,-5.560689182000000130e+01,-5.560614958000000030e+01,-5.560522863999999998e+01,-5.560509622000000007e+01,-5.560489026999999851e+01,-5.560084013000000169e+01
3.350000000000000089e+00,-5.606968844339999691e+01,-5.565409189999999739e+01,-5.565348217999999747e+01,-5.565260106000000206e+01,-5.564731670999999835e+01,-5.564649484000000257e+01,-5.564453421000000333e+01,-5.564450758000000263e+01,-5.564406480000000244e+01,-5.563995918999999901e+01,-5.563842672999999905e+01,-5.563467668999999916e+01,-5.563252115000000231e+01,-5.563067044000000294e+01,-5.563056063999999878e+01,-5.562715559000000098e+01,-5.562498566000000011e+01,-5.562435033999999945e+01,-5.562434638999999947e+01,-5.561551234000000221e+01,-5.561540311000000258e+01,-5.561443900999999812e+01,-5.561392359999999968e+01,-5.561006428000000312e+01,-5.560892212000000256e+01,-5.560656577000000311e+01,-5.560595376999999928e+01,-5.560535596999999797e+01,-5.560533139999999719e+01,-5.560444875000000309e+01,-5.560089513999999866e+01
3.299999999999999822e+00,-5.606963436699999903e+01,-5.565460850000000192e+01,-5.565374694999999861e+01,-5.565273565999999761e+01,-5.564811698999999834e+01,-5.564696118999999896e+01,-5.564475774000000285e+01,-5.564472217000000143e+01,-5.564416916999999785e+01,-5.564021649000000025e+01,-5.563884640999999931e+01,-5.563484741999999983e+01,-5.563280646999999846e+01,-5.563098201999999759e+01,-5.563091381000000268e+01,-5.562674669999999821e+01,-5.562496140999999739e+01,-5.562480527000000308e+01,-5.562423336999999890e+01,-5.561562172000000004e+01,-5.561552549999999684e+01,-5.561461981000000065e+01,-5.561408660000000026e+01,-5.561029634999999871e+01,-5.560933047999999701e+01,-5.560630135000000251e+01,-5.560569993000000011e+01,-5.560564329000000328e+01,-5.560544265000000053e+01,-5.560407519000000320e+01,-5.560093613000000090e+01
3.250000000000000000e+00,-5.606957120540000261e+01,-5.565997263999999944e+01,-5.565513415000000208e+01,-5.565404156000000313e+01,-5.565292349999999999e+01,-5.564884763999999961e+01,-5.564732736999999929e+01,-5.564506879000000339e+01,-5.564497579999999743e+01,-5.564428247000000027e+01,-5.564051625999999828e+01,-5.563932518000000016e+01,-5.563503026000000062e+01,-5.563311072999999851e+01,-5.563138899999999865e+01,-5.563115682000000106e+01,-5.562632591999999931e+01,-5.562523132999999831e+01,-5.562489219999999790e+01,-5.562407548000000190e+01,-5.561572960000000165e+01,-5.561565411000000125e+01,-5.561483000999999859e+01,-5.561428635000000043e+01,-5.561054993999999851e+01,-5.560978656999999714e+01,-5.560609067000000039e+01,-5.560595235000000258e+01,-5.560556266999999764e+01,-5.560539161999999891e+01,-5.560378685999999959e+01
3.200000000000000178e+00,-5.606949746309999938e+01,-5.565318185999999656e+01,-5.564948637999999903e+01,-5.564759481000000108e+01,-5.564544642999999979e+01,-5.564528849999999949e+01,-5.564440356000000065e+01,-5.564086050000000228e+01,-5.563986733000000129e+01,-5.563522460000000081e+01,-5.563340446000000128e+01,-5.563233998999999841e+01,-5.563178265999999894e+01,-5.563139776999999953e+01,-5.562590984999999932e+01,-5.562561892000000086e+01,-5.562477863000000156e+01,-5.562387809999999888e+01,-5.561583545999999956e+01,-5.561579325000000296e+01,-5.561507999999999896e+01,-5.561453372999999800e+01,-5.561082179999999653e+01,-5.561028655999999870e+01,-5.560683250999999672e+01,-5.560627441999999832e+01,-5.560591941999999932e+01,-5.560569104999999723e+01,-5.560503810000000158e+01,-5.560358571999999810e+01,-5.560098235000000244e+01
3.149999999999999911e+00,-5.606941140400000023e+01,-5.565352356999999728e+01,-5.565001526999999726e+01,-5.564777043000000134e+01,-5.564589525000000236e+01,-5.564565074000000067e+01,-5.564453069000000340e+01,-5.564124981999999875e+01,-5.564047607999999911e+01,-5.563542919000000353e+01,-5.563366821000000328e+01,-5.563223837999999688e+01,-5.563216658000000336e+01,-5.563163090999999838e+01,-5.562596216000000027e+01,-5.562551290999999765e+01,-5.562462292000000019e+01,-5.562364014999999995e+01,-5.561594823000000076e+01,-5.561593809000000022e+01,-5.561538524000000194e+01,-5.561484200000000300e+01,-5.561110688000000124e+01,-5.561082136999999648e+01,-5.560680993999999799e+01,-5.560659778000000131e+01,-5.560582648999999833e+01,-5.560578107999999986e+01,-5.560464022000000028e+01,-5.560346141000000131e+01,-5.560099269999999905e+01
3.100000000000000089e+00,-5.606931101379999660e+01,-5.565394716000000130e+01,-5.565043090000000348e+01,-5.564786467999999786e+01,-5.564641805000000119e+01,-5.564605034000000217e+01,-5.564466130999999649e+01,-5.564168321999999733e+01,-5.564115334000000246e+01,-5.563564190000000309e+01,-5.563388991000000061e+01,-5.563254699000000159e+01,-5.563211986999999681e+01,-5.563184952999999666e+01,-5.562625495999999714e+01,-5.562514587999999804e+01,-5.562442934999999977e+01,-5.562335988000000242e+01,-5.561612550000000255e+01,-5.561603499999999656e+01,-5.561576816000000179e+01,-5.561522639999999740e+01,-5.561139745999999917e+01,-5.561137456000000157e+01,-5.560690811999999994e+01,-5.560677560999999969e+01,-5.560596678000000281e+01,-5.560567610999999744e+01,-5.560419143000000020e+01,-5.560339802000000020e+01,-5.560099907000000030e+01
3.049999999999999822e+00,-5.606919395900000325e+01,-5.565443306000000234e+01,-5.565074861000000084e+01,-5.564788965999999704e+01,-5.564701531000000045e+01,-5.564647274000000010e+01,-5.564479195999999916e+01,-5.564215796999999952e+01,-5.564189953999999716e+01,-5.563585940000000107e+01,-5.563406349000000262e+01,-5.563293269999999779e+01,-5.563204722999999774e+01,-5.563198169000000348e+01,-5.562649110000000263e+01,-5.562481372999999962e+01,-5.562420505000000048e+01,-5.562303794000000323e+01,-5.561633247000000324e+01,-5.561625875000000008e+01,-5.561612173999999698e+01,-5.561570298000000179e+01,-5.561192153999999732e+01,-5.561168273999999911e+01,-5.560718948000000239e+01,-5.560672671999999750e+01,-5.560610885999999908e+01,-5.560560731999999717e+01,-5.560368263000000155e+01,-5.560337948000000097e+01,-5.560100555000000355e+01
3.000000000000000000e+00,-5.606905754120000296e+01,-5.565876569000000273e+01,-5.565779835000000020e+01,-5.565553423000000066e+01,-5.565495152999999817e+01,-5.565099519999999700e+01,-5.564785825999999958e+01,-5.564768506000000059e+01,-5.564690150999999929e+01,-5.564491807999999651e+01,-5.564271372000000326e+01,-5.564266980000000018e+01,-5.563607680999999872e+01,-5.563418844000000263e+01,-5.563333482000000174e+01,-5.563221769999999822e+01,-5.562666427999999996e+01,-5.562451439000000164e+01,-5.562396096999999884e+01,-5.562267955000000086e+01,-5.561689116000000155e+01,-5.561657663999999812e+01,-5.561628681999999912e+01,-5.561619088999999860e+01,-5.561243263000000070e+01,-5.561194898000000109e+01,-5.560742587000000015e+01,-5.560624888000000254e+01,-5.560557763999999992e+01,-5.560339189999999832e+01,-5.560310461000000259e+01
2.950000000000000178e+00,-5.606889864890000297e+01,-5.565876010000000207e+01,-5.565831706000000167e+01,-5.565577995999999672e+01,-5.565547380999999660e+01,-5.565119862000000239e+01,-5.564842320000000342e+01,-5.564778419999999670e+01,-5.564731876999999827e+01,-5.564503383000000269e+01,-5.564359353999999769e+01,-5.564321306000000078e+01,-5.563628718999999734e+01,-5.563427022999999849e+01,-5.563376644000000226e+01,-5.563235326000000214e+01,-5.562676812000000126e+01,-5.562424027000000137e+01,-5.562371309000000252e+01,-5.562229392999999789e+01,-5.561769475999999912e+01,-5.561698973000000024e+01,-5.561686388999999764e+01,-5.561623080999999758e+01,-5.561288168000000098e+01,-5.561218058000000042e+01,-5.560760307000000324e+01,-5.560638243999999730e+01,-5.560558978000000252e+01,-5.560342382000000327e+01,-5.560244872999999899e+01
2.899999999999999911e+00,-5.606871370550000222e+01,-5.565885509999999670e+01,-5.565882425000000211e+01,-5.565600685999999797e+01,-5.565597810999999950e+01,-5.565138309000000305e+01,-5.564922416000000283e+01,-5.564770593000000076e+01,-5.564768288999999868e+01,-5.564513199999999671e+01,-5.564453529000000032e+01,-5.564378100999999788e+01,-5.563648106000000126e+01,-5.563432148999999782e+01,-5.563424248999999833e+01,-5.563244249000000252e+01,-5.562679617999999948e+01,-5.562398155000000344e+01,-5.562348347999999731e+01,-5.562189219999999779e+01,-5.561868498999999844e+01,-5.561781847999999684e+01,-5.561719567000000097e+01,-5.561622472999999900e+01,-5.561325483000000247e+01,-5.561236216000000354e+01,-5.560770997000000193e+01,-5.560650464999999798e+01,-5.560564638000000315e+01,-5.560346573000000348e+01,-5.560170724999999692e+01
2.850000000000000089e+00,-5.606849861519999934e+01,-5.565931737999999740e+01,-5.565906084000000220e+01,-5.565645072000000226e+01,-5.565621918000000079e+01,-5.565156913999999944e+01,-5.565008204000000092e+01,-5.564804445000000044e+01,-5.564757268000000323e+01,-5.564553361000000109e+01,-5.564520386000000229e+01,-5.564436598000000345e+01,-5.563664605999999679e+01,-5.563477960000000166e+01,-5.563436285000000225e+01,-5.563246794999999878e+01,-5.562674192000000062e+01,-5.562372891999999780e+01,-5.562330009000000075e+01,-5.562148641999999654e+01,-5.561986196000000149e+01,-5.561877383000000208e+01,-5.561756549999999777e+01,-5.561615077999999812e+01,-5.561355130999999830e+01,-5.561248091000000215e+01,-5.560773884000000322e+01,-5.560661029999999982e+01,-5.560575045000000216e+01,-5.560350944999999712e+01,-5.560113149000000021e+01
2.799999999999999822e+00,-5.606824870740000222e+01,-5.565979403000000048e+01,-5.565938715000000059e+01,-5.565688552999999672e+01,-5.565642133000000058e+01,-5.565177553000000188e+01,-5.565099185999999776e+01,-5.564831717999999938e+01,-5.564747593999999964e+01,-5.564658109999999880e+01,-5.564523909999999773e+01,-5.564495955000000293e+01,-5.563676696999999649e+01,-5.563539604999999710e+01,-5.563442067999999807e+01,-5.563240706999999929e+01,-5.562659864999999826e+01,-5.562347502000000077e+01,-5.562319396000000182e+01,-5.562121628999999956e+01,-5.562109172000000257e+01,-5.561985064999999651e+01,-5.561795455000000032e+01,-5.561598477999999801e+01,-5.561377696000000270e+01,-5.561252831000000185e+01,-5.560768457999999725e+01,-5.560669391999999789e+01,-5.560590542999999997e+01,-5.560354767999999837e+01,-5.560121648999999877e+01
2.750000000000000000e+00,-5.606795867679999645e+01,-5.566025195000000281e+01,-5.565984275999999653e+01,-5.565728364000000283e+01,-5.565661714000000160e+01,-5.565202091999999823e+01,-5.565195090000000278e+01,-5.564851106999999786e+01,-5.564766646000000350e+01,-5.564741950999999887e+01,-5.564555270999999692e+01,-5.564522584000000194e+01,-5.563682697000000132e+01,-5.563611173999999693e+01,-5.563451871000000182e+01,-5.563223883999999941e+01,-5.562635942000000000e+01,-5.562321541000000025e+01,-5.562319297999999890e+01,-5.562273480999999720e+01,-5.562103862000000021e+01,-5.562073366999999990e+01,-5.561832368000000315e+01,-5.561570628999999855e+01,-5.561393747999999704e+01,-5.561250084000000271e+01,-5.560754340999999812e+01,-5.560674977000000041e+01,-5.560611517000000248e+01,-5.560357361999999881e+01,-5.560133531000000318e+01
2.700000000000000178e+00,-5.606762252139999703e+01,-5.566068914000000234e+01,-5.566043452000000258e+01,-5.565765389999999968e+01,-5.565680926000000284e+01,-5.565295957000000016e+01,-5.565232453000000135e+01,-5.564881490999999869e+01,-5.564857821999999743e+01,-5.564743365999999725e+01,-5.564613602000000014e+01,-5.564515062000000256e+01,-5.563694781000000233e+01,-5.563681090000000040e+01,-5.563466874000000217e+01,-5.563195135000000136e+01,-5.562601681999999670e+01,-5.562440248000000054e+01,-5.562331405999999845e+01,-5.562295042000000223e+01,-5.562232316000000054e+01,-5.562046507000000162e+01,-5.561859608000000321e+01,-5.561530614000000128e+01,-5.561403513999999859e+01,-5.561240038999999769e+01,-5.560731175000000093e+01,-5.560677179000000336e+01,-5.560638322999999872e+01,-5.560358058999999997e+01,-5.560149403999999862e+01
2.649999999999999911e+00,-5.606723347319999817e+01,-5.566110445000000340e+01,-5.565801488000000319e+01,-5.565699874999999963e+01,-5.565402147999999727e+01,-5.565270454000000200e+01,-5.564992273000000012e+01,-5.564860337999999729e+01,-5.564754920000000027e+01,-5.564669991000000238e+01,-5.564499853000000229e+01,-5.563792579999999788e+01,-5.563671167999999767e+01,-5.563486893999999694e+01,-5.563154134999999911e+01,-5.562620028999999988e+01,-5.562556281999999896e+01,-5.562368659999999920e+01,-5.562355816000000175e+01,-5.562268936000000252e+01,-5.562036533999999932e+01,-5.561865467999999879e+01,-5.561479128999999944e+01,-5.561406809999999723e+01,-5.561223516999999816e+01,-5.560698572999999811e+01,-5.560675341000000316e+01,-5.560671147000000047e+01,-5.560356156999999655e+01,-5.560169793000000027e+01,-5.559883356999999648e+01
2.600000000000000089e+00,-5.606678392050000070e+01,-5.566149901000000000e+01,-5.565839997999999866e+01,-5.565718458999999996e+01,-5.565514189999999672e+01,-5.565317232000000303e+01,-5.565104369000000162e+01,-5.564852110000000351e+01,-5.564779346000000260e+01,-5.564723496999999952e+01,-5.564475328999999704e+01,-5.563906558000000047e+01,-5.563654137000000333e+01,-5.563510777999999846e+01,-5.563100777999999735e+01,-5.562809877000000114e+01,-5.562511003000000187e+01,-5.562498848999999979e+01,-5.562391024000000073e+01,-5.562245949999999794e+01,-5.562041941999999750e+01,-5.561845498000000276e+01,-5.561418486000000172e+01,-5.561403106000000207e+01,-5.561202171000000050e+01,-5.560709718999999751e+01,-5.560668736000000223e+01,-5.560656208000000333e+01,-5.560350844999999964e+01,-5.560195009000000255e+01,-5.559845179999999942e+01
2.549999999999999822e+00,-5.606626531970000116e+01,-5.566187868000000094e+01,-5.565886780999999672e+01,-5.565736333000000258e+01,-5.565632469999999898e+01,-5.565371935000000292e+01,-5.565213839999999834e+01,-5.564837331999999748e+01,-5.564818695999999676e+01,-5.564773218999999926e+01,-5.564439744999999959e+01,-5.564038060000000030e+01,-5.563635306999999841e+01,-5.563536633999999736e+01,-5.563034660000000287e+01,-5.563003917999999715e+01,-5.562657636000000139e+01,-5.562434176000000008e+01,-5.562428368999999861e+01,-5.562231341999999756e+01,-5.562045796000000308e+01,-5.561807796000000081e+01,-5.561391655999999983e+01,-5.561352480000000043e+01,-5.561178752000000003e+01,-5.560752813999999944e+01,-5.560656532000000141e+01,-5.560604203999999839e+01,-5.560341085000000305e+01,-5.560224817999999658e+01,-5.559801754000000074e+01
2.500000000000000000e+00,-5.606566809209999747e+01,-5.566225724000000241e+01,-5.565951738999999776e+01,-5.565756824999999708e+01,-5.565752897000000132e+01,-5.565429671999999783e+01,-5.565318394999999896e+01,-5.564874257999999685e+01,-5.564821484000000140e+01,-5.564818290000000189e+01,-5.564391243000000031e+01,-5.564186578999999711e+01,-5.563630601999999925e+01,-5.563561782000000022e+01,-5.563186809999999838e+01,-5.562954875999999871e+01,-5.562807507000000129e+01,-5.562481230000000210e+01,-5.562343675999999704e+01,-5.562229267000000021e+01,-5.562033430000000322e+01,-5.561759020000000220e+01,-5.561371710000000235e+01,-5.561286627999999865e+01,-5.561157312000000275e+01,-5.560797377000000097e+01,-5.560637744999999654e+01,-5.560544499000000229e+01,-5.560325470000000081e+01,-5.560257267000000070e+01,-5.559829400999999649e+01
2.450000000000000178e+00,-5.606498150720000240e+01,-5.566217036999999834e+01,-5.566049123999999892e+01,-5.565886337999999967e+01,-5.565767375000000072e+01,-5.565480448999999652e+01,-5.565416104999999902e+01,-5.564946717000000120e+01,-5.564857814999999874e+01,-5.564816791999999879e+01,-5.564345971000000191e+01,-5.564327861999999669e+01,-5.563683066000000110e+01,-5.563582691999999952e+01,-5.563316796000000153e+01,-5.562960821000000067e+01,-5.562859996000000251e+01,-5.562526935000000350e+01,-5.562243408999999872e+01,-5.562235472999999786e+01,-5.562003410999999886e+01,-5.561700929999999943e+01,-5.561342806999999766e+01,-5.561229237999999953e+01,-5.561143082000000248e+01,-5.560837063000000313e+01,-5.560611209999999716e+01,-5.560486425999999938e+01,-5.560302152999999947e+01,-5.560283506999999759e+01,-5.559884037999999862e+01
2.399999999999999911e+00,-5.606419355559999929e+01,-5.566312274999999943e+01,-5.566193065000000217e+01,-5.566120581999999928e+01,-5.566019938000000167e+01,-5.565779220000000294e+01,-5.565512782999999786e+01,-5.565505951000000096e+01,-5.565036235000000175e+01,-5.564890728999999681e+01,-5.564853740000000215e+01,-5.564492691000000235e+01,-5.564247526999999849e+01,-5.563829189999999869e+01,-5.563595209999999724e+01,-5.563358597999999944e+01,-5.563119576999999794e+01,-5.562748209000000088e+01,-5.562564868999999845e+01,-5.562240545000000225e+01,-5.562125973999999928e+01,-5.561962207999999919e+01,-5.561632891000000001e+01,-5.561305159999999859e+01,-5.561192343999999821e+01,-5.561141528000000278e+01,-5.560861206999999951e+01,-5.560575588999999752e+01,-5.560462796000000196e+01,-5.560272372000000018e+01,-5.560269119000000160e+01
2.350000000000000089e+00,-5.606329081740000220e+01,-5.566390825999999947e+01,-5.566369630999999885e+01,-5.566158436999999992e+01,-5.566016711999999700e+01,-5.565789447000000223e+01,-5.565588756999999731e+01,-5.565519751000000070e+01,-5.565141678999999897e+01,-5.564981621999999817e+01,-5.564915524999999974e+01,-5.564584065999999751e+01,-5.564148022999999910e+01,-5.564025810999999777e+01,-5.563595394000000027e+01,-5.563355631999999673e+01,-5.563287786000000068e+01,-5.562617760999999916e+01,-5.562588051000000178e+01,-5.562236535000000259e+01,-5.561989493000000095e+01,-5.561916452999999905e+01,-5.561553973000000184e+01,-5.561260046999999673e+01,-5.561185811000000001e+01,-5.561155784999999696e+01,-5.560861006999999745e+01,-5.560529526999999916e+01,-5.560497480000000081e+01,-5.560225094999999840e+01,-5.560203744999999742e+01
2.299999999999999822e+00,-5.606225833919999957e+01,-5.566642441999999846e+01,-5.566444126999999753e+01,-5.566306854999999842e+01,-5.565902707000000049e+01,-5.565804848999999876e+01,-5.565668430000000200e+01,-5.565499059999999787e+01,-5.565256807000000094e+01,-5.565193922000000271e+01,-5.564929810999999660e+01,-5.564629948999999698e+01,-5.564232684000000262e+01,-5.564026953999999847e+01,-5.563581137999999982e+01,-5.563471181999999970e+01,-5.563346829999999699e+01,-5.562590821999999946e+01,-5.562468281999999675e+01,-5.562217436000000248e+01,-5.561871830999999844e+01,-5.561831759999999747e+01,-5.561466687000000064e+01,-5.561210089000000067e+01,-5.561203727000000185e+01,-5.561180696000000268e+01,-5.560843807999999910e+01,-5.560565790999999791e+01,-5.560472158999999692e+01,-5.560171231000000347e+01,-5.560109333999999848e+01
2.250000000000000000e+00,-5.606107953749999950e+01,-5.566944921000000335e+01,-5.566888820999999865e+01,-5.566543644000000057e+01,-5.566473526000000049e+01,-5.565849040999999886e+01,-5.565775323999999813e+01,-5.565754185000000120e+01,-5.565449062999999796e+01,-5.565444500000000261e+01,-5.565359061000000196e+01,-5.564929690999999679e+01,-5.564670205000000180e+01,-5.564432217000000236e+01,-5.563881676999999826e+01,-5.563676434999999998e+01,-5.563554443000000305e+01,-5.563347123999999866e+01,-5.562572366999999929e+01,-5.562305325999999894e+01,-5.562177442000000127e+01,-5.561832316999999648e+01,-5.561650187000000045e+01,-5.561391256999999655e+01,-5.561228770000000310e+01,-5.561185521000000165e+01,-5.561159445999999917e+01,-5.560829343999999708e+01,-5.560654863999999975e+01,-5.560404394999999766e+01,-5.560175252999999884e+01
2.200000000000000178e+00,-5.605973615210000105e+01,-5.567294872000000083e+01,-5.566909066000000195e+01,-5.566679088000000064e+01,-5.566663168000000184e+01,-5.565966894000000309e+01,-5.565872574000000128e+01,-5.565685501000000102e+01,-5.565630791000000244e+01,-5.565404445000000067e+01,-5.565366791999999663e+01,-5.564909137000000072e+01,-5.564718613000000147e+01,-5.564615294000000034e+01,-5.563910073000000267e+01,-5.563709230999999988e+01,-5.563523837000000327e+01,-5.563362657999999783e+01,-5.562541221000000036e+01,-5.562158625000000001e+01,-5.562107174999999870e+01,-5.561787960000000197e+01,-5.561441752999999721e+01,-5.561367957000000217e+01,-5.561245591000000132e+01,-5.561114503000000298e+01,-5.561109866000000324e+01,-5.560833943000000090e+01,-5.560763003000000282e+01,-5.560331758000000235e+01,-5.560237868000000105e+01
2.149999999999999911e+00,-5.605820827619999847e+01,-5.567606234000000143e+01,-5.566975165000000203e+01,-5.566862145000000339e+01,-5.566832567000000154e+01,-5.566176151999999888e+01,-5.566079116000000226e+01,-5.565841495000000094e+01,-5.565464793999999671e+01,-5.565377056999999894e+01,-5.565248529000000133e+01,-5.564859796999999730e+01,-5.564775505000000067e+01,-5.564772543000000127e+01,-5.564177059000000014e+01,-5.563506289000000038e+01,-5.563506251999999819e+01,-5.563395900999999810e+01,-5.562519211000000041e+01,-5.562081211999999653e+01,-5.562023007999999891e+01,-5.561684028999999896e+01,-5.561356296000000299e+01,-5.561242339999999729e+01,-5.561202947000000307e+01,-5.561086678000000205e+01,-5.560970274000000302e+01,-5.560891440999999702e+01,-5.560858205000000254e+01,-5.560274852999999950e+01,-5.560269080999999858e+01
2.100000000000000089e+00,-5.605647449740000354e+01,-5.567763303000000263e+01,-5.567207081000000102e+01,-5.567086603999999994e+01,-5.566879330999999809e+01,-5.566455503000000249e+01,-5.566332738999999918e+01,-5.565928498000000246e+01,-5.565313137999999782e+01,-5.565272457999999745e+01,-5.565094496999999762e+01,-5.564895805999999823e+01,-5.564823581999999647e+01,-5.564771959000000123e+01,-5.564476196999999758e+01,-5.563526952000000136e+01,-5.563447167000000348e+01,-5.563268888999999717e+01,-5.562541371999999740e+01,-5.562110899999999702e+01,-5.561905251999999678e+01,-5.561529981999999706e+01,-5.561284987999999885e+01,-5.561208076999999861e+01,-5.561099604999999713e+01,-5.561042041999999697e+01,-5.560929709999999915e+01,-5.560878536999999966e+01,-5.560812463999999977e+01,-5.560288508000000007e+01,-5.560237656999999700e+01
2.049999999999999822e+00,-5.605451219190000245e+01,-5.566785773000000148e+01,-5.566587993000000267e+01,-5.565963545000000323e+01,-5.565301752999999962e+01,-5.565048328000000311e+01,-5.564987327000000050e+01,-5.564906060999999937e+01,-5.564862008000000060e+01,-5.564722158000000007e+01,-5.564637508999999937e+01,-5.564350318999999701e+01,-5.563612101999999737e+01,-5.563514906000000337e+01,-5.562992719999999736e+01,-5.562643918999999926e+01,-5.562184383000000309e+01,-5.561750930000000182e+01,-5.561450157000000161e+01,-5.561407215999999920e+01,-5.561216502999999989e+01,-5.561194968000000216e+01,-5.561137302000000204e+01,-5.561091689999999943e+01,-5.560856486000000132e+01,-5.560678706000000204e+01,-5.560617364000000151e+01,-5.560291540000000055e+01,-5.560228505999999982e+01,-5.560079832000000266e+01,-5.560006486999999709e+01
2.000000000000000000e+00,-5.605229802459999888e+01,-5.567826857000000018e+01,-5.567475660000000204e+01,-5.567153754999999649e+01,-5.566971247000000034e+01,-5.566812880999999891e+01,-5.565932919000000112e+01,-5.565402645999999720e+01,-5.565291770000000326e+01,-5.564873949999999780e+01,-5.564786320999999703e+01,-5.564760977000000253e+01,-5.564546380000000170e+01,-5.564458256000000347e+01,-5.563769157000000121e+01,-5.563594135999999679e+01,-5.562842196999999800e+01,-5.562672650999999746e+01,-5.562260701999999668e+01,-5.561627227999999690e+01,-5.561416054000000031e+01,-5.561407109000000304e+01,-5.561401271999999807e+01,-5.561050197000000139e+01,-5.560848297999999801e+01,-5.560749220000000292e+01,-5.560580525999999679e+01,-5.560439736000000011e+01,-5.560298434999999984e+01,-5.560260525999999714e+01,-5.560187684000000274e+01
1.949999999999999956e+00,-5.604980872840000217e+01,-5.567729861000000113e+01,-5.567610392000000274e+01,-5.567536711000000338e+01,-5.567061404999999752e+01,-5.566949653000000353e+01,-5.565842809000000102e+01,-5.565732895000000013e+01,-5.565557995000000346e+01,-5.564830385999999862e+01,-5.564542914999999823e+01,-5.564479670000000056e+01,-5.564306581000000307e+01,-5.564219536000000232e+01,-5.563918011999999891e+01,-5.563667451999999969e+01,-5.563125517999999659e+01,-5.562341366999999792e+01,-5.562302822000000191e+01,-5.561730731000000105e+01,-5.561722550000000354e+01,-5.561641563999999960e+01,-5.561198166999999870e+01,-5.560980844000000189e+01,-5.560861758000000066e+01,-5.560689595000000196e+01,-5.560536227000000054e+01,-5.560390107999999998e+01,-5.560320990000000307e+01,-5.560085552000000320e+01,-5.560069724000000235e+01
1.899999999999999911e+00,-5.604702226389999709e+01,-5.567821016999999983e+01,-5.567184997999999752e+01,-5.567169744000000264e+01,-5.566989329999999825e+01,-5.566232518999999712e+01,-5.565740201999999925e+01,-5.565739440000000116e+01,-5.564678855999999740e+01,-5.564467248999999782e+01,-5.564359534999999823e+01,-5.564120848000000308e+01,-5.563815937999999761e+01,-5.563756777999999770e+01,-5.563665771000000149e+01,-5.563470637000000352e+01,-5.562464348999999686e+01,-5.562096428000000259e+01,-5.561975395999999705e+01,-5.561894454000000110e+01,-5.561876474999999687e+01,-5.561333110000000346e+01,-5.560948834999999946e+01,-5.560939324999999656e+01,-5.560579538000000355e+01,-5.560456432000000149e+01,-5.560201101999999906e+01,-5.560167475000000081e+01,-5.560143060000000048e+01,-5.559931073999999995e+01,-5.559761252999999925e+01
1.850000000000000089e+00,-5.604391949520000082e+01,-5.567339412999999837e+01,-5.566949025000000262e+01,-5.566785106999999755e+01,-5.566658018999999769e+01,-5.565944023000000129e+01,-5.565672425000000345e+01,-5.564794830000000303e+01,-5.564393902999999852e+01,-5.564368488000000212e+01,-5.563833370999999772e+01,-5.563701455000000351e+01,-5.563469556999999810e+01,-5.563419241999999798e+01,-5.563339909999999833e+01,-5.562736034999999646e+01,-5.562465548000000126e+01,-5.562185211999999979e+01,-5.562181589000000059e+01,-5.561839481999999890e+01,-5.561385795000000343e+01,-5.561066094000000248e+01,-5.560831790000000296e+01,-5.560576808999999798e+01,-5.560348587000000009e+01,-5.560327010000000314e+01,-5.560059993000000134e+01,-5.559966057999999833e+01,-5.559754396000000298e+01,-5.559750220000000098e+01,-5.559478073999999737e+01
1.800000000000000044e+00,-5.604048654910000238e+01,-5.568731316000000220e+01,-5.567898328999999791e+01,-5.567508789000000036e+01,-5.567389426999999813e+01,-5.567162790999999800e+01,-5.566816558000000015e+01,-5.566169903000000119e+01,-5.565626682999999986e+01,-5.565146172000000035e+01,-5.564563105999999948e+01,-5.564386453000000188e+01,-5.563793438999999807e+01,-5.563266792000000294e+01,-5.563204035999999775e+01,-5.563064230999999893e+01,-5.562825476999999808e+01,-5.562625804000000329e+01,-5.562534421000000151e+01,-5.562312258000000043e+01,-5.562251688999999999e+01,-5.561483982000000026e+01,-5.560896791999999778e+01,-5.560545467000000031e+01,-5.560502420000000257e+01,-5.560112096999999665e+01,-5.560060110999999949e+01,-5.559785579999999783e+01,-5.559252604999999647e+01,-5.558151967999999954e+01,-5.556908116000000319e+01
1.750000000000000000e+00,-5.603671804270000223e+01,-5.568498950000000036e+01,-5.568044816999999824e+01,-5.567597337000000124e+01,-5.567347286999999767e+01,-5.566613531000000137e+01,-5.566538563000000295e+01,-5.566412572000000125e+01,-5.565512437000000290e+01,-5.565467389999999881e+01,-5.564878209999999825e+01,-5.564772811000000274e+01,-5.563789575999999926e+01,-5.563430101000000150e+01,-5.563270251000000144e+01,-5.563140558999999996e+01,-5.562826195000000240e+01,-5.562728921000000071e+01,-5.562248386000000266e+01,-5.562158466999999717e+01,-5.562113361000000111e+01,-5.562036730999999889e+01,-5.561012386000000163e+01,-5.560647613999999805e+01,-5.560385088999999681e+01,-5.560103655999999717e+01,-5.559978190999999725e+01,-5.559451428999999933e+01,-5.558688490000000115e+01,-5.558063580000000314e+01,-5.557229557000000142e+01
1.699999999999999956e+00,-5.603262132399999729e+01,-5.568535365999999698e+01,-5.568522537999999855e+01,-5.567277252000000232e+01,-5.566727256000000068e+01,-5.566691408999999879e+01,-5.566500583999999918e+01,-5.565777044000000018e+01,-5.565693230000000113e+01,-5.565269085999999987e+01,-5.565249407000000303e+01,-5.565072474000000113e+01,-5.564445762999999801e+01,-5.563789402999999822e+01,-5.563665214000000248e+01,-5.563077308999999815e+01,-5.562954897000000187e+01,-5.562767874000000035e+01,-5.562345917999999756e+01,-5.561993891000000190e+01,-5.561639464000000288e+01,-5.561474926999999724e+01,-5.561068003999999831e+01,-5.560734636000000108e+01,-5.560184904999999844e+01,-5.560045906999999943e+01,-5.559718817000000257e+01,-5.559332622000000157e+01,-5.558176392000000021e+01,-5.557940914000000276e+01,-5.557438738999999828e+01
1.649999999999999911e+00,-5.602822175539999705e+01,-5.568892432999999897e+01,-5.568509299000000112e+01,-5.567102643999999856e+01,-5.566751667999999853e+01,-5.566596751000000154e+01,-5.565952216000000163e+01,-5.565761901999999850e+01,-5.565701255999999830e+01,-5.565432494000000219e+01,-5.565079115000000343e+01,-5.564838850000000292e+01,-5.564698392999999754e+01,-5.564502264000000054e+01,-5.563850208000000208e+01,-5.563456672000000225e+01,-5.563330813000000319e+01,-5.562793866999999892e+01,-5.562009321000000028e+01,-5.561842075999999935e+01,-5.561142365999999981e+01,-5.560974679000000265e+01,-5.560955690000000118e+01,-5.560425021999999728e+01,-5.560223209000000111e+01,-5.559613537999999977e+01,-5.559251015000000251e+01,-5.559170217999999863e+01,-5.558139913000000121e+01,-5.557932645999999721e+01,-5.557580594000000218e+01
1.600000000000000089e+00,-5.602356891910000058e+01,-5.569183329999999899e+01,-5.568629971000000012e+01,-5.567599994999999780e+01,-5.566813609999999812e+01,-5.566544994000000202e+01,-5.566198035000000033e+01,-5.566116102000000154e+01,-5.565549699999999689e+01,-5.565273255000000319e+01,-5.565131591000000100e+01,-5.564858791999999710e+01,-5.564740471999999727e+01,-5.563989191000000289e+01,-5.563884283000000153e+01,-5.563781679000000224e+01,-5.563143277999999725e+01,-5.562887127999999848e+01,-5.562171542000000102e+01,-5.561202223000000089e+01,-5.561193839999999966e+01,-5.560810134999999832e+01,-5.560365054999999757e+01,-5.560286674000000318e+01,-5.559669889999999981e+01,-5.559133952999999906e+01,-5.558893393000000316e+01,-5.558629369999999881e+01,-5.558480560000000281e+01,-5.558144288999999816e+01,-5.557344856999999649e+01
1.550000000000000044e+00,-5.601874374469999651e+01,-5.568939882000000097e+01,-5.568308772999999690e+01,-5.568242580999999802e+01,-5.566991224000000216e+01,-5.566968444999999832e+01,-5.566619244999999694e+01,-5.566505576000000133e+01,-5.566107035000000280e+01,-5.565636436999999859e+01,-5.565531382000000349e+01,-5.564385631999999760e+01,-5.564285301999999689e+01,-5.564070910000000225e+01,-5.563629808999999682e+01,-5.563096243999999757e+01,-5.562541181000000279e+01,-5.562477633999999682e+01,-5.562292973999999646e+01,-5.561294694000000050e+01,-5.560780893999999819e+01,-5.560641497000000300e+01,-5.560364970999999912e+01,-5.559770316000000179e+01,-5.559341287000000165e+01,-5.559201005999999978e+01,-5.558978573000000267e+01,-5.558795358999999792e+01,-5.558321569999999667e+01,-5.557530332999999700e+01,-5.556885910999999822e+01
1.500000000000000000e+00,-5.601386770389999725e+01,-5.569234852999999674e+01,-5.569019509999999684e+01,-5.567892769000000186e+01,-5.567386590000000268e+01,-5.567060920000000124e+01,-5.567032523000000310e+01,-5.567012583999999720e+01,-5.566511956000000083e+01,-5.566501850000000218e+01,-5.565529808000000145e+01,-5.564988710000000083e+01,-5.564128713000000204e+01,-5.563811909999999727e+01,-5.563385971000000296e+01,-5.562285401999999834e+01,-5.562017102000000079e+01,-5.561867131000000342e+01,-5.561415702000000039e+01,-5.561368144000000058e+01,-5.561062068999999752e+01,-5.560484725999999966e+01,-5.560172871999999700e+01,-5.559913411000000139e+01,-5.559436777999999890e+01,-5.559382919000000101e+01,-5.558866548000000307e+01,-5.558498957999999845e+01,-5.558000284999999963e+01,-5.556759879999999896e+01,-5.556560060999999706e+01
1.449999999999999956e+00,-5.600911828230000111e+01,-5.569911165999999980e+01,-5.568973306000000179e+01,-5.568001303999999863e+01,-5.567800122999999957e+01,-5.567644196999999906e+01,-5.567572155999999950e+01,-5.566991646999999688e+01,-5.566529263000000327e+01,-5.566245517000000120e+01,-5.565711278999999934e+01,-5.565499642999999708e+01,-5.564568651999999815e+01,-5.564179834000000113e+01,-5.562756609000000196e+01,-5.562224886999999995e+01,-5.562044377000000139e+01,-5.561599935000000272e+01,-5.561427120999999829e+01,-5.561027888999999647e+01,-5.560646677999999810e+01,-5.560409836000000183e+01,-5.560311112000000122e+01,-5.559315889999999882e+01,-5.559169267000000048e+01,-5.558897739999999743e+01,-5.558806056000000240e+01,-5.558184074999999780e+01,-5.557772963000000033e+01,-5.557233426999999892e+01,-5.555546806000000259e+01
1.399999999999999911e+00,-5.600475907700000278e+01,-5.570553862999999950e+01,-5.570082302000000141e+01,-5.569084485999999856e+01,-5.568769331000000022e+01,-5.568168218999999652e+01,-5.566932103999999981e+01,-5.566642611000000329e+01,-5.566545722000000040e+01,-5.566128087999999963e+01,-5.565564212000000310e+01,-5.565534445000000119e+01,-5.565150746999999853e+01,-5.564252534999999966e+01,-5.563233553999999970e+01,-5.562623186999999803e+01,-5.561971158000000059e+01,-5.561910941000000008e+01,-5.561417387000000190e+01,-5.561226208000000071e+01,-5.561184549000000032e+01,-5.560594197999999722e+01,-5.559410915000000131e+01,-5.559252217000000229e+01,-5.559190628999999717e+01,-5.558920450000000102e+01,-5.558599722000000298e+01,-5.558139743000000266e+01,-5.557178846000000050e+01,-5.556645895999999851e+01,-5.555414841000000337e+01
1.350000000000000089e+00,-5.600119097759999676e+01,-5.570804582000000238e+01,-5.570801053999999652e+01,-5.570267842999999885e+01,-5.570028700999999671e+01,-5.568815653000000054e+01,-5.567451779000000300e+01,-5.566910805999999923e+01,-5.566840003000000081e+01,-5.566703657000000049e+01,-5.565757287999999647e+01,-5.564372967999999986e+01,-5.564367582999999939e+01,-5.564210578000000140e+01,-5.563990385999999688e+01,-5.562762046000000282e+01,-5.562738439000000312e+01,-5.562528092000000157e+01,-5.561572091000000029e+01,-5.561473389999999739e+01,-5.561155205000000024e+01,-5.560624991000000250e+01,-5.560491439999999841e+01,-5.560199922999999700e+01,-5.559628797999999961e+01,-5.559182943999999793e+01,-5.558632333999999986e+01,-5.558061836000000255e+01,-5.556808410000000009e+01,-5.556351818000000264e+01,-5.555490001999999805e+01
1.300000000000000044e+00,-5.599899739119999964e+01,-5.571452239999999989e+01,-5.571266505999999907e+01,-5.571172175000000237e+01,-5.570890756000000010e+01,-5.569445271000000020e+01,-5.568355902999999785e+01,-5.568061426999999952e+01,-5.567044807999999989e+01,-5.567013745999999941e+01,-5.566469327000000078e+01,-5.564631665999999655e+01,-5.564545598000000126e+01,-5.563380906999999809e+01,-5.563358155000000238e+01,-5.562973953000000193e+01,-5.562913671999999821e+01,-5.562682420000000150e+01,-5.561967952999999909e+01,-5.561848221999999708e+01,-5.561823239000000285e+01,-5.561517855999999682e+01,-5.561320373000000217e+01,-5.560745983999999709e+01,-5.560459868000000228e+01,-5.559094321999999977e+01,-5.559055977999999953e+01,-5.558120519999999942e+01,-5.557124690999999927e+01,-5.556573142999999959e+01,-5.556253023000000013e+01
1.250000000000000000e+00,-5.599882693450000204e+01,-5.572192233999999900e+01,-5.571675608999999696e+01,-5.571597533999999996e+01,-5.570815867000000310e+01,-5.569969839000000178e+01,-5.569320903999999928e+01,-5.569150824999999827e+01,-5.567751330000000110e+01,-5.567310346000000010e+01,-5.567070747999999725e+01,-5.564719758999999755e+01,-5.564550310999999994e+01,-5.563933956000000336e+01,-5.563710007000000246e+01,-5.563198263000000310e+01,-5.563149068999999969e+01,-5.563079816999999849e+01,-5.562745103000000313e+01,-5.562023555999999758e+01,-5.561973539000000244e+01,-5.561558363999999699e+01,-5.561470609999999937e+01,-5.561282017999999994e+01,-5.560700528999999648e+01,-5.559834598999999855e+01,-5.559750343999999700e+01,-5.558455545999999714e+01,-5.557741185999999800e+01,-5.557522120000000143e+01,-5.556975379000000004e+01
1.199999999999999956e+00,-5.600084043270000222e+01,-5.572442774999999671e+01,-5.571977756999999798e+01,-5.571930993000000143e+01,-5.570407071000000343e+01,-5.570388711999999742e+01,-5.570338292999999652e+01,-5.569758044000000297e+01,-5.568744683999999978e+01,-5.567522307000000126e+01,-5.567290561000000082e+01,-5.564817675999999835e+01,-5.564709692999999646e+01,-5.564284880999999672e+01,-5.564207610999999787e+01,-5.564020831999999928e+01,-5.563651705000000192e+01,-5.563524126000000081e+01,-5.562893590000000188e+01,-5.562368648000000348e+01,-5.561998300999999856e+01,-5.561927270000000334e+01,-5.561851313999999746e+01,-5.561130821999999796e+01,-5.560450237999999956e+01,-5.560386556000000269e+01,-5.559125753000000003e+01,-5.559008743999999780e+01,-5.558501635999999735e+01,-5.558444227999999754e+01,-5.557396537000000336e+01
1.149999999999999911e+00,-5.600419839109999742e+01,-5.572508643999999833e+01,-5.572068321999999796e+01,-5.572045689000000124e+01,-5.571208580999999782e+01,-5.570607799999999799e+01,-5.570219514000000061e+01,-5.569555435000000188e+01,-5.569548256000000208e+01,-5.567531516999999752e+01,-5.567315477999999729e+01,-5.565379556999999977e+01,-5.565173013999999796e+01,-5.564865945999999752e+01,-5.564769504000000211e+01,-5.563997014000000263e+01,-5.563730280000000050e+01,-5.563385500999999778e+01,-5.562874207000000126e+01,-5.562709223000000236e+01,-5.562259277999999796e+01,-5.562224570000000057e+01,-5.561735459999999875e+01,-5.560996811999999778e+01,-5.560760940000000119e+01,-5.560158796999999709e+01,-5.559398497000000106e+01,-5.559248998000000341e+01,-5.559043751000000100e+01,-5.558790503000000172e+01,-5.557714496999999909e+01
1.100000000000000089e+00,-5.600752290970000047e+01,-5.572365451000000292e+01,-5.571899632000000224e+01,-5.571899383000000228e+01,-5.571731201000000056e+01,-5.570799693000000019e+01,-5.570566132999999809e+01,-5.570142742000000169e+01,-5.568293820000000238e+01,-5.567273837999999841e+01,-5.567099836999999951e+01,-5.565828742000000062e+01,-5.565802493999999712e+01,-5.565505087999999745e+01,-5.564786407999999795e+01,-5.564215990000000289e+01,-5.563441900000000118e+01,-5.563178477000000299e+01,-5.562699087000000020e+01,-5.562406585000000092e+01,-5.562404865999999970e+01,-5.562368607999999881e+01,-5.561616388000000200e+01,-5.560899995999999845e+01,-5.560890126999999694e+01,-5.559723160000000064e+01,-5.559535641000000084e+01,-5.559533599000000237e+01,-5.559365411999999651e+01,-5.559197644000000338e+01,-5.557760841000000340e+01
1.050000000000000044e+00,-5.600944395799999853e+01,-5.572002721999999864e+01,-5.571868591999999865e+01,-5.571474887000000109e+01,-5.571464033000000171e+01,-5.570803168999999855e+01,-5.570716791000000256e+01,-5.570429459000000350e+01,-5.566993224000000140e+01,-5.566591698999999949e+01,-5.566563683999999768e+01,-5.566193426000000244e+01,-5.565894265000000019e+01,-5.565801101999999645e+01,-5.564837765000000047e+01,-5.564268390000000153e+01,-5.563153189999999881e+01,-5.562718969000000158e+01,-5.562298564000000312e+01,-5.562229330000000260e+01,-5.562112795000000176e+01,-5.561935659000000243e+01,-5.561566831999999749e+01,-5.560778237000000246e+01,-5.560411148000000026e+01,-5.559840779000000310e+01,-5.559731353000000098e+01,-5.559344047999999816e+01,-5.559242703000000319e+01,-5.558592342000000031e+01,-5.557443487999999832e+01
1.000000000000000000e+00,-5.600860659840000011e+01,-5.571449520000000177e+01,-5.571425864999999789e+01,-5.570894219000000191e+01,-5.570893321999999870e+01,-5.570384497999999951e+01,-5.570362824000000046e+01,-5.570125041000000010e+01,-5.566247695999999934e+01,-5.566060262999999964e+01,-5.565997064999999822e+01,-5.565946548000000149e+01,-5.565711062999999825e+01,-5.564725622000000271e+01,-5.564448577000000284e+01,-5.563736363000000296e+01,-5.562481300999999689e+01,-5.562383540999999809e+01,-5.561685392999999777e+01,-5.561660905000000099e+01,-5.561394786000000323e+01,-5.561292102000000170e+01,-5.561184203999999909e+01,-5.560334624000000048e+01,-5.559750815999999674e+01,-5.559441017999999701e+01,-5.559409867000000105e+01,-5.558765784999999937e+01,-5.558755595000000227e+01,-5.557673147999999941e+01,-5.556779319000000328e+01
9.499999999999999556e-01,-5.600350096060000027e+01,-5.570687909000000104e+01,-5.570275852000000327e+01,-5.570272417999999703e+01,-5.570230769999999865e+01,-5.569293280000000124e+01,-5.569128082999999663e+01,-5.568906536000000074e+01,-5.565837753000000276e+01,-5.565535298999999725e+01,-5.565375665999999910e+01,-5.564641544999999923e+01,-5.564342821999999700e+01,-5.564210417000000319e+01,-5.563631682999999839e+01,-5.561700315000000217e+01,-5.561540836000000354e+01,-5.561446707999999717e+01,-5.560870033999999862e+01,-5.560729818000000080e+01,-5.560486153000000087e+01,-5.560427460999999738e+01,-5.559811821000000265e+01,-5.559392391000000089e+01,-5.559086866999999899e+01,-5.558334134999999776e+01,-5.558106923999999793e+01,-5.557697560999999808e+01,-5.557599972999999949e+01,-5.556471796000000296e+01,-5.556260278999999969e+01
9.000000000000000222e-01,-5.599228397099999910e+01,-5.569462029999999686e+01,-5.569141285999999980e+01,-5.569137963000000013e+01,-5.568224827000000232e+01,-5.567440604000000093e+01,-5.567152954000000165e+01,-5.566906213000000037e+01,-5.564792546999999701e+01,-5.564489706999999896e+01,-5.564063052000000198e+01,-5.563074284000000347e+01,-5.562786745999999738e+01,-5.562329196000000309e+01,-5.562273935999999708e+01,-5.560417893000000333e+01,-5.560184641000000028e+01,-5.559763866000000121e+01,-5.559359314000000296e+01,-5.559122529999999784e+01,-5.558582765999999964e+01,-5.558481247000000280e+01,-5.558231746999999956e+01,-5.557679283000000225e+01,-5.557417573000000033e+01,-5.556413816999999966e+01,-5.556166095999999754e+01,-5.556046213999999850e+01,-5.555573004000000026e+01,-5.555211795999999680e+01,-5.554776758999999942e+01
8.499999999999999778e-01,-5.597258661389999901e+01,-5.567449754999999811e+01,-5.567170002999999667e+01,-5.567167496999999798e+01,-5.565293725000000080e+01,-5.564698625999999848e+01,-5.564294467999999938e+01,-5.564012026000000333e+01,-5.562883212999999927e+01,-5.562581251000000293e+01,-5.561871055000000297e+01,-5.561063837999999748e+01,-5.560554885999999897e+01,-5.559603778000000318e+01,-5.559457974000000036e+01,-5.558289708000000218e+01,-5.558084464000000224e+01,-5.557819772999999941e+01,-5.557187842999999816e+01,-5.557057523000000288e+01,-5.556148232000000320e+01,-5.555828807999999697e+01,-5.555266552999999874e+01,-5.554830934999999670e+01,-5.554541359000000256e+01,-5.553637227000000109e+01,-5.553599180999999874e+01,-5.553566641999999831e+01,-5.553434529999999825e+01,-5.553263735000000167e+01,-5.552400071999999653e+01
8.000000000000000444e-01,-5.594127298749999966e+01,-5.564304558999999983e+01,-5.564047456000000125e+01,-5.564023130999999722e+01,-5.561192116000000141e+01,-5.560817999999999728e+01,-5.560268631999999656e+01,-5.559948375999999826e+01,-5.559800391000000275e+01,-5.559501258000000234e+01,-5.558489464000000169e+01,-5.557848039999999656e+01,-5.557324873000000309e+01,-5.555611763000000280e+01,-5.555461889000000042e+01,-5.554977747000000221e+01,-5.554876490000000189e+01,-5.554716145999999810e+01,-5.553930158000000006e+01,-5.553872913000000011e+01,-5.552943041000000335e+01,-5.551998918999999688e+01,-5.551317038999999909e+01,-5.550677209999999917e+01,-5.550543886999999899e+01,-5.550465750000000043e+01,-5.550280264999999957e+01,-5.549990343999999709e+01,-5.549652033999999645e+01,-5.549479664999999784e+01,-5.549072455000000303e+01
7.500000000000000000e-01,-5.589411474159999926e+01,-5.559591017000000335e+01,-5.559344378000000120e+01,-5.559282506000000268e+01,-5.555546482999999824e+01,-5.555447588999999908e+01,-5.555108900999999832e+01,-5.554858722000000171e+01,-5.554645834000000093e+01,-5.554316450999999688e+01,-5.553495453000000026e+01,-5.552976844999999884e+01,-5.552519601000000193e+01,-5.550260284000000155e+01,-5.550116415000000103e+01,-5.550038370000000043e+01,-5.550027484000000300e+01,-5.549743217999999700e+01,-5.549126094999999737e+01,-5.549122272000000322e+01,-5.548148204999999678e+01,-5.546732407999999737e+01,-5.545862400000000036e+01,-5.545843761999999799e+01,-5.545598663999999900e+01,-5.545071217000000274e+01,-5.544949898000000132e+01,-5.544896537999999708e+01,-5.544444541000000015e+01,-5.544056991000000068e+01,-5.543990296999999856e+01
6.999999999999999556e-01,-5.582533665009999879e+01,-5.552726033999999800e+01,-5.552482194000000248e+01,-5.552367110000000139e+01,-5.548347935000000319e+01,-5.548019565999999969e+01,-5.547956648000000257e+01,-5.547840141999999730e+01,-5.546928394999999767e+01,-5.546560328000000339e+01,-5.546295874999999853e+01,-5.545836300999999935e+01,-5.545537783999999704e+01,-5.543238048999999990e+01,-5.543216934000000151e+01,-5.543176547000000198e+01,-5.542345372999999853e+01,-5.542230613000000261e+01,-5.542165880999999672e+01,-5.542086375000000231e+01,-5.541162102999999917e+01,-5.539474333999999800e+01,-5.538996419000000060e+01,-5.538754164000000202e+01,-5.538260621999999955e+01,-5.537981589999999699e+01,-5.537646312999999765e+01,-5.537436103000000287e+01,-5.536941458999999810e+01,-5.536696492000000092e+01,-5.536678522999999785e+01
6.500000000000000222e-01,-5.572696902519999895e+01,-5.542909920000000312e+01,-5.542663739999999706e+01,-5.542477457999999757e+01,-5.538551333000000199e+01,-5.538241477999999773e+01,-5.537760441999999728e+01,-5.537363569000000041e+01,-5.536288866000000297e+01,-5.536069875999999823e+01,-5.535906242000000077e+01,-5.535613396000000108e+01,-5.535554158000000058e+01,-5.533376643999999800e+01,-5.533368723000000244e+01,-5.533302952999999746e+01,-5.532384698999999983e+01,-5.532279193000000106e+01,-5.531736664000000303e+01,-5.531631485999999853e+01,-5.531082692999999750e+01,-5.529418402000000299e+01,-5.529129861999999918e+01,-5.528946240999999873e+01,-5.528146198000000311e+01,-5.527723229000000060e+01,-5.527680380000000326e+01,-5.527133368999999874e+01,-5.526664707999999848e+01,-5.526646974999999884e+01,-5.526234906999999907e+01
5.999999999999999778e-01,-5.558790680949999796e+01,-5.529030745000000024e+01,-5.528778738999999831e+01,-5.528488277999999667e+01,-5.524708225999999911e+01,-5.524406437999999753e+01,-5.523636358000000257e+01,-5.523053983999999872e+01,-5.521830303000000129e+01,-5.521651537000000332e+01,-5.521326569000000006e+01,-5.521272534999999948e+01,-5.521239787999999749e+01,-5.519497525999999965e+01,-5.519483429000000285e+01,-5.519319385000000011e+01,-5.518474307999999695e+01,-5.518322435000000326e+01,-5.517470201999999802e+01,-5.517150408999999911e+01,-5.516642086000000234e+01,-5.515432829000000226e+01,-5.515133301000000188e+01,-5.515066542999999655e+01,-5.514171642000000162e+01,-5.513803355000000295e+01,-5.513171172999999925e+01,-5.512828767999999968e+01,-5.512630739000000091e+01,-5.512449827999999741e+01,-5.512073874000000018e+01
5.500000000000000444e-01,-5.539251571719999845e+01,-5.509324512999999968e+01,-5.509264206000000286e+01,-5.508745499999999851e+01,-5.505249624000000352e+01,-5.504954999000000271e+01,-5.503984572000000242e+01,-5.503286364000000219e+01,-5.502150833999999691e+01,-5.501482648000000353e+01,-5.501258479999999906e+01,-5.501228946999999891e+01,-5.501136600000000243e+01,-5.500004463999999871e+01,-5.499973976999999792e+01,-5.499706756999999868e+01,-5.498932394999999929e+01,-5.498744117999999759e+01,-5.497816016000000161e+01,-5.497034580999999775e+01,-5.496531298000000021e+01,-5.495881924999999768e+01,-5.495554673000000179e+01,-5.495488088999999832e+01,-5.494562344999999937e+01,-5.494292104000000165e+01,-5.493121660999999989e+01,-5.493033061999999944e+01,-5.492966461000000322e+01,-5.492662821999999778e+01,-5.492298192999999884e+01
5.000000000000000000e-01,-5.511850754609999825e+01,-5.481795628999999792e+01,-5.481721220000000017e+01,-5.480916264999999754e+01,-5.477949834999999723e+01,-5.477662698999999691e+01,-5.476544759000000084e+01,-5.475760945999999763e+01,-5.474694978000000134e+01,-5.473595319999999731e+01,-5.473424377999999990e+01,-5.473346584000000092e+01,-5.473325140000000033e+01,-5.472664057000000071e+01,-5.472620902999999970e+01,-5.472209435999999982e+01,-5.471526164000000136e+01,-5.471315624000000355e+01,-5.470332024999999732e+01,-5.469189523000000008e+01,-5.468668316000000118e+01,-5.468492125000000215e+01,-5.468185042999999723e+01,-5.467997290000000277e+01,-5.467072462000000144e+01,-5.466951099999999997e+01,-5.465610563999999982e+01,-5.465342030000000051e+01,-5.465299779000000058e+01,-5.465072089000000233e+01,-5.464671285000000012e+01
