5.000000000000000000e+00,-9.331637622999999770e-01,-9.331636824000000274e-01,-2.643931727000000120e-01,-2.643930709000000268e-01
4.990000000000000213e+00,-9.331637657000000363e-01,-9.331636814999999530e-01,-2.646052662999999749e-01,-2.646051588000000176e-01
4.980000000000000426e+00,-9.331637691999999928e-01,-9.331636803999999730e-01,-2.648182116000000197e-01,-2.648180981000000100e-01
4.969999999999999751e+00,-9.331637729999999742e-01,-9.331636792999999930e-01,-2.650320138000000214e-01,-2.650318938999999818e-01
4.959999999999999964e+00,-9.331637768999999638e-01,-9.331636782000000130e-01,-2.652466779000000052e-01,-2.652465513999999747e-01
4.950000000000000178e+00,-9.331637810999999783e-01,-9.331636770000000247e-01,-2.654622092999999738e-01,-2.654620757000000220e-01
4.940000000000000391e+00,-9.331637855000000092e-01,-9.331636757000000282e-01,-2.656786132000000245e-01,-2.656784722000000154e-01
4.929999999999999716e+00,-9.331637900000000485e-01,-9.331636743000000234e-01,-2.658958948999999850e-01,-2.658957459999999884e-01
4.919999999999999929e+00,-9.331637949000000098e-01,-9.331636729000000186e-01,-2.661140597000000163e-01,-2.661139027000000157e-01
4.910000000000000142e+00,-9.331637998999999795e-01,-9.331636714000000055e-01,-2.663331131000000185e-01,-2.663329474000000197e-01
4.900000000000000355e+00,-9.331638052999999822e-01,-9.331636697999999841e-01,-2.665530604999999942e-01,-2.665528856000000113e-01
4.889999999999999680e+00,-9.331638109000000014e-01,-9.331636680999999545e-01,-2.667739073000000016e-01,-2.667737228000000016e-01
4.879999999999999893e+00,-9.331638167000000372e-01,-9.331636664000000358e-01,-2.669956591000000046e-01,-2.669954643999999933e-01
4.870000000000000107e+00,-9.331638228999999951e-01,-9.331636644999999897e-01,-2.672183214000000140e-01,-2.672181161000000138e-01
4.860000000000000320e+00,-9.331638293999999778e-01,-9.331636625000000462e-01,-2.674418999000000019e-01,-2.674416833000000104e-01
4.849999999999999645e+00,-9.331638361999999853e-01,-9.331636604999999918e-01,-2.676664002999999958e-01,-2.676661718000000190e-01
4.839999999999999858e+00,-9.331638434000000260e-01,-9.331636583000000318e-01,-2.678918281000000068e-01,-2.678915872000000031e-01
4.830000000000000071e+00,-9.331638508999999804e-01,-9.331636559999999525e-01,-2.681181892000000233e-01,-2.681179351999999905e-01
4.820000000000000284e+00,-9.331638587999999679e-01,-9.331636535999999760e-01,-2.683454894000000257e-01,-2.683452216000000168e-01
4.809999999999999609e+00,-9.331638670999999885e-01,-9.331636509999999829e-01,-2.685737344999999943e-01,-2.685734522000000069e-01
4.799999999999999822e+00,-9.331638758000000422e-01,-9.331636482999999815e-01,-2.688029303999999731e-01,-2.688026327999999965e-01
4.790000000000000036e+00,-9.331638849000000180e-01,-9.331636454999999719e-01,-2.690330831000000145e-01,-2.690327693999999825e-01
4.780000000000000249e+00,-9.331638945000000351e-01,-9.331636424999999457e-01,-2.692641984999999960e-01,-2.692638680000000173e-01
4.769999999999999574e+00,-9.331639045999999826e-01,-9.331636394000000223e-01,-2.694962827999999866e-01,-2.694959344000000256e-01
4.759999999999999787e+00,-9.331639151999999715e-01,-9.331636360999999713e-01,-2.697293418999999748e-01,-2.697289748999999737e-01
4.750000000000000000e+00,-9.331639263000000017e-01,-9.331636326000000148e-01,-2.699633820999999823e-01,-2.699629954000000165e-01
4.740000000000000213e+00,-9.331639378999999623e-01,-9.331636289000000417e-01,-2.701984095000000141e-01,-2.701980021000000010e-01
4.730000000000000426e+00,-9.331639500999999726e-01,-9.331636250999999493e-01,-2.704344303999999810e-01,-2.704340011999999960e-01
4.719999999999999751e+00,-9.331639629000000324e-01,-9.331636210000000542e-01,-2.706714511000000156e-01,-2.706709990999999760e-01
4.709999999999999964e+00,-9.331639764000000392e-01,-9.331636167000000315e-01,-2.709094778999999731e-01,-2.709090017999999933e-01
4.700000000000000178e+00,-9.331639904999999846e-01,-9.331636121999999922e-01,-2.711485171999999944e-01,-2.711480158999999834e-01
4.690000000000000391e+00,-9.331640052999999879e-01,-9.331636075000000474e-01,-2.713885756000000149e-01,-2.713880477000000235e-01
4.679999999999999716e+00,-9.331640208000000491e-01,-9.331636024999999668e-01,-2.716296595000000091e-01,-2.716291035999999770e-01
4.669999999999999929e+00,-9.331640370999999545e-01,-9.331635971999999724e-01,-2.718717754000000153e-01,-2.718711902000000014e-01
4.660000000000000142e+00,-9.331640541000000288e-01,-9.331635916999999614e-01,-2.721149300999999854e-01,-2.721143140000000238e-01
4.650000000000000355e+00,-9.331640719999999556e-01,-9.331635859000000366e-01,-2.723591301000000131e-01,-2.723584816999999880e-01
4.639999999999999680e+00,-9.331640907999999568e-01,-9.331635797999999760e-01,-2.726043823000000033e-01,-2.726036997999999878e-01
4.629999999999999893e+00,-9.331641104000000242e-01,-9.331635734000000015e-01,-2.728506934000000106e-01,-2.728499750999999751e-01
4.620000000000000107e+00,-9.331641309999999523e-01,-9.331635665999999940e-01,-2.730980702999999954e-01,-2.730973144000000130e-01
4.610000000000000320e+00,-9.331641525999999631e-01,-9.331635594999999617e-01,-2.733465198000000207e-01,-2.733457244999999980e-01
4.599999999999999645e+00,-9.331641752999999539e-01,-9.331635520000000072e-01,-2.735960490000000078e-01,-2.735952123000000014e-01
4.589999999999999858e+00,-9.331641990000000275e-01,-9.331635442000000280e-01,-2.738466648999999808e-01,-2.738457845999999751e-01
4.580000000000000071e+00,-9.331642237999999701e-01,-9.331635359000000074e-01,-2.740983746000000276e-01,-2.740974486000000154e-01
4.570000000000000284e+00,-9.331642499000000202e-01,-9.331635271999999537e-01,-2.743511851000000057e-01,-2.743502112000000270e-01
4.559999999999999609e+00,-9.331642771999999475e-01,-9.331635180999999779e-01,-2.746051038999999805e-01,-2.746040794999999868e-01
4.549999999999999822e+00,-9.331643057999999824e-01,-9.331635084999999608e-01,-2.748601379999999761e-01,-2.748590606999999908e-01
4.540000000000000036e+00,-9.331643357000000139e-01,-9.331634984000000133e-01,-2.751162947999999941e-01,-2.751151620000000242e-01
4.530000000000000249e+00,-9.331643670999999474e-01,-9.331634877000000161e-01,-2.753735817999999891e-01,-2.753723907999999776e-01
4.519999999999999574e+00,-9.331644000000000050e-01,-9.331634765999999859e-01,-2.756320065000000263e-01,-2.756307541999999944e-01
4.509999999999999787e+00,-9.331644343999999647e-01,-9.331634649000000170e-01,-2.758915761999999883e-01,-2.758902596999999735e-01
4.500000000000000000e+00,-9.331644703999999457e-01,-9.331634525999999985e-01,-2.761522986000000124e-01,-2.761509147999999803e-01
4.490000000000000213e+00,-9.331645081999999647e-01,-9.331634396000000331e-01,-2.764141815000000224e-01,-2.764127269000000164e-01
4.480000000000000426e+00,-9.331645477000000133e-01,-9.331634260000000181e-01,-2.766772323999999728e-01,-2.766757036999999975e-01
4.469999999999999751e+00,-9.331645890999999970e-01,-9.331634117999999534e-01,-2.769414592000000175e-01,-2.769398526999999888e-01
4.459999999999999964e+00,-9.331646324000000270e-01,-9.331633968000000445e-01,-2.772068697999999776e-01,-2.772051816000000168e-01
4.450000000000000178e+00,-9.331646778000000086e-01,-9.331633809999999585e-01,-2.774734721000000071e-01,-2.774716983000000137e-01
4.440000000000000391e+00,-9.331647252000000448e-01,-9.331633645000000365e-01,-2.777412739999999824e-01,-2.777394103999999975e-01
4.429999999999999716e+00,-9.331647749000000491e-01,-9.331633471000000402e-01,-2.780102837000000271e-01,-2.780083259000000195e-01
4.419999999999999929e+00,-9.331648269000000218e-01,-9.331633288999999776e-01,-2.782805092000000258e-01,-2.782784527000000119e-01
4.410000000000000142e+00,-9.331648812999999709e-01,-9.331633097999999515e-01,-2.785519589000000074e-01,-2.785497988000000258e-01
4.400000000000000355e+00,-9.331649383000000242e-01,-9.331632896999999538e-01,-2.788246408000000232e-01,-2.788223722000000016e-01
4.389999999999999680e+00,-9.331649978999999595e-01,-9.331632685999999843e-01,-2.790985635000000076e-01,-2.790961809999999987e-01
4.379999999999999893e+00,-9.331650602000000072e-01,-9.331632464000000349e-01,-2.793737353999999895e-01,-2.793712334999999825e-01
4.370000000000000107e+00,-9.331651254999999701e-01,-9.331632232000000027e-01,-2.796501647999999896e-01,-2.796475379000000205e-01
4.360000000000000320e+00,-9.331651936999999508e-01,-9.331631987999999822e-01,-2.799278605000000142e-01,-2.799251025000000226e-01
4.349999999999999645e+00,-9.331652650999999743e-01,-9.331631731999999735e-01,-2.802068309999999896e-01,-2.802039356000000092e-01
4.339999999999999858e+00,-9.331653398000000488e-01,-9.331631462999999682e-01,-2.804870850999999776e-01,-2.804840457000000176e-01
4.330000000000000071e+00,-9.331654178999999605e-01,-9.331631180999999664e-01,-2.807686315999999849e-01,-2.807654412999999738e-01
4.320000000000000284e+00,-9.331654995000000508e-01,-9.331630884999999598e-01,-2.810514793000000178e-01,-2.810481309000000261e-01
4.309999999999999609e+00,-9.331655850000000196e-01,-9.331630574999999483e-01,-2.813356372999999966e-01,-2.813321232000000061e-01
4.299999999999999822e+00,-9.331656742999999699e-01,-9.331630249000000266e-01,-2.816211144999999916e-01,-2.816174268000000147e-01
4.290000000000000036e+00,-9.331657677000000373e-01,-9.331629907999999807e-01,-2.819079199999999785e-01,-2.819040506000000113e-01
4.280000000000000249e+00,-9.331658654000000164e-01,-9.331629549000000079e-01,-2.821960631000000053e-01,-2.821920031999999856e-01
4.269999999999999574e+00,-9.331659675000000265e-01,-9.331629173000000055e-01,-2.824855530000000003e-01,-2.824812937000000246e-01
4.259999999999999787e+00,-9.331660741999999731e-01,-9.331628778999999652e-01,-2.827763990000000116e-01,-2.827719309000000236e-01
4.250000000000000000e+00,-9.331661857999999921e-01,-9.331628365999999897e-01,-2.830686107000000007e-01,-2.830639239000000140e-01
4.240000000000000213e+00,-9.331663024999999889e-01,-9.331627932999999597e-01,-2.833621975999999765e-01,-2.833572817000000188e-01
4.230000000000000426e+00,-9.331664243999999719e-01,-9.331627477999999698e-01,-2.836571690999999951e-01,-2.836520135000000220e-01
4.219999999999999751e+00,-9.331665517999999659e-01,-9.331627002000000282e-01,-2.839535350999999874e-01,-2.839481283999999994e-01
4.209999999999999964e+00,-9.331666849999999958e-01,-9.331626503000000072e-01,-2.842513053999999872e-01,-2.842456358000000072e-01
4.200000000000000178e+00,-9.331668241999999669e-01,-9.331625979000000015e-01,-2.845504897000000200e-01,-2.845445449999999821e-01
4.190000000000000391e+00,-9.331669696000000069e-01,-9.331625430000000110e-01,-2.848510980000000248e-01,-2.848448653999999802e-01
4.179999999999999716e+00,-9.331671216000000380e-01,-9.331624855000000274e-01,-2.851531402999999965e-01,-2.851466062999999940e-01
4.169999999999999929e+00,-9.331672803999999655e-01,-9.331624252000000341e-01,-2.854566269000000100e-01,-2.854497775000000015e-01
4.160000000000000142e+00,-9.331674463000000364e-01,-9.331623620000000230e-01,-2.857615678000000048e-01,-2.857543884000000034e-01
4.150000000000000355e+00,-9.331676196000000534e-01,-9.331622957999999857e-01,-2.860679735000000168e-01,-2.860604487000000251e-01
4.139999999999999680e+00,-9.331678006000000414e-01,-9.331622264000000166e-01,-2.863758542000000018e-01,-2.863679680999999810e-01
4.129999999999999893e+00,-9.331679897000000334e-01,-9.331621536999999966e-01,-2.866852205000000042e-01,-2.866769563000000076e-01
4.120000000000000107e+00,-9.331681872999999516e-01,-9.331620776000000284e-01,-2.869960830000000129e-01,-2.869874232999999886e-01
4.110000000000000320e+00,-9.331683936000000346e-01,-9.331619977999999760e-01,-2.873084523000000168e-01,-2.872993789000000131e-01
4.099999999999999645e+00,-9.331686089999999822e-01,-9.331619142000000533e-01,-2.876223391000000129e-01,-2.876128331000000204e-01
4.089999999999999858e+00,-9.331688340999999554e-01,-9.331618266000000217e-01,-2.879377544000000233e-01,-2.879277959000000053e-01
4.080000000000000071e+00,-9.331690689999999622e-01,-9.331617348999999839e-01,-2.882547091000000061e-01,-2.882442774000000263e-01
4.070000000000000284e+00,-9.331693143999999496e-01,-9.331616389000000344e-01,-2.885732142999999916e-01,-2.885622876000000225e-01
4.059999999999999609e+00,-9.331695706000000534e-01,-9.331615383000000374e-01,-2.888932810000000018e-01,-2.888818369000000219e-01
4.049999999999999822e+00,-9.331698379999999737e-01,-9.331614329999999846e-01,-2.892149205999999806e-01,-2.892029354999999802e-01
4.040000000000000036e+00,-9.331701172999999905e-01,-9.331613225999999539e-01,-2.895381443000000221e-01,-2.895255936000000196e-01
4.030000000000000249e+00,-9.331704088000000175e-01,-9.331612071999999536e-01,-2.898629636999999759e-01,-2.898498217000000099e-01
4.019999999999999574e+00,-9.331707130999999933e-01,-9.331610862000000450e-01,-2.901893902000000081e-01,-2.901756301000000260e-01
4.009999999999999787e+00,-9.331710306999999593e-01,-9.331609596000000062e-01,-2.905174354000000236e-01,-2.905030292999999930e-01
4.000000000000000000e+00,-9.331713621999999653e-01,-9.331608271000000343e-01,-2.908471112000000081e-01,-2.908320300000000191e-01
3.990000000000000213e+00,-9.331717081999999497e-01,-9.331606883999999935e-01,-2.911784292999999857e-01,-2.911626425000000129e-01
3.979999999999999982e+00,-9.331720692999999622e-01,-9.331605431999999700e-01,-2.915114017000000057e-01,-2.914948775999999797e-01
3.970000000000000195e+00,-9.331724461000000526e-01,-9.331603912000000500e-01,-2.918460404000000064e-01,-2.918287459000000195e-01
3.959999999999999964e+00,-9.331728392999999455e-01,-9.331602321999999949e-01,-2.921823575999999978e-01,-2.921642582000000266e-01
3.950000000000000178e+00,-9.331732496000000321e-01,-9.331600656999999854e-01,-2.925203654999999903e-01,-2.925014253000000064e-01
3.939999999999999947e+00,-9.331736777000000371e-01,-9.331598916000000132e-01,-2.928600765000000106e-01,-2.928402578000000034e-01
3.930000000000000160e+00,-9.331741244000000268e-01,-9.331597093000000287e-01,-2.932015029999999745e-01,-2.931807666999999840e-01
3.919999999999999929e+00,-9.331745903000000508e-01,-9.331595186000000153e-01,-2.935446575999999808e-01,-2.935229629000000173e-01
3.910000000000000142e+00,-9.331750763999999698e-01,-9.331593191999999481e-01,-2.938895529000000173e-01,-2.938668573000000062e-01
3.899999999999999911e+00,-9.331755833999999528e-01,-9.331591104999999997e-01,-2.942362016999999774e-01,-2.942124608999999724e-01
3.890000000000000124e+00,-9.331761122999999714e-01,-9.331588922000000341e-01,-2.945846168999999848e-01,-2.945597845999999853e-01
3.879999999999999893e+00,-9.331766638999999808e-01,-9.331586638000000100e-01,-2.949348115000000048e-01,-2.949088395999999723e-01
3.870000000000000107e+00,-9.331772391999999527e-01,-9.331584250000000136e-01,-2.952867985000000028e-01,-2.952596366999999944e-01
3.859999999999999876e+00,-9.331778391999999700e-01,-9.331581751999999952e-01,-2.956405912000000247e-01,-2.956121872999999955e-01
3.850000000000000089e+00,-9.331784647999999960e-01,-9.331579140000000328e-01,-2.959962029000000050e-01,-2.959665021999999812e-01
3.839999999999999858e+00,-9.331791173000000272e-01,-9.331576408999999739e-01,-2.963536469999999978e-01,-2.963225926999999982e-01
3.830000000000000071e+00,-9.331797975000000189e-01,-9.331573552999999910e-01,-2.967129369000000016e-01,-2.966804699999999739e-01
3.819999999999999840e+00,-9.331805067999999759e-01,-9.331570567000000427e-01,-2.970740863999999926e-01,-2.970401450999999859e-01
3.810000000000000053e+00,-9.331812461999999808e-01,-9.331567444999999683e-01,-2.974371091999999939e-01,-2.974016293000000255e-01
3.799999999999999822e+00,-9.331820171000000386e-01,-9.331564181000000513e-01,-2.978020190999999817e-01,-2.977649337000000118e-01
3.790000000000000036e+00,-9.331828207000000264e-01,-9.331560769000000199e-01,-2.981688299999999958e-01,-2.981300695999999917e-01
3.779999999999999805e+00,-9.331836583999999490e-01,-9.331557203000000467e-01,-2.985375561999999983e-01,-2.984970479999999871e-01
3.770000000000000018e+00,-9.331845315000000252e-01,-9.331553474999999542e-01,-2.989082115999999734e-01,-2.988658801999999892e-01
3.759999999999999787e+00,-9.331854415000000458e-01,-9.331549580000000343e-01,-2.992808107000000106e-01,-2.992365773999999812e-01
3.750000000000000000e+00,-9.331863899000000240e-01,-9.331545507999999822e-01,-2.996553678000000165e-01,-2.996091506999999932e-01
3.740000000000000213e+00,-9.331873781999999728e-01,-9.331541253999999785e-01,-3.000318974000000249e-01,-2.999836113000000082e-01
3.729999999999999982e+00,-9.331884081000000331e-01,-9.331536808999999488e-01,-3.004104141000000228e-01,-3.003599703000000010e-01
3.720000000000000195e+00,-9.331894813000000122e-01,-9.331532164000000407e-01,-3.007909327000000133e-01,-3.007382388000000017e-01
3.709999999999999964e+00,-9.331905995000000509e-01,-9.331527311999999741e-01,-3.011734679999999997e-01,-3.011184278999999853e-01
3.700000000000000178e+00,-9.331917644999999650e-01,-9.331522241999999911e-01,-3.015580348999999938e-01,-3.015005485000000207e-01
3.689999999999999947e+00,-9.331929782000000229e-01,-9.331516947000000339e-01,-3.019446485000000235e-01,-3.018846117999999801e-01
3.680000000000000160e+00,-9.331942425000000485e-01,-9.331511416000000114e-01,-3.023333239000000061e-01,-3.022706285999999798e-01
3.669999999999999929e+00,-9.331955596000000019e-01,-9.331505638999999519e-01,-3.027240763999999862e-01,-3.026586098999999863e-01
3.660000000000000142e+00,-9.331969315000000487e-01,-9.331499604999999864e-01,-3.031169214000000167e-01,-3.030485663999999968e-01
3.649999999999999911e+00,-9.331983603000000294e-01,-9.331493304000000322e-01,-3.035118743999999924e-01,-3.034405090999999777e-01
3.640000000000000124e+00,-9.331998485000000398e-01,-9.331486723999999899e-01,-3.039089508999999745e-01,-3.038344484000000123e-01
3.629999999999999893e+00,-9.332013982000000318e-01,-9.331479853999999907e-01,-3.043081666999999935e-01,-3.042303950999999951e-01
3.620000000000000107e+00,-9.332030121000000067e-01,-9.331472681000000380e-01,-3.047095375000000161e-01,-3.046283598000000259e-01
3.609999999999999876e+00,-9.332046926000000520e-01,-9.331465192000000242e-01,-3.051130792000000258e-01,-3.050283528000000133e-01
3.600000000000000089e+00,-9.332064423000000497e-01,-9.331457374999999610e-01,-3.055188078000000140e-01,-3.054303843999999768e-01
3.589999999999999858e+00,-9.332082641000000178e-01,-9.331449214000000492e-01,-3.059267393999999807e-01,-3.058344649999999998e-01
3.580000000000000071e+00,-9.332101606999999577e-01,-9.331440695999999591e-01,-3.063368902999999976e-01,-3.062406046999999742e-01
3.569999999999999840e+00,-9.332121351000000065e-01,-9.331431807000000189e-01,-3.067492767000000176e-01,-3.066488132999999894e-01
3.560000000000000053e+00,-9.332141902999999683e-01,-9.331422528999999688e-01,-3.071639150000000096e-01,-3.070591007999999844e-01
3.549999999999999822e+00,-9.332163296000000052e-01,-9.331412847000000177e-01,-3.075808217000000067e-01,-3.074714768999999848e-01
3.540000000000000036e+00,-9.332185562000000489e-01,-9.331402745000000332e-01,-3.080000133999999945e-01,-3.078859510999999993e-01
3.529999999999999805e+00,-9.332208735000000477e-01,-9.331392203999999690e-01,-3.084215068000000226e-01,-3.083025328999999815e-01
3.520000000000000018e+00,-9.332232850999999663e-01,-9.331381207000000177e-01,-3.088453186999999822e-01,-3.087212314000000180e-01
3.509999999999999787e+00,-9.332257945999999915e-01,-9.331369735000000221e-01,-3.092714657999999783e-01,-3.091420556000000208e-01
3.500000000000000000e+00,-9.332284059000000020e-01,-9.331357767000000303e-01,-3.096999651999999825e-01,-3.095650145000000131e-01
3.490000000000000213e+00,-9.332311228999999875e-01,-9.331345283999999962e-01,-3.101308339000000136e-01,-3.099901165999999764e-01
3.479999999999999982e+00,-9.332339495999999457e-01,-9.331332264999999682e-01,-3.105640889999999876e-01,-3.104173702999999951e-01
3.470000000000000195e+00,-9.332368903000000104e-01,-9.331318686999999779e-01,-3.109997476999999955e-01,-3.108467838999999788e-01
3.459999999999999964e+00,-9.332399494999999989e-01,-9.331304527999999543e-01,-3.114378273000000252e-01,-3.112783652000000179e-01
3.450000000000000178e+00,-9.332431316000000532e-01,-9.331289763000000237e-01,-3.118783451000000095e-01,-3.117121219000000276e-01
3.439999999999999947e+00,-9.332464414000000152e-01,-9.331274368999999957e-01,-3.123213186000000086e-01,-3.121480615000000181e-01
3.430000000000000160e+00,-9.332498836999999492e-01,-9.331258318999999801e-01,-3.127667651000000104e-01,-3.125861910000000132e-01
3.419999999999999929e+00,-9.332534636999999522e-01,-9.331241586999999837e-01,-3.132147023999999891e-01,-3.130265172000000207e-01
3.410000000000000142e+00,-9.332571866000000105e-01,-9.331224146000000053e-01,-3.136651481000000130e-01,-3.134690466999999758e-01
3.399999999999999911e+00,-9.332610578000000157e-01,-9.331205966000000185e-01,-3.141181196999999758e-01,-3.139137857000000031e-01
3.390000000000000124e+00,-9.332650829999999953e-01,-9.331187018000000055e-01,-3.145736350000000181e-01,-3.143607399000000191e-01
3.379999999999999893e+00,-9.332692678999999769e-01,-9.331167271000000429e-01,-3.150317119000000110e-01,-3.148099148999999874e-01
3.370000000000000107e+00,-9.332736188000000377e-01,-9.331146693999999853e-01,-3.154923681999999840e-01,-3.152613156999999888e-01
3.359999999999999876e+00,-9.332781417000000079e-01,-9.331125251999999870e-01,-3.159556217000000222e-01,-3.157149470999999763e-01
3.350000000000000089e+00,-9.332828431999999896e-01,-9.331102911999999971e-01,-3.164214905000000133e-01,-3.161708132000000115e-01
3.339999999999999858e+00,-9.332877298999999738e-01,-9.331079637000000426e-01,-3.168899922999999785e-01,-3.166289179999999814e-01
3.330000000000000071e+00,-9.332928090000000010e-01,-9.331055391000000476e-01,-3.173611452999999805e-01,-3.170892646999999842e-01
3.319999999999999840e+00,-9.332980874999999843e-01,-9.331030135000000225e-01,-3.178349675000000096e-01,-3.175518565000000071e-01
3.310000000000000053e+00,-9.333035727999999809e-01,-9.331003827999999611e-01,-3.183114767999999928e-01,-3.180166955000000018e-01
3.299999999999999822e+00,-9.333092727999999783e-01,-9.330976430999999849e-01,-3.187906915000000008e-01,-3.184837838999999837e-01
3.290000000000000036e+00,-9.333151952999999557e-01,-9.330947899000000545e-01,-3.192726294000000076e-01,-3.189531228999999968e-01
3.279999999999999805e+00,-9.333213487999999503e-01,-9.330918189000000362e-01,-3.197573087000000203e-01,-3.194247132999999961e-01
3.270000000000000018e+00,-9.333277415999999826e-01,-9.330887253999999853e-01,-3.202447475999999904e-01,-3.198985554000000064e-01
3.259999999999999787e+00,-9.333343826000000121e-01,-9.330855045999999486e-01,-3.207349639000000030e-01,-3.203746487999999948e-01
3.250000000000000000e+00,-9.333412811000000309e-01,-9.330821515999999649e-01,-3.212279758000000096e-01,-3.208529924999999894e-01
3.240000000000000213e+00,-9.333484464000000314e-01,-9.330786612000000479e-01,-3.217238013000000008e-01,-3.213335848000000161e-01
3.229999999999999982e+00,-9.333558881000000307e-01,-9.330750277999999565e-01,-3.222224580999999977e-01,-3.218164230000000181e-01
3.220000000000000195e+00,-9.333636169000000260e-01,-9.330712465999999594e-01,-3.227239647999999850e-01,-3.223015048000000271e-01
3.209999999999999964e+00,-9.333716429999999731e-01,-9.330673113999999879e-01,-3.232283389999999756e-01,-3.227888259999999732e-01
3.200000000000000178e+00,-9.333799774000000049e-01,-9.330632164000000062e-01,-3.237355986000000074e-01,-3.232783820999999835e-01
3.189999999999999947e+00,-9.333886311000000324e-01,-9.330589554999999535e-01,-3.242457613999999988e-01,-3.237701675999999917e-01
3.180000000000000160e+00,-9.333976158000000245e-01,-9.330545221999999583e-01,-3.247588451000000265e-01,-3.242641765000000009e-01
3.169999999999999929e+00,-9.334069434999999748e-01,-9.330499100000000379e-01,-3.252748674000000007e-01,-3.247604016000000260e-01
3.160000000000000142e+00,-9.334166267000000294e-01,-9.330451120999999626e-01,-3.257938458999999898e-01,-3.252588350000000239e-01
3.149999999999999911e+00,-9.334266781000000179e-01,-9.330401215000000414e-01,-3.263157980999999985e-01,-3.257594677999999799e-01
3.140000000000000124e+00,-9.334371111000000498e-01,-9.330349307999999953e-01,-3.268407414000000233e-01,-3.262622902999999797e-01
3.129999999999999893e+00,-9.334479394000000374e-01,-9.330295323999999724e-01,-3.273686929999999884e-01,-3.267672916000000094e-01
3.120000000000000107e+00,-9.334591772000000454e-01,-9.330239186000000018e-01,-3.278996700999999847e-01,-3.272744598999999810e-01
3.109999999999999876e+00,-9.334708390999999494e-01,-9.330180811999999602e-01,-3.284336897999999838e-01,-3.277837822999999928e-01
3.100000000000000089e+00,-9.334829404000000164e-01,-9.330120119000000489e-01,-3.289707687999999797e-01,-3.282952446999999885e-01
3.089999999999999858e+00,-9.334954966999999826e-01,-9.330057018999999841e-01,-3.295109238999999746e-01,-3.288088321000000036e-01
3.080000000000000071e+00,-9.335085242999999755e-01,-9.329991423000000283e-01,-3.300541717000000097e-01,-3.293245278999999970e-01
3.069999999999999840e+00,-9.335220399000000446e-01,-9.329923237999999674e-01,-3.306005283999999822e-01,-3.298423147999999805e-01
3.060000000000000053e+00,-9.335360607999999560e-01,-9.329852368000000062e-01,-3.311500103000000195e-01,-3.303621736999999836e-01
3.049999999999999822e+00,-9.335506049999999778e-01,-9.329778712999999835e-01,-3.317026332999999938e-01,-3.308840846000000169e-01
3.040000000000000036e+00,-9.335656908999999670e-01,-9.329702169000000378e-01,-3.322584130999999830e-01,-3.314080259000000139e-01
3.029999999999999805e+00,-9.335813376999999580e-01,-9.329622631999999749e-01,-3.328173651999999927e-01,-3.319339747000000229e-01
3.020000000000000018e+00,-9.335975652000000347e-01,-9.329539989999999783e-01,-3.333795050000000204e-01,-3.324619066000000234e-01
3.009999999999999787e+00,-9.336143937999999975e-01,-9.329454130000000012e-01,-3.339448472000000057e-01,-3.329917955999999735e-01
3.000000000000000000e+00,-9.336318446000000382e-01,-9.329364932999999471e-01,-3.345134067000000155e-01,-3.335236144000000014e-01
2.990000000000000213e+00,-9.336499393999999619e-01,-9.329272278000000362e-01,-3.350851979000000203e-01,-3.340573338000000225e-01
2.979999999999999982e+00,-9.336687006999999650e-01,-9.329176039000000031e-01,-3.356602348000000124e-01,-3.345929229999999865e-01
2.970000000000000195e+00,-9.336881518999999852e-01,-9.329076085999999934e-01,-3.362385312000000237e-01,-3.351303496999999965e-01
2.959999999999999964e+00,-9.337083170000000099e-01,-9.328972284000000004e-01,-3.368201003999999887e-01,-3.356695794999999816e-01
2.950000000000000178e+00,-9.337292207999999816e-01,-9.328864492999999758e-01,-3.374049556000000005e-01,-3.362105764000000163e-01
2.939999999999999947e+00,-9.337508891000000366e-01,-9.328752569999999578e-01,-3.379931093999999914e-01,-3.367533021999999931e-01
2.930000000000000160e+00,-9.337733484000000361e-01,-9.328636366000000457e-01,-3.385845740000000270e-01,-3.372977172000000134e-01
2.919999999999999929e+00,-9.337966261000000268e-01,-9.328515726999999647e-01,-3.391793611999999736e-01,-3.378437792000000273e-01
2.910000000000000142e+00,-9.338207505000000186e-01,-9.328390493999999533e-01,-3.397774825000000054e-01,-3.383914442000000022e-01
2.899999999999999911e+00,-9.338457507999999851e-01,-9.328260502999999870e-01,-3.403789486000000086e-01,-3.389406658999999933e-01
2.890000000000000124e+00,-9.338716572999999910e-01,-9.328125583999999915e-01,-3.409837701000000276e-01,-3.394913956999999760e-01
2.879999999999999893e+00,-9.338985010999999448e-01,-9.327985561999999620e-01,-3.415919568999999933e-01,-3.400435829999999826e-01
2.870000000000000107e+00,-9.339263144999999655e-01,-9.327840254999999470e-01,-3.422035183000000091e-01,-3.405971743999999801e-01
2.859999999999999876e+00,-9.339551309000000412e-01,-9.327689475999999535e-01,-3.428184631999999787e-01,-3.411521142999999756e-01
2.850000000000000089e+00,-9.339849843999999957e-01,-9.327533031000000419e-01,-3.434367997000000172e-01,-3.417083443999999748e-01
2.839999999999999858e+00,-9.340159108000000154e-01,-9.327370721000000087e-01,-3.440585355999999928e-01,-3.422658040000000068e-01
2.830000000000000071e+00,-9.340479466000000119e-01,-9.327202339000000286e-01,-3.446836777000000240e-01,-3.428244295000000275e-01
2.819999999999999840e+00,-9.340811297000000124e-01,-9.327027672000000047e-01,-3.453122324999999826e-01,-3.433841545999999911e-01
2.810000000000000053e+00,-9.341154993000000406e-01,-9.326846498999999957e-01,-3.459442055999999988e-01,-3.439449099999999926e-01
2.799999999999999822e+00,-9.341510956999999893e-01,-9.326658592000000025e-01,-3.465796018000000256e-01,-3.445066234999999977e-01
2.790000000000000036e+00,-9.341879605999999781e-01,-9.326463716999999765e-01,-3.472184254999999831e-01,-3.450692199000000016e-01
2.779999999999999805e+00,-9.342261370000000120e-01,-9.326261630000000080e-01,-3.478606799000000249e-01,-3.456326207000000039e-01
2.770000000000000018e+00,-9.342656695000000067e-01,-9.326052082000000354e-01,-3.485063676999999860e-01,-3.461967441000000090e-01
2.759999999999999787e+00,-9.343066039999999850e-01,-9.325834812000000085e-01,-3.491554907000000152e-01,-3.467615052999999947e-01
2.750000000000000000e+00,-9.343489877999999749e-01,-9.325609553000000496e-01,-3.498080497000000122e-01,-3.473268153999999885e-01
2.740000000000000213e+00,-9.343928698000000255e-01,-9.325376029999999927e-01,-3.504640446999999770e-01,-3.478925825999999999e-01
2.729999999999999982e+00,-9.344383007000000019e-01,-9.325133956000000168e-01,-3.511234748000000017e-01,-3.484587108000000155e-01
2.720000000000000195e+00,-9.344853324999999877e-01,-9.324883039000000373e-01,-3.517863379999999762e-01,-3.490251005000000184e-01
2.709999999999999964e+00,-9.345340189999999936e-01,-9.324622971999999566e-01,-3.524526313999999938e-01,-3.495916481999999936e-01
2.700000000000000178e+00,-9.345844158999999651e-01,-9.324353443999999769e-01,-3.531223510000000010e-01,-3.501582461000000146e-01
2.689999999999999947e+00,-9.346365805999999887e-01,-9.324074128999999544e-01,-3.537954916000000116e-01,-3.507247826000000068e-01
2.680000000000000160e+00,-9.346905720999999501e-01,-9.323784694000000206e-01,-3.544720471999999734e-01,-3.512911416000000231e-01
2.669999999999999929e+00,-9.347464516000000279e-01,-9.323484791999999688e-01,-3.551520102999999873e-01,-3.518572025000000214e-01
2.660000000000000142e+00,-9.348042822000000029e-01,-9.323174067999999703e-01,-3.558353721999999997e-01,-3.524228402999999843e-01
2.649999999999999911e+00,-9.348641289000000354e-01,-9.322852153999999780e-01,-3.565221232999999934e-01,-3.529879251999999967e-01
2.640000000000000124e+00,-9.349260589000000232e-01,-9.322518668999999480e-01,-3.572122522999999772e-01,-3.535523226000000241e-01
2.629999999999999893e+00,-9.349901415000000382e-01,-9.322173222999999842e-01,-3.579057467000000270e-01,-3.541158929000000066e-01
2.620000000000000107e+00,-9.350564480999999928e-01,-9.321815409999999469e-01,-3.586025925999999919e-01,-3.546784914000000177e-01
2.609999999999999876e+00,-9.351250526000000063e-01,-9.321444812000000413e-01,-3.593027749000000104e-01,-3.552399681000000253e-01
2.600000000000000089e+00,-9.351960309000000304e-01,-9.321061000000000485e-01,-3.600062764999999998e-01,-3.558001674999999864e-01
2.589999999999999858e+00,-9.352694615000000100e-01,-9.320663528999999503e-01,-3.607130792000000086e-01,-3.563589285000000051e-01
2.580000000000000071e+00,-9.353454254999999939e-01,-9.320251939000000485e-01,-3.614231631000000000e-01,-3.569160842999999916e-01
2.569999999999999840e+00,-9.354240061999999911e-01,-9.319825756999999822e-01,-3.621365066000000188e-01,-3.574714621999999786e-01
2.560000000000000053e+00,-9.355052898000000283e-01,-9.319384495000000435e-01,-3.628530863000000162e-01,-3.580248831000000242e-01
2.549999999999999822e+00,-9.355893650000000061e-01,-9.318927648999999480e-01,-3.635728772999999858e-01,-3.585761619999999761e-01
2.540000000000000036e+00,-9.356763233999999541e-01,-9.318454698999999453e-01,-3.642958526999999780e-01,-3.591251072000000155e-01
2.529999999999999805e+00,-9.357662594000000222e-01,-9.317965108000000329e-01,-3.650219838000000050e-01,-3.596715205000000082e-01
2.520000000000000018e+00,-9.358592701000000291e-01,-9.317458322999999654e-01,-3.657512399999999775e-01,-3.602151966000000094e-01
2.509999999999999787e+00,-9.359554558999999552e-01,-9.316933772000000058e-01,-3.664835885000000126e-01,-3.607559235000000197e-01
2.500000000000000000e+00,-9.360549200000000125e-01,-9.316390866999999520e-01,-3.672189947000000232e-01,-3.612934816999999743e-01
2.490000000000000213e+00,-9.361577689000000202e-01,-9.315828999999999915e-01,-3.679574218000000174e-01,-3.618276443999999814e-01
2.479999999999999982e+00,-9.362641122999999510e-01,-9.315247545000000517e-01,-3.686988306999999798e-01,-3.623581772000000201e-01
2.470000000000000195e+00,-9.363740632000000508e-01,-9.314645854999999974e-01,-3.694431801999999987e-01,-3.628848377000000180e-01
2.459999999999999964e+00,-9.364877379999999585e-01,-9.314023261999999637e-01,-3.701904266000000110e-01,-3.634073756000000266e-01
2.450000000000000178e+00,-9.366052564000000302e-01,-9.313379080999999449e-01,-3.709405238999999854e-01,-3.639255322000000126e-01
2.439999999999999947e+00,-9.367267419999999456e-01,-9.312712600000000451e-01,-3.716934236000000169e-01,-3.644390404000000250e-01
2.430000000000000160e+00,-9.368523217999999986e-01,-9.312023090000000058e-01,-3.724490746999999935e-01,-3.649476242999999953e-01
2.419999999999999929e+00,-9.369821265000000121e-01,-9.311309796000000194e-01,-3.732074235000000240e-01,-3.654509989999999986e-01
2.410000000000000142e+00,-9.371162908000000291e-01,-9.310571939999999769e-01,-3.739684135999999937e-01,-3.659488705999999758e-01
2.399999999999999911e+00,-9.372549529999999463e-01,-9.309808721000000231e-01,-3.747319858000000004e-01,-3.664409356000000173e-01
2.390000000000000124e+00,-9.373982558000000243e-01,-9.309019311999999768e-01,-3.754980780000000129e-01,-3.669268808000000215e-01
2.379999999999999893e+00,-9.375463455000000446e-01,-9.308202859999999967e-01,-3.762666251999999822e-01,-3.674063832999999724e-01
2.370000000000000107e+00,-9.376993729000000499e-01,-9.307358488000000429e-01,-3.770375593999999997e-01,-3.678791097999999926e-01
2.359999999999999876e+00,-9.378574928999999782e-01,-9.306485288000000411e-01,-3.778108092999999945e-01,-3.683447167000000189e-01
2.350000000000000089e+00,-9.380208648000000204e-01,-9.305582328999999486e-01,-3.785863004000000198e-01,-3.688028496999999906e-01
2.339999999999999858e+00,-9.381896520000000406e-01,-9.304648645999999967e-01,-3.793639549999999749e-01,-3.692531436000000000e-01
2.330000000000000071e+00,-9.383640227999999750e-01,-9.303683247999999795e-01,-3.801436918000000165e-01,-3.696952219999999900e-01
2.319999999999999840e+00,-9.385441496999999966e-01,-9.302685112999999895e-01,-3.809254261999999724e-01,-3.701286968999999982e-01
2.310000000000000053e+00,-9.387302101000000176e-01,-9.301653187999999739e-01,-3.817090696000000061e-01,-3.705531687999999990e-01
2.299999999999999822e+00,-9.389223859999999977e-01,-9.300586385000000345e-01,-3.824945302000000158e-01,-3.709682260000000120e-01
2.290000000000000036e+00,-9.391208640999999524e-01,-9.299483587000000329e-01,-3.832817117999999801e-01,-3.713734445999999911e-01
2.279999999999999805e+00,-9.393258359999999696e-01,-9.298343639999999688e-01,-3.840705146999999764e-01,-3.717683882999999745e-01
2.270000000000000018e+00,-9.395374984000000040e-01,-9.297165357000000130e-01,-3.848608349000000040e-01,-3.721526077999999793e-01
2.259999999999999787e+00,-9.397560525999999470e-01,-9.295947513000000217e-01,-3.856525643000000003e-01,-3.725256405999999854e-01
2.250000000000000000e+00,-9.399817052000000173e-01,-9.294688848000000059e-01,-3.864455903999999831e-01,-3.728870110999999987e-01
2.240000000000000213e+00,-9.402146679999999757e-01,-9.293388062999999866e-01,-3.872397965000000108e-01,-3.732362298999999939e-01
2.229999999999999982e+00,-9.404551575999999802e-01,-9.292043818999999871e-01,-3.880350611999999755e-01,-3.735727936000000082e-01
2.220000000000000195e+00,-9.407033960999999778e-01,-9.290654739000000495e-01,-3.888312586000000071e-01,-3.738961846000000144e-01
2.209999999999999964e+00,-9.409596105999999960e-01,-9.289219403999999791e-01,-3.896282577999999885e-01,-3.742058709000000150e-01
2.200000000000000178e+00,-9.412240336999999624e-01,-9.287736349999999863e-01,-3.904259231000000163e-01,-3.745013054999999924e-01
2.189999999999999947e+00,-9.414969031000000044e-01,-9.286204072999999504e-01,-3.912241136999999869e-01,-3.747819264999999733e-01
2.180000000000000160e+00,-9.417784619000000301e-01,-9.284621022000000279e-01,-3.920226837999999936e-01,-3.750471565999999868e-01
2.169999999999999929e+00,-9.420689585999999505e-01,-9.282985601000000031e-01,-3.928214819999999996e-01,-3.752964027999999841e-01
2.160000000000000142e+00,-9.423686467999999872e-01,-9.281296166000000403e-01,-3.936203515000000208e-01,-3.755290561999999888e-01
2.149999999999999911e+00,-9.426777857000000482e-01,-9.279551025000000175e-01,-3.944191300000000067e-01,-3.757444918000000245e-01
2.140000000000000124e+00,-9.429966398000000360e-01,-9.277748435999999543e-01,-3.952176492999999735e-01,-3.759420680000000181e-01
2.129999999999999893e+00,-9.433254787000000530e-01,-9.275886603999999869e-01,-3.960157351999999964e-01,-3.761211266000000220e-01
2.120000000000000107e+00,-9.436645774999999903e-01,-9.273963683000000513e-01,-3.968132077000000035e-01,-3.762809921999999974e-01
2.109999999999999876e+00,-9.440142164999999475e-01,-9.271977773999999783e-01,-3.976098800999999794e-01,-3.764209721999999814e-01
2.100000000000000089e+00,-9.443746812000000102e-01,-9.269926920000000070e-01,-3.984055597999999754e-01,-3.765403566000000146e-01
2.089999999999999858e+00,-9.447462621000000116e-01,-9.267809108000000240e-01,-3.992000471000000106e-01,-3.766384172999999724e-01
2.080000000000000071e+00,-9.451292551000000097e-01,-9.265622264999999746e-01,-3.999931359000000186e-01,-3.767144084999999865e-01
2.069999999999999840e+00,-9.455239608000000073e-01,-9.263364260999999988e-01,-4.007846129000000035e-01,-3.767675657999999816e-01
2.060000000000000053e+00,-9.459306846999999685e-01,-9.261032901000000317e-01,-4.015742579000000090e-01,-3.767971063000000176e-01
2.049999999999999822e+00,-9.463497373999999462e-01,-9.258625928000000505e-01,-4.023618432000000134e-01,-3.768022283999999944e-01
2.040000000000000036e+00,-9.467814337000000080e-01,-9.256141019000000414e-01,-4.031471335999999850e-01,-3.767821114000000082e-01
2.029999999999999805e+00,-9.472260932999999605e-01,-9.253575784999999998e-01,-4.039298862999999851e-01,-3.767359154000000099e-01
2.020000000000000018e+00,-9.476840400999999581e-01,-9.250927767000000079e-01,-4.047098505000000235e-01,-3.766627810000000021e-01
2.009999999999999787e+00,-9.481556023999999638e-01,-9.248194436000000129e-01,-4.054867672999999950e-01,-3.765618291000000228e-01
2.000000000000000000e+00,-9.486411122000000251e-01,-9.245373192000000406e-01,-4.062603693999999876e-01,-3.764321607000000180e-01
1.989999999999999991e+00,-9.491409056999999816e-01,-9.242461358000000349e-01,-4.070303809999999967e-01,-3.762728565999999830e-01
1.979999999999999982e+00,-9.496553224999999543e-01,-9.239456181999999851e-01,-4.077965177000000274e-01,-3.760829775999999791e-01
1.969999999999999973e+00,-9.501847057000000207e-01,-9.236354834000000125e-01,-4.085584856999999737e-01,-3.758615636000000038e-01
1.959999999999999964e+00,-9.507294013999999516e-01,-9.233154402000000038e-01,-4.093159822999999919e-01,-3.756076342999999929e-01
1.949999999999999956e+00,-9.512897587999999960e-01,-9.229851891999999447e-01,-4.100686950999999913e-01,-3.753201882000000156e-01
1.939999999999999947e+00,-9.518661296000000549e-01,-9.226444227000000220e-01,-4.108163021999999831e-01,-3.749982030999999827e-01
1.929999999999999938e+00,-9.524588677999999975e-01,-9.222928240000000111e-01,-4.115584715999999754e-01,-3.746406353000000244e-01
1.919999999999999929e+00,-9.530683292999999612e-01,-9.219300674999999501e-01,-4.122948609000000042e-01,-3.742464201999999851e-01
1.909999999999999920e+00,-9.536948717000000020e-01,-9.215558187000000290e-01,-4.130251173999999748e-01,-3.738144715000000229e-01
1.899999999999999911e+00,-9.543388539999999587e-01,-9.211697332999999599e-01,-4.137488777000000173e-01,-3.733436815999999769e-01
1.889999999999999902e+00,-9.550006360999999666e-01,-9.207714576000000095e-01,-4.144657669999999849e-01,-3.728329209999999838e-01
1.879999999999999893e+00,-9.556805781999999638e-01,-9.203606278999999502e-01,-4.151753993999999781e-01,-3.722810383999999861e-01
1.870000000000000107e+00,-9.563790409000000325e-01,-9.199368702000000342e-01,-4.158773774999999784e-01,-3.716868608000000185e-01
1.860000000000000098e+00,-9.570963843999999998e-01,-9.194998001999999948e-01,-4.165712916000000043e-01,-3.710491931000000077e-01
1.850000000000000089e+00,-9.578329679000000541e-01,-9.190490226999999956e-01,-4.172567200999999781e-01,-3.703668182000000031e-01
1.840000000000000080e+00,-9.585891497999999844e-01,-9.185841315999999646e-01,-4.179332286999999924e-01,-3.696384965000000244e-01
1.830000000000000071e+00,-9.593652863999999614e-01,-9.181047095000000047e-01,-4.186003699999999994e-01,-3.688629667000000167e-01
1.820000000000000062e+00,-9.601617319999999900e-01,-9.176103273000000282e-01,-4.192576839000000111e-01,-3.680389446999999814e-01
1.810000000000000053e+00,-9.609788380999999546e-01,-9.171005439999999620e-01,-4.199046962999999910e-01,-3.671651242000000259e-01
1.800000000000000044e+00,-9.618169529000000217e-01,-9.165749064999999529e-01,-4.205409194999999989e-01,-3.662401766000000225e-01
1.790000000000000036e+00,-9.626764208000000433e-01,-9.160329488999999770e-01,-4.211658511999999965e-01,-3.652627504000000025e-01
1.780000000000000027e+00,-9.635575817999999515e-01,-9.154741926999999668e-01,-4.217789750000000004e-01,-3.642314720000000006e-01
1.770000000000000018e+00,-9.644607709000000417e-01,-9.148981459999999677e-01,-4.223797590999999740e-01,-3.631449448999999885e-01
1.760000000000000009e+00,-9.653863175000000352e-01,-9.143043034000000180e-01,-4.229676566000000193e-01,-3.620017499000000027e-01
1.750000000000000000e+00,-9.663345448000000282e-01,-9.136921456000000052e-01,-4.235421046999999772e-01,-3.608004452999999945e-01
1.739999999999999991e+00,-9.673057691999999985e-01,-9.130611390999999744e-01,-4.241025245000000221e-01,-3.595395665000000185e-01
1.729999999999999982e+00,-9.683002995999999696e-01,-9.124107355999999669e-01,-4.246483206000000177e-01,-3.582176261000000195e-01
1.719999999999999973e+00,-9.693184365000000469e-01,-9.117403719000000129e-01,-4.251788807999999920e-01,-3.568331138999999985e-01
1.709999999999999964e+00,-9.703604720999999822e-01,-9.110494692999999700e-01,-4.256935750999999990e-01,-3.553844968000000049e-01
1.699999999999999956e+00,-9.714266885000000240e-01,-9.103374333000000540e-01,-4.261917561999999937e-01,-3.538702185000000000e-01
1.689999999999999947e+00,-9.725173581999999595e-01,-9.096036533000000368e-01,-4.266727583000000101e-01,-3.522887001000000184e-01
1.679999999999999938e+00,-9.736327422999999648e-01,-9.088475020999999821e-01,-4.271358968000000256e-01,-3.506383392999999904e-01
1.669999999999999929e+00,-9.747730905999999473e-01,-9.080683351999999653e-01,-4.275804683000000161e-01,-3.489175107999999970e-01
1.659999999999999920e+00,-9.759386405000000098e-01,-9.072654907999999629e-01,-4.280057494000000240e-01,-3.471245659000000150e-01
1.649999999999999911e+00,-9.771296162000000507e-01,-9.064382892000000247e-01,-4.284109970000000156e-01,-3.452578327999999974e-01
1.639999999999999902e+00,-9.783462284999999703e-01,-9.055860323000000101e-01,-4.287954471000000045e-01,-3.433156160999999984e-01
1.629999999999999893e+00,-9.795886731999999819e-01,-9.047080030999999911e-01,-4.291583149000000041e-01,-3.412961970000000234e-01
1.620000000000000107e+00,-9.808571311999999542e-01,-9.038034652999999974e-01,-4.294987939000000088e-01,-3.391978330000000041e-01
1.610000000000000098e+00,-9.821517670999999616e-01,-9.028716628999999827e-01,-4.298160556000000243e-01,-3.370187579000000211e-01
1.600000000000000089e+00,-9.834727291000000537e-01,-9.019118194999999893e-01,-4.301092487000000020e-01,-3.347571815000000006e-01
1.590000000000000080e+00,-9.848201476000000287e-01,-9.009231380000000122e-01,-4.303774989999999967e-01,-3.324112894999999845e-01
1.580000000000000071e+00,-9.861941346999999469e-01,-8.999047999000000519e-01,-4.306199086999999981e-01,-3.299792433000000025e-01
1.570000000000000062e+00,-9.875947837999999868e-01,-8.988559648999999707e-01,-4.308355555000000225e-01,-3.274591800000000164e-01
1.560000000000000053e+00,-9.890221681999999959e-01,-8.977757702999999978e-01,-4.310234923999999856e-01,-3.248492118999999900e-01
1.550000000000000044e+00,-9.904763410000000379e-01,-8.966633306000000303e-01,-4.311827473000000022e-01,-3.221474261000000228e-01
1.540000000000000036e+00,-9.919573337999999518e-01,-8.955177366000000028e-01,-4.313123218000000092e-01,-3.193518847999999855e-01
1.530000000000000027e+00,-9.934651562999999852e-01,-8.943380551999999817e-01,-4.314111910999999799e-01,-3.164606245000000095e-01
1.520000000000000018e+00,-9.949997954000000533e-01,-8.931233285999999882e-01,-4.314783032999999768e-01,-3.134716558999999791e-01
1.510000000000000009e+00,-9.965612148000000392e-01,-8.918725736999999487e-01,-4.315125787999999907e-01,-3.103829631000000200e-01
1.500000000000000000e+00,-9.981493535000000028e-01,-8.905847813999999696e-01,-4.315129092000000166e-01,-3.071925039999999774e-01
1.489999999999999991e+00,-9.997641261999999918e-01,-8.892589160999999631e-01,-4.314781575000000147e-01,-3.038982089999999747e-01
1.479999999999999982e+00,-1.001405421499999893e+00,-8.878939152000000501e-01,-4.314071566000000080e-01,-3.004979810999999779e-01
1.469999999999999973e+00,-1.003073101900000097e+00,-8.864886878000000081e-01,-4.312987092000000189e-01,-2.969896948999999897e-01
1.459999999999999964e+00,-1.004767002799999975e+00,-8.850421147999999461e-01,-4.311515866999999780e-01,-2.933711963000000256e-01
1.449999999999999956e+00,-1.006486931900000048e+00,-8.835530473999999579e-01,-4.309645287000000158e-01,-2.896403017999999996e-01
1.439999999999999947e+00,-1.008232668700000056e+00,-8.820203068999999951e-01,-4.307362419999999914e-01,-2.857947975999999835e-01
1.429999999999999938e+00,-1.010003963399999982e+00,-8.804426834999999896e-01,-4.304654003000000229e-01,-2.818324389999999902e-01
1.419999999999999929e+00,-1.011800536700000031e+00,-8.788189360000000505e-01,-4.301506426999999744e-01,-2.777509492999999940e-01
1.409999999999999920e+00,-1.013622078899999890e+00,-8.771477903000000076e-01,-4.297905734999999949e-01,-2.735480190999999839e-01
1.399999999999999911e+00,-1.015468249400000023e+00,-8.754279390000000438e-01,-4.293837608000000139e-01,-2.692213049000000136e-01
1.389999999999999902e+00,-1.017338676000000053e+00,-8.736580399000000163e-01,-4.289287359000000244e-01,-2.647684283999999777e-01
1.379999999999999893e+00,-1.019232954400000057e+00,-8.718367157999999950e-01,-4.284239923000000005e-01,-2.601869747000000177e-01
1.370000000000000107e+00,-1.021150647500000064e+00,-8.699625528000000108e-01,-4.278679845000000204e-01,-2.554744912999999951e-01
1.360000000000000098e+00,-1.023091284900000009e+00,-8.680340992999999727e-01,-4.272591271000000246e-01,-2.506284864000000168e-01
1.350000000000000089e+00,-1.025054362499999927e+00,-8.660498650000000298e-01,-4.265957934999999868e-01,-2.456464271999999893e-01
1.340000000000000080e+00,-1.027039341600000100e+00,-8.640083196000000187e-01,-4.258763151000000136e-01,-2.405257379999999889e-01
1.330000000000000071e+00,-1.029045648699999926e+00,-8.619078914000000147e-01,-4.250989793000000128e-01,-2.352637985000000098e-01
1.320000000000000062e+00,-1.031072674600000072e+00,-8.597469656999999765e-01,-4.242620289999999850e-01,-2.298579410999999906e-01
1.310000000000000053e+00,-1.033119774300000016e+00,-8.575238836999999892e-01,-4.233636601999999916e-01,-2.243054489999999901e-01
1.300000000000000044e+00,-1.035186266500000007e+00,-8.552369407000000034e-01,-4.224020213999999940e-01,-2.186035530999999865e-01
1.290000000000000036e+00,-1.037271432600000098e+00,-8.528843842000000119e-01,-4.213752114000000049e-01,-2.127494295000000035e-01
1.280000000000000027e+00,-1.039374516699999917e+00,-8.504644121000000112e-01,-4.202812773999999862e-01,-2.067401959999999872e-01
1.270000000000000018e+00,-1.041494724899999946e+00,-8.479751708999999638e-01,-4.191182135000000031e-01,-2.005729091000000019e-01
1.260000000000000009e+00,-1.043631224599999907e+00,-8.454147533000000436e-01,-4.178839584999999857e-01,-1.942445600000000105e-01
1.250000000000000000e+00,-1.045783144600000103e+00,-8.427811960000000102e-01,-4.165763933000000141e-01,-1.877520706999999955e-01
1.239999999999999991e+00,-1.047949573899999987e+00,-8.400724770999999924e-01,-4.151933392000000111e-01,-1.810922893999999950e-01
1.229999999999999982e+00,-1.050129561199999895e+00,-8.372865137999999652e-01,-4.137325548999999936e-01,-1.742619861999999964e-01
1.219999999999999973e+00,-1.052322114899999939e+00,-8.344211589000000151e-01,-4.121917335999999987e-01,-1.672578476000000092e-01
1.209999999999999964e+00,-1.054526201700000110e+00,-8.314741979999999977e-01,-4.105685004999999888e-01,-1.600764711999999867e-01
1.199999999999999956e+00,-1.056740746400000042e+00,-8.284433464999999552e-01,-4.088604091999999968e-01,-1.527143595999999881e-01
1.189999999999999947e+00,-1.058964631000000045e+00,-8.253262452999999832e-01,-4.070649384000000204e-01,-1.451679141999999978e-01
1.179999999999999938e+00,-1.061196693799999924e+00,-8.221204575999999653e-01,-4.051794883000000014e-01,-1.374334282999999934e-01
1.169999999999999929e+00,-1.063435728400000002e+00,-8.188234641999999619e-01,-4.032013762000000168e-01,-1.295070795000000108e-01
1.159999999999999920e+00,-1.065680483099999964e+00,-8.154326594999999900e-01,-4.011278327000000199e-01,-1.213849223000000033e-01
1.149999999999999911e+00,-1.067929659000000031e+00,-8.119453465000000536e-01,-3.989559968999999984e-01,-1.130628795000000048e-01
1.139999999999999902e+00,-1.070181909300000012e+00,-8.083587318999999605e-01,-3.966829112999999962e-01,-1.045367333000000037e-01
1.129999999999999893e+00,-1.072435837600000053e+00,-8.046699202999999523e-01,-3.943055169999999943e-01,-9.580211600000000660e-02
1.120000000000000107e+00,-1.074689996200000053e+00,-8.008759087000000276e-01,-3.918206473999999995e-01,-8.685449979999999848e-02
1.110000000000000098e+00,-1.076942884099999942e+00,-7.969735801999999758e-01,-3.892250230000000033e-01,-7.768918649999999315e-02
1.100000000000000089e+00,-1.079192944999999959e+00,-7.929596974999999492e-01,-3.865152441999999966e-01,-6.830129640000000280e-02
1.090000000000000080e+00,-1.081438565100000027e+00,-7.888308956999999788e-01,-3.836877851000000117e-01,-5.868575630000000265e-02
1.080000000000000071e+00,-1.083678069999999938e+00,-7.845836753999999580e-01,-3.807389860000000015e-01,-4.883728789999999820e-02
1.070000000000000062e+00,-1.085909721800000005e+00,-7.802143941000000416e-01,-3.776650458999999960e-01,-3.875039450000000024e-02
1.060000000000000053e+00,-1.088131715699999891e+00,-7.757192587000000250e-01,-3.744620144999999956e-01,-2.841934819999999973e-02
1.050000000000000044e+00,-1.090342176600000101e+00,-7.710943164000000349e-01,-3.711257833000000117e-01,-1.783817559999999885e-02
1.040000000000000036e+00,-1.092539154100000021e+00,-7.663354454999999898e-01,-3.676520772999999909e-01,-7.000644299999999980e-03
1.030000000000000027e+00,-1.094720618600000028e+00,-7.614383463999999657e-01,-3.640364450999999946e-01,4.099752600000000115e-03
1.020000000000000018e+00,-1.096884455499999911e+00,-7.563985306999999603e-01,-3.602742494000000240e-01,1.546981059999999984e-02
1.010000000000000009e+00,-1.099028459899999977e+00,-7.512113118000000034e-01,-3.563606565999999920e-01,2.711663010000000054e-02
1.000000000000000000e+00,-1.101150330300000091e+00,-7.458717929999999496e-01,-3.522906259999999956e-01,3.904763149999999905e-02
9.899999999999999911e-01,-1.103247661299999960e+00,-7.403748571999999584e-01,-3.480588991999999937e-01,5.127057150000000063e-02
9.799999999999999822e-01,-1.105317936500000098e+00,-7.347151546000000311e-01,-3.436599880000000273e-01,6.379355909999999408e-02
9.699999999999999734e-01,-1.107358520100000021e+00,-7.288870909000000342e-01,-3.390881628999999897e-01,7.662507150000000267e-02
9.599999999999999645e-01,-1.109366647899999947e+00,-7.228848149000000056e-01,-3.343374405999999799e-01,8.977397119999999675e-02
9.499999999999999556e-01,-1.111339417800000007e+00,-7.167022056999999835e-01,-3.294015718000000148e-01,1.032495211999999996e-01
9.399999999999999467e-01,-1.113273779400000052e+00,-7.103328598999999466e-01,-3.242740276000000144e-01,1.170614019000000006e-01
9.300000000000000488e-01,-1.115166522200000010e+00,-7.037700778000000046e-01,-3.189479872000000049e-01,1.312197266000000029e-01
9.200000000000000400e-01,-1.117014264500000076e+00,-6.970068504999999970e-01,-3.134163233000000215e-01,1.457350571000000095e-01
9.100000000000000311e-01,-1.118813439299999990e+00,-6.900358452999999503e-01,-3.076715892999999924e-01,1.606184193000000093e-01
9.000000000000000222e-01,-1.120560281399999969e+00,-6.828493922999999688e-01,-3.017060047999999828e-01,1.758813174999999951e-01
8.900000000000000133e-01,-1.122250812100000106e+00,-6.754394702999999556e-01,-2.955114415000000272e-01,1.915357488999999969e-01
8.800000000000000044e-01,-1.123880823899999992e+00,-6.677976916000000207e-01,-2.890794090000000094e-01,2.075942174000000029e-01
8.699999999999999956e-01,-1.125445863499999977e+00,-6.599152886000000384e-01,-2.824010401000000003e-01,2.240697463999999917e-01
8.599999999999999867e-01,-1.126941214499999955e+00,-6.517830983000000300e-01,-2.754670761999999939e-01,2.409758911999999864e-01
8.499999999999999778e-01,-1.128361878500000026e+00,-6.433915484000000129e-01,-2.682678525000000147e-01,2.583267505999999880e-01
8.399999999999999689e-01,-1.129702555900000016e+00,-6.347306417000000422e-01,-2.607932832000000034e-01,2.761369777000000081e-01
8.299999999999999600e-01,-1.130957624899999958e+00,-6.257899415000000021e-01,-2.530328458000000169e-01,2.944217900000000165e-01
8.199999999999999512e-01,-1.132121119700000067e+00,-6.165585567000000378e-01,-2.449755665999999998e-01,3.131969787000000172e-01
8.100000000000000533e-01,-1.133186707999999987e+00,-6.070251258000000094e-01,-2.366100043000000097e-01,3.324789173000000098e-01
8.000000000000000444e-01,-1.134147666799999898e+00,-5.971778020000000353e-01,-2.279242347999999863e-01,3.522845696999999943e-01
7.900000000000000355e-01,-1.134996856799999954e+00,-5.870042367000000150e-01,-2.189058346999999960e-01,3.726314977999999889e-01
7.800000000000000266e-01,-1.135726696699999927e+00,-5.764915634999999705e-01,-2.095418643999999997e-01,3.935378681999999739e-01
7.700000000000000178e-01,-1.136329134599999957e+00,-5.656263808999999476e-01,-1.998188508000000030e-01,4.150224597000000126e-01
7.600000000000000089e-01,-1.136795618899999916e+00,-5.543947344999999860e-01,-1.897227696999999880e-01,4.371046698000000119e-01
7.500000000000000000e-01,-1.137117067399999959e+00,-5.427820988999999541e-01,-1.792390256999999987e-01,4.598045218999999850e-01
7.399999999999999911e-01,-1.137283834600000043e+00,-5.307733569999999457e-01,-1.683524329999999958e-01,4.831426731999999835e-01
7.299999999999999822e-01,-1.137285676699999915e+00,-5.183527796000000354e-01,-1.570471928000000128e-01,5.071404229000000541e-01
7.199999999999999734e-01,-1.137111715200000095e+00,-5.055040017999999913e-01,-1.453068704999999905e-01,5.318197220999999475e-01
7.099999999999999645e-01,-1.136750397399999946e+00,-4.922099983000000067e-01,-1.331143694999999960e-01,5.572031852000000063e-01
6.999999999999999556e-01,-1.136189454199999949e+00,-4.784530558999999794e-01,-1.204519037000000015e-01,5.833141032999999975e-01
6.899999999999999467e-01,-1.135415854999999974e+00,-4.642147427000000159e-01,-1.073009662999999947e-01,6.101764601000000399e-01
6.800000000000000488e-01,-1.134415759199999929e+00,-4.494758750999999775e-01,-9.364229520000000306e-02,6.378149511999999799e-01
6.700000000000000400e-01,-1.133174462599999988e+00,-4.342164794000000216e-01,-7.945583520000000510e-02,6.662550069999999547e-01
6.600000000000000311e-01,-1.131676340500000100e+00,-4.184157498000000142e-01,-6.472069460000000329e-02,6.955228193000000392e-01
6.500000000000000222e-01,-1.129904784400000084e+00,-4.020520009999999922e-01,-4.941509770000000051e-02,7.256453740999999624e-01
6.400000000000000133e-01,-1.127842133099999922e+00,-3.851026148000000204e-01,-3.351633019999999963e-02,7.566504886999999568e-01
6.300000000000000044e-01,-1.125469596300000097e+00,-3.675439801000000006e-01,-1.700067889999999984e-02,7.885668558999999744e-01
6.199999999999999956e-01,-1.122767170900000000e+00,-3.493514247000000239e-01,1.566372000000000120e-04,8.214240955999999594e-01
6.099999999999999867e-01,-1.119713547599999970e+00,-3.304991395999999915e-01,1.798154310000000047e-02,8.552528133000000254e-01
5.999999999999999778e-01,-1.116286007000000025e+00,-3.109600922999999906e-01,3.650119520000000284e-02,8.900846687000000257e-01
5.899999999999999689e-01,-1.112460304200000083e+00,-2.907059305999999954e-01,5.574407819999999819e-02,9.259524525000000228e-01
5.799999999999999600e-01,-1.108210539799999950e+00,-2.697068729000000054e-01,7.574011510000000502e-02,9.628901753999999924e-01
5.699999999999999512e-01,-1.103509015400000015e+00,-2.479315861999999981e-01,9.652078999999999520e-02,1.000933167899999976e+00
5.600000000000000533e-01,-1.098326071700000073e+00,-2.253470481000000025e-01,1.181192865000000036e-01,1.040118192900000071e+00
5.500000000000000444e-01,-1.092629906900000059e+00,-2.019183918000000133e-01,1.405706429999999951e-01,1.080483572699999950e+00
5.400000000000000355e-01,-1.086386373000000072e+00,-1.776087326000000133e-01,1.639119266999999880e-01,1.122069332099999928e+00
5.300000000000000266e-01,-1.079558746500000055e+00,-1.523789725999999956e-01,1.881824294999999980e-01,1.164917357800000053e+00
5.200000000000000178e-01,-1.072107470399999984e+00,-1.261875815000000067e-01,2.134238871999999954e-01,1.209071577700000066e+00
5.100000000000000089e-01,-1.063989863700000038e+00,-9.899035030000000179e-02,2.396807263000000077e-01,1.254578161800000036e+00
5.000000000000000000e-01,-1.055159794599999978e+00,-7.074011450000000645e-02,2.670003409000000216e-01,1.301485747300000106e+00
