5.000000000000000000e-01,-1.055159794599999978e+00,-7.074011450000000645e-02,2.670003409000000216e-01,1.301485747300000106e+00
5.100000000000000089e-01,-1.063989863700000038e+00,-9.899035030000000179e-02,2.396807263000000077e-01,1.254578161800000036e+00
5.200000000000000178e-01,-1.072107470399999984e+00,-1.261875815000000067e-01,2.134238871999999954e-01,1.209071577700000066e+00
5.300000000000000266e-01,-1.079558746500000055e+00,-1.523789725999999956e-01,1.881824294999999980e-01,1.164917357800000053e+00
5.400000000000000355e-01,-1.086386373000000072e+00,-1.776087326000000133e-01,1.639119266999999880e-01,1.122069332099999928e+00
5.500000000000000444e-01,-1.092629906900000059e+00,-2.019183918000000133e-01,1.405706429999999951e-01,1.080483572699999950e+00
5.600000000000000533e-01,-1.098326071700000073e+00,-2.253470481000000025e-01,1.181192865000000036e-01,1.040118192900000071e+00
5.699999999999999512e-01,-1.103509015400000015e+00,-2.479315861999999981e-01,9.652078999999999520e-02,1.000933167899999976e+00
5.799999999999999600e-01,-1.108210539799999950e+00,-2.697068729000000054e-01,7.574011510000000502e-02,9.628901753999999924e-01
5.899999999999999689e-01,-1.112460304200000083e+00,-2.907059305999999954e-01,5.574407819999999819e-02,9.259524525000000228e-01
5.999999999999999778e-01,-1.116286007000000025e+00,-3.109600922999999906e-01,3.650119520000000284e-02,8.900846687000000257e-01
6.099999999999999867e-01,-1.119713547599999970e+00,-3.304991395999999915e-01,1.798154310000000047e-02,8.552528133000000254e-01
6.199999999999999956e-01,-1.122767170900000000e+00,-3.493514247000000239e-01,1.566372000000000120e-04,8.214240955999999594e-01
6.300000000000000044e-01,-1.125469596300000097e+00,-3.675439801000000006e-01,-1.700067889999999984e-02,7.885668558999999744e-01
6.400000000000000133e-01,-1.127842133099999922e+00,-3.851026148000000204e-01,-3.351633019999999963e-02,7.566504886999999568e-01
6.500000000000000222e-01,-1.129904784400000084e+00,-4.020520009999999922e-01,-4.941509770000000051e-02,7.256453740999999624e-01
6.600000000000000311e-01,-1.131676340500000100e+00,-4.184157498000000142e-01,-6.472069460000000329e-02,6.955228193000000392e-01
6.700000000000000400e-01,-1.133174462599999988e+00,-4.342164794000000216e-01,-7.945583520000000510e-02,6.662550069999999547e-01
6.800000000000000488e-01,-1.134415759199999929e+00,-4.494758750999999775e-01,-9.364229520000000306e-02,6.378149511999999799e-01
6.899999999999999467e-01,-1.135415854999999974e+00,-4.642147427000000159e-01,-1.073009662999999947e-01,6.101764601000000399e-01
6.999999999999999556e-01,-1.136189454199999949e+00,-4.784530558999999794e-01,-1.204519037000000015e-01,5.833141032999999975e-01
7.099999999999999645e-01,-1.136750397399999946e+00,-4.922099983000000067e-01,-1.331143694999999960e-01,5.572031852000000063e-01
7.199999999999999734e-01,-1.137111715200000095e+00,-5.055040017999999913e-01,-1.453068704999999905e-01,5.318197220999999475e-01
7.299999999999999822e-01,-1.137285676699999915e+00,-5.183527796000000354e-01,-1.570471928000000128e-01,5.071404229000000541e-01
7.399999999999999911e-01,-1.137283834600000043e+00,-5.307733569999999457e-01,-1.683524329999999958e-01,4.831426731999999835e-01
7.500000000000000000e-01,-1.137117067399999959e+00,-5.427820988999999541e-01,-1.792390256999999987e-01,4.598045218999999850e-01
7.600000000000000089e-01,-1.136795618899999916e+00,-5.543947344999999860e-01,-1.897227696999999880e-01,4.371046698000000119e-01
7.700000000000000178e-01,-1.136329134599999957e+00,-5.656263808999999476e-01,-1.998188508000000030e-01,4.150224597000000126e-01
7.800000000000000266e-01,-1.135726696699999927e+00,-5.764915634999999705e-01,-2.095418643999999997e-01,3.935378681999999739e-01
7.900000000000000355e-01,-1.134996856799999954e+00,-5.870042367000000150e-01,-2.189058346999999960e-01,3.726314977999999889e-01
8.000000000000000444e-01,-1.134147666799999898e+00,-5.971778020000000353e-01,-2.279242347999999863e-01,3.522845696999999943e-01
8.100000000000000533e-01,-1.133186707999999987e+00,-6.070251258000000094e-01,-2.366100043000000097e-01,3.324789173000000098e-01
8.199999999999999512e-01,-1.132121119700000067e+00,-6.165585567000000378e-01,-2.449755665999999998e-01,3.131969787000000172e-01
8.299999999999999600e-01,-1.130957624899999958e+00,-6.257899415000000021e-01,-2.530328458000000169e-01,2.944217900000000165e-01
8.399999999999999689e-01,-1.129702555900000016e+00,-6.347306417000000422e-01,-2.607932832000000034e-01,2.761369777000000081e-01
8.499999999999999778e-01,-1.128361878500000026e+00,-6.433915484000000129e-01,-2.682678525000000147e-01,2.583267505999999880e-01
8.599999999999999867e-01,-1.126941214499999955e+00,-6.517830983000000300e-01,-2.754670761999999939e-01,2.409758911999999864e-01
8.699999999999999956e-01,-1.125445863499999977e+00,-6.599152886000000384e-01,-2.824010401000000003e-01,2.240697463999999917e-01
8.800000000000000044e-01,-1.123880823899999992e+00,-6.677976916000000207e-01,-2.890794090000000094e-01,2.075942174000000029e-01
8.900000000000000133e-01,-1.122250812100000106e+00,-6.754394702999999556e-01,-2.955114415000000272e-01,1.915357488999999969e-01
9.000000000000000222e-01,-1.120560281399999969e+00,-6.828493922999999688e-01,-3.017060047999999828e-01,1.758813174999999951e-01
9.100000000000000311e-01,-1.118813439299999990e+00,-6.900358452999999503e-01,-3.076715892999999924e-01,1.606184193000000093e-01
9.200000000000000400e-01,-1.117014264500000076e+00,-6.970068504999999970e-01,-3.134163233000000215e-01,1.457350571000000095e-01
9.300000000000000488e-01,-1.115166522200000010e+00,-7.037700778000000046e-01,-3.189479872000000049e-01,1.312197266000000029e-01
9.399999999999999467e-01,-1.113273779400000052e+00,-7.103328598999999466e-01,-3.242740276000000144e-01,1.170614019000000006e-01
9.499999999999999556e-01,-1.111339417800000007e+00,-7.167022056999999835e-01,-3.294015718000000148e-01,1.032495211999999996e-01
9.599999999999999645e-01,-1.109366647899999947e+00,-7.228848149000000056e-01,-3.343374405999999799e-01,8.977397119999999675e-02
9.699999999999999734e-01,-1.107358520100000021e+00,-7.288870909000000342e-01,-3.390881628999999897e-01,7.662507150000000267e-02
9.799999999999999822e-01,-1.105317936500000098e+00,-7.347151546000000311e-01,-3.436599880000000273e-01,6.379355909999999408e-02
9.899999999999999911e-01,-1.103247661299999960e+00,-7.403748571999999584e-01,-3.480588991999999937e-01,5.127057150000000063e-02
1.000000000000000000e+00,-1.101150330300000091e+00,-7.458717929999999496e-01,-3.522906259999999956e-01,3.904763149999999905e-02
1.010000000000000009e+00,-1.099028459899999977e+00,-7.512113118000000034e-01,-3.563606565999999920e-01,2.711663010000000054e-02
1.020000000000000018e+00,-1.096884455499999911e+00,-7.563985306999999603e-01,-3.602742494000000240e-01,1.546981059999999984e-02
1.030000000000000027e+00,-1.094720618600000028e+00,-7.614383463999999657e-01,-3.640364450999999946e-01,4.099752600000000115e-03
1.040000000000000036e+00,-1.092539154100000021e+00,-7.663354454999999898e-01,-3.676520772999999909e-01,-7.000644299999999980e-03
1.050000000000000044e+00,-1.090342176600000101e+00,-7.710943164000000349e-01,-3.711257833000000117e-01,-1.783817559999999885e-02
1.060000000000000053e+00,-1.088131715699999891e+00,-7.757192587000000250e-01,-3.744620144999999956e-01,-2.841934819999999973e-02
1.070000000000000062e+00,-1.085909721800000005e+00,-7.802143941000000416e-01,-3.776650458999999960e-01,-3.875039450000000024e-02
1.080000000000000071e+00,-1.083678069999999938e+00,-7.845836753999999580e-01,-3.807389860000000015e-01,-4.883728789999999820e-02
1.090000000000000080e+00,-1.081438565100000027e+00,-7.888308956999999788e-01,-3.836877851000000117e-01,-5.868575630000000265e-02
1.100000000000000089e+00,-1.079192944999999959e+00,-7.929596974999999492e-01,-3.865152441999999966e-01,-6.830129640000000280e-02
1.110000000000000098e+00,-1.076942884099999942e+00,-7.969735801999999758e-01,-3.892250230000000033e-01,-7.768918649999999315e-02
1.120000000000000107e+00,-1.074689996200000053e+00,-8.008759087000000276e-01,-3.918206473999999995e-01,-8.685449979999999848e-02
1.129999999999999893e+00,-1.072435837600000053e+00,-8.046699202999999523e-01,-3.943055169999999943e-01,-9.580211600000000660e-02
1.139999999999999902e+00,-1.070181909300000012e+00,-8.083587318999999605e-01,-3.966829112999999962e-01,-1.045367333000000037e-01
1.149999999999999911e+00,-1.067929659000000031e+00,-8.119453465000000536e-01,-3.989559968999999984e-01,-1.130628795000000048e-01
1.159999999999999920e+00,-1.065680483099999964e+00,-8.154326594999999900e-01,-4.011278327000000199e-01,-1.213849223000000033e-01
1.169999999999999929e+00,-1.063435728400000002e+00,-8.188234641999999619e-01,-4.032013762000000168e-01,-1.295070795000000108e-01
1.179999999999999938e+00,-1.061196693799999924e+00,-8.221204575999999653e-01,-4.051794883000000014e-01,-1.374334282999999934e-01
1.189999999999999947e+00,-1.058964631000000045e+00,-8.253262452999999832e-01,-4.070649384000000204e-01,-1.451679141999999978e-01
1.199999999999999956e+00,-1.056740746400000042e+00,-8.284433464999999552e-01,-4.088604091999999968e-01,-1.527143595999999881e-01
1.209999999999999964e+00,-1.054526201700000110e+00,-8.314741979999999977e-01,-4.105685004999999888e-01,-1.600764711999999867e-01
1.219999999999999973e+00,-1.052322114899999939e+00,-8.344211589000000151e-01,-4.121917335999999987e-01,-1.672578476000000092e-01
1.229999999999999982e+00,-1.050129561199999895e+00,-8.372865137999999652e-01,-4.137325548999999936e-01,-1.742619861999999964e-01
1.239999999999999991e+00,-1.047949573899999987e+00,-8.400724770999999924e-01,-4.151933392000000111e-01,-1.810922893999999950e-01
1.250000000000000000e+00,-1.045783144600000103e+00,-8.427811960000000102e-01,-4.165763933000000141e-01,-1.877520706999999955e-01
1.260000000000000009e+00,-1.043631224599999907e+00,-8.454147533000000436e-01,-4.178839584999999857e-01,-1.942445600000000105e-01
1.270000000000000018e+00,-1.041494724899999946e+00,-8.479751708999999638e-01,-4.191182135000000031e-01,-2.005729091000000019e-01
1.280000000000000027e+00,-1.039374516699999917e+00,-8.504644121000000112e-01,-4.202812773999999862e-01,-2.067401959999999872e-01
1.290000000000000036e+00,-1.037271432600000098e+00,-8.528843842000000119e-01,-4.213752114000000049e-01,-2.127494295000000035e-01
1.300000000000000044e+00,-1.035186266500000007e+00,-8.552369407000000034e-01,-4.224020213999999940e-01,-2.186035530999999865e-01
1.310000000000000053e+00,-1.033119774300000016e+00,-8.575238836999999892e-01,-4.233636601999999916e-01,-2.243054489999999901e-01
1.320000000000000062e+00,-1.031072674600000072e+00,-8.597469656999999765e-01,-4.242620289999999850e-01,-2.298579410999999906e-01
1.330000000000000071e+00,-1.029045648699999926e+00,-8.619078914000000147e-01,-4.250989793000000128e-01,-2.352637985000000098e-01
1.340000000000000080e+00,-1.027039341600000100e+00,-8.640083196000000187e-01,-4.258763151000000136e-01,-2.405257379999999889e-01
1.350000000000000089e+00,-1.025054362499999927e+00,-8.660498650000000298e-01,-4.265957934999999868e-01,-2.456464271999999893e-01
1.360000000000000098e+00,-1.023091284900000009e+00,-8.680340992999999727e-01,-4.272591271000000246e-01,-2.506284864000000168e-01
1.370000000000000107e+00,-1.021150647500000064e+00,-8.699625528000000108e-01,-4.278679845000000204e-01,-2.554744912999999951e-01
1.379999999999999893e+00,-1.019232954400000057e+00,-8.718367157999999950e-01,-4.284239923000000005e-01,-2.601869747000000177e-01
1.389999999999999902e+00,-1.017338676000000053e+00,-8.736580399000000163e-01,-4.289287359000000244e-01,-2.647684283999999777e-01
1.399999999999999911e+00,-1.015468249400000023e+00,-8.754279390000000438e-01,-4.293837608000000139e-01,-2.692213049000000136e-01
1.409999999999999920e+00,-1.013622078899999890e+00,-8.771477903000000076e-01,-4.297905734999999949e-01,-2.735480190999999839e-01
1.419999999999999929e+00,-1.011800536700000031e+00,-8.788189360000000505e-01,-4.301506426999999744e-01,-2.777509492999999940e-01
1.429999999999999938e+00,-1.010003963399999982e+00,-8.804426834999999896e-01,-4.304654003000000229e-01,-2.818324389999999902e-01
1.439999999999999947e+00,-1.008232668700000056e+00,-8.820203068999999951e-01,-4.307362419999999914e-01,-2.857947975999999835e-01
1.449999999999999956e+00,-1.006486931900000048e+00,-8.835530473999999579e-01,-4.309645287000000158e-01,-2.896403017999999996e-01
1.459999999999999964e+00,-1.004767002799999975e+00,-8.850421147999999461e-01,-4.311515866999999780e-01,-2.933711963000000256e-01
1.469999999999999973e+00,-1.003073101900000097e+00,-8.864886878000000081e-01,-4.312987092000000189e-01,-2.969896948999999897e-01
1.479999999999999982e+00,-1.001405421499999893e+00,-8.878939152000000501e-01,-4.314071566000000080e-01,-3.004979810999999779e-01
1.489999999999999991e+00,-9.997641261999999918e-01,-8.892589160999999631e-01,-4.314781575000000147e-01,-3.038982089999999747e-01
1.500000000000000000e+00,-9.981493535000000028e-01,-8.905847813999999696e-01,-4.315129092000000166e-01,-3.071925039999999774e-01
1.510000000000000009e+00,-9.965612148000000392e-01,-8.918725736999999487e-01,-4.315125787999999907e-01,-3.103829631000000200e-01
1.520000000000000018e+00,-9.949997954000000533e-01,-8.931233285999999882e-01,-4.314783032999999768e-01,-3.134716558999999791e-01
1.530000000000000027e+00,-9.934651562999999852e-01,-8.943380551999999817e-01,-4.314111910999999799e-01,-3.164606245000000095e-01
1.540000000000000036e+00,-9.919573337999999518e-01,-8.955177366000000028e-01,-4.313123218000000092e-01,-3.193518847999999855e-01
1.550000000000000044e+00,-9.904763410000000379e-01,-8.966633306000000303e-01,-4.311827473000000022e-01,-3.221474261000000228e-01
1.560000000000000053e+00,-9.890221681999999959e-01,-8.977757702999999978e-01,-4.310234923999999856e-01,-3.248492118999999900e-01
1.570000000000000062e+00,-9.875947837999999868e-01,-8.988559648999999707e-01,-4.308355555000000225e-01,-3.274591800000000164e-01
1.580000000000000071e+00,-9.861941346999999469e-01,-8.999047999000000519e-01,-4.306199086999999981e-01,-3.299792433000000025e-01
1.590000000000000080e+00,-9.848201476000000287e-01,-9.009231380000000122e-01,-4.303774989999999967e-01,-3.324112894999999845e-01
1.600000000000000089e+00,-9.834727291000000537e-01,-9.019118194999999893e-01,-4.301092487000000020e-01,-3.347571815000000006e-01
1.610000000000000098e+00,-9.821517670999999616e-01,-9.028716628999999827e-01,-4.298160556000000243e-01,-3.370187579000000211e-01
1.620000000000000107e+00,-9.808571313999999708e-01,-9.038034657000000305e-01,-4.294987942999999864e-01,-3.391978334999999900e-01
1.629999999999999893e+00,-9.795886735000000067e-01,-9.047080035000000242e-01,-4.291583152999999817e-01,-3.412961975000000092e-01
1.639999999999999902e+00,-9.783462286999999868e-01,-9.055860327000000431e-01,-4.287954474999999821e-01,-3.433156165999999843e-01
1.649999999999999911e+00,-9.771296164999999645e-01,-9.064382895999999468e-01,-4.284109973999999932e-01,-3.452578332999999833e-01
1.659999999999999920e+00,-9.759386407000000263e-01,-9.072654911999999960e-01,-4.280057498000000016e-01,-3.471245664000000009e-01
1.669999999999999929e+00,-9.747730907999999639e-01,-9.080683354999999901e-01,-4.275804685999999855e-01,-3.489175112999999828e-01
1.679999999999999938e+00,-9.736327424999999813e-01,-9.088475025000000151e-01,-4.271358972000000032e-01,-3.506383397999999763e-01
1.689999999999999947e+00,-9.725173583999999760e-01,-9.096036536999999589e-01,-4.266727586999999877e-01,-3.522887006000000043e-01
1.699999999999999956e+00,-9.714266888000000488e-01,-9.103374336999999761e-01,-4.261917566000000268e-01,-3.538702189999999859e-01
1.709999999999999964e+00,-9.703604722999999987e-01,-9.110494697000000031e-01,-4.256935754999999766e-01,-3.553844972999999907e-01
1.719999999999999973e+00,-9.693184367999999607e-01,-9.117403723000000459e-01,-4.251788811000000168e-01,-3.568331143999999844e-01
1.729999999999999982e+00,-9.683002997999999861e-01,-9.124107360000000000e-01,-4.246483209999999953e-01,-3.582176266000000053e-01
1.739999999999999991e+00,-9.673057695000000233e-01,-9.130611395000000075e-01,-4.241025248999999997e-01,-3.595395670000000043e-01
1.750000000000000000e+00,-9.663345451000000530e-01,-9.136921460000000383e-01,-4.235421051000000103e-01,-3.608004457999999803e-01
1.760000000000000009e+00,-9.653863177999999490e-01,-9.143043038000000511e-01,-4.229676569999999969e-01,-3.620017503999999886e-01
1.770000000000000018e+00,-9.644607711999999555e-01,-9.148981464000000008e-01,-4.223797595000000071e-01,-3.631449453999999744e-01
1.780000000000000027e+00,-9.635575820999999763e-01,-9.154741930999999999e-01,-4.217789753999999780e-01,-3.642314724999999864e-01
1.790000000000000036e+00,-9.626764209999999489e-01,-9.160329493000000101e-01,-4.211658515999999741e-01,-3.652627508999999884e-01
1.800000000000000044e+00,-9.618169531000000383e-01,-9.165749067999999777e-01,-4.205409198000000237e-01,-3.662401771000000084e-01
1.810000000000000053e+00,-9.609788382999999712e-01,-9.171005443999999951e-01,-4.199046967000000241e-01,-3.671651247000000118e-01
1.820000000000000062e+00,-9.601617322000000065e-01,-9.176103276999999503e-01,-4.192576842999999887e-01,-3.680389452000000228e-01
1.830000000000000071e+00,-9.593652866999999862e-01,-9.181047099000000378e-01,-4.186003703999999770e-01,-3.688629672000000026e-01
1.840000000000000080e+00,-9.585891501000000092e-01,-9.185841319999999977e-01,-4.179332290000000172e-01,-3.696384970000000103e-01
1.850000000000000089e+00,-9.578329681999999679e-01,-9.190490231000000287e-01,-4.172567205000000112e-01,-3.703668185999999807e-01
1.860000000000000098e+00,-9.570963847000000246e-01,-9.194998006000000279e-01,-4.165712919999999819e-01,-3.710491935999999935e-01
1.870000000000000107e+00,-9.563790411999999463e-01,-9.199368705999999563e-01,-4.158773779000000115e-01,-3.716868613000000043e-01
1.879999999999999893e+00,-9.556805784999999887e-01,-9.203606282999999832e-01,-4.151753998000000112e-01,-3.722810389000000275e-01
1.889999999999999902e+00,-9.550006363999999914e-01,-9.207714580000000426e-01,-4.144657673000000098e-01,-3.728329214000000169e-01
1.899999999999999911e+00,-9.543388542999999835e-01,-9.211697336999999930e-01,-4.137488779999999866e-01,-3.733436821000000183e-01
1.909999999999999920e+00,-9.536948720000000268e-01,-9.215558190999999510e-01,-4.130251178000000079e-01,-3.738144720000000087e-01
1.919999999999999929e+00,-9.530683295999999860e-01,-9.219300678999999832e-01,-4.122948612999999818e-01,-3.742464206000000182e-01
1.929999999999999938e+00,-9.524588681000000223e-01,-9.222928243000000359e-01,-4.115584720000000085e-01,-3.746406358000000103e-01
1.939999999999999947e+00,-9.518661298999999687e-01,-9.226444231000000551e-01,-4.108163026000000162e-01,-3.749982035000000158e-01
1.949999999999999956e+00,-9.512897591000000208e-01,-9.229851895999999778e-01,-4.100686955000000244e-01,-3.753201887000000014e-01
1.959999999999999964e+00,-9.507294016999999764e-01,-9.233154405000000287e-01,-4.093159826000000168e-01,-3.756076347999999787e-01
1.969999999999999973e+00,-9.501847060000000456e-01,-9.236354837000000373e-01,-4.085584861000000068e-01,-3.758615640999999896e-01
1.979999999999999982e+00,-9.496553227999999791e-01,-9.239456186000000182e-01,-4.077965179999999967e-01,-3.760829780000000122e-01
1.989999999999999991e+00,-9.491409060000000064e-01,-9.242461361999999570e-01,-4.070303813999999742e-01,-3.762728571000000244e-01
2.000000000000000000e+00,-9.486411125000000499e-01,-9.245373195999999627e-01,-4.062603698000000207e-01,-3.764321610999999956e-01
2.009999999999999787e+00,-9.481556026999999887e-01,-9.248194440000000460e-01,-4.054867676000000198e-01,-3.765618295000000004e-01
2.020000000000000018e+00,-9.476840403999999829e-01,-9.250927770000000327e-01,-4.047098509000000011e-01,-3.766627813999999796e-01
2.029999999999999805e+00,-9.472260935999999854e-01,-9.253575788000000246e-01,-4.039298867000000182e-01,-3.767359157999999875e-01
2.040000000000000036e+00,-9.467814340000000328e-01,-9.256141022999999635e-01,-4.031471340000000181e-01,-3.767821117999999858e-01
2.049999999999999822e+00,-9.463497376999999711e-01,-9.258625931999999725e-01,-4.023618435999999909e-01,-3.768022288000000275e-01
2.060000000000000053e+00,-9.459306849999999933e-01,-9.261032904999999538e-01,-4.015742582999999866e-01,-3.767971066999999952e-01
2.069999999999999840e+00,-9.455239611000000322e-01,-9.263364265000000319e-01,-4.007846132999999811e-01,-3.767675662000000147e-01
2.080000000000000071e+00,-9.451292554000000345e-01,-9.265622269000000077e-01,-3.999931362999999962e-01,-3.767144089000000196e-01
2.089999999999999858e+00,-9.447462624000000364e-01,-9.267809111000000488e-01,-3.992000474999999882e-01,-3.766384178000000138e-01
2.100000000000000089e+00,-9.443746815000000350e-01,-9.269926924000000401e-01,-3.984055602000000085e-01,-3.765403569999999922e-01
2.109999999999999876e+00,-9.440142167999999723e-01,-9.271977778000000114e-01,-3.976098805000000125e-01,-3.764209726000000145e-01
2.120000000000000107e+00,-9.436645778000000151e-01,-9.273963686999999734e-01,-3.968132079999999728e-01,-3.762809925999999749e-01
2.129999999999999893e+00,-9.433254789999999668e-01,-9.275886607000000117e-01,-3.960157355999999740e-01,-3.761211269999999995e-01
2.140000000000000124e+00,-9.429966400999999498e-01,-9.277748438999999792e-01,-3.952176495999999983e-01,-3.759420683999999957e-01
2.149999999999999911e+00,-9.426777859999999620e-01,-9.279551029000000506e-01,-3.944191302999999760e-01,-3.757444922000000020e-01
2.160000000000000142e+00,-9.423686471000000120e-01,-9.281296169999999623e-01,-3.936203518999999984e-01,-3.755290566000000219e-01
2.169999999999999929e+00,-9.420689588999999753e-01,-9.282985605000000362e-01,-3.928214823000000244e-01,-3.752964032000000172e-01
2.180000000000000160e+00,-9.417784622999999522e-01,-9.284621025999999500e-01,-3.920226841000000184e-01,-3.750471570000000199e-01
2.189999999999999947e+00,-9.414969034000000292e-01,-9.286204075999999752e-01,-3.912241141000000200e-01,-3.747819269000000064e-01
2.200000000000000178e+00,-9.412240339999999872e-01,-9.287736353000000111e-01,-3.904259233999999856e-01,-3.745013059000000255e-01
2.209999999999999964e+00,-9.409596109000000208e-01,-9.289219407000000039e-01,-3.896282581000000134e-01,-3.742058712999999925e-01
2.220000000000000195e+00,-9.407033964000000026e-01,-9.290654742999999716e-01,-3.888312588999999764e-01,-3.738961849999999920e-01
2.229999999999999982e+00,-9.404551579000000050e-01,-9.292043823000000202e-01,-3.880350616000000086e-01,-3.735727939999999858e-01
2.240000000000000213e+00,-9.402146683000000005e-01,-9.293388066000000114e-01,-3.872397968999999884e-01,-3.732362303000000270e-01
2.250000000000000000e+00,-9.399817055000000421e-01,-9.294688852000000390e-01,-3.864455908000000162e-01,-3.728870114999999763e-01
2.259999999999999787e+00,-9.397560528999999718e-01,-9.295947517000000548e-01,-3.856525646000000251e-01,-3.725256410000000185e-01
2.270000000000000018e+00,-9.395374987000000289e-01,-9.297165360000000378e-01,-3.848608352999999815e-01,-3.721526082000000124e-01
2.279999999999999805e+00,-9.393258364000000027e-01,-9.298343644000000019e-01,-3.840705151000000095e-01,-3.717683887000000076e-01
2.290000000000000036e+00,-9.391208643999999772e-01,-9.299483590999999549e-01,-3.832817122000000132e-01,-3.713734450000000242e-01
2.299999999999999822e+00,-9.389223863000000225e-01,-9.300586388999999565e-01,-3.824945304999999851e-01,-3.709682263999999896e-01
2.310000000000000053e+00,-9.387302105000000507e-01,-9.301653190999999987e-01,-3.817090699999999837e-01,-3.705531691999999766e-01
2.319999999999999840e+00,-9.385441501000000297e-01,-9.302685117000000226e-01,-3.809254264999999973e-01,-3.701286972999999758e-01
2.330000000000000071e+00,-9.383640230999999998e-01,-9.303683252000000126e-01,-3.801436921999999941e-01,-3.696952224000000231e-01
2.339999999999999858e+00,-9.381896522999999544e-01,-9.304648649000000216e-01,-3.793639552999999998e-01,-3.692531439999999776e-01
2.350000000000000089e+00,-9.380208651000000453e-01,-9.305582331999999735e-01,-3.785863007999999974e-01,-3.688028501000000237e-01
2.359999999999999876e+00,-9.378574933000000113e-01,-9.306485291999999632e-01,-3.778108096000000193e-01,-3.683447170999999964e-01
2.370000000000000107e+00,-9.376993732999999720e-01,-9.307358490999999567e-01,-3.770375597999999773e-01,-3.678791102000000257e-01
2.379999999999999893e+00,-9.375463457999999584e-01,-9.308202864000000298e-01,-3.762666256000000153e-01,-3.674063837000000055e-01
2.390000000000000124e+00,-9.373982561000000491e-01,-9.309019315000000017e-01,-3.754980782999999822e-01,-3.669268811999999991e-01
2.399999999999999911e+00,-9.372549533999999793e-01,-9.309808724999999452e-01,-3.747319861000000252e-01,-3.664409359999999949e-01
2.410000000000000142e+00,-9.371162911000000539e-01,-9.310571944000000100e-01,-3.739684139000000185e-01,-3.659488710000000089e-01
2.419999999999999929e+00,-9.369821268000000369e-01,-9.311309799000000442e-01,-3.732074237999999933e-01,-3.654509993999999762e-01
2.430000000000000160e+00,-9.368523221000000234e-01,-9.312023094000000389e-01,-3.724490751000000266e-01,-3.649476246999999729e-01
2.439999999999999947e+00,-9.367267423999999787e-01,-9.312712603999999672e-01,-3.716934239999999945e-01,-3.644390408000000026e-01
2.450000000000000178e+00,-9.366052567999999523e-01,-9.313379083999999697e-01,-3.709405242000000102e-01,-3.639255325999999902e-01
2.459999999999999964e+00,-9.364877382999999833e-01,-9.314023265999999968e-01,-3.701904268999999803e-01,-3.634073760000000042e-01
2.470000000000000195e+00,-9.363740634999999646e-01,-9.314645858000000223e-01,-3.694431805000000235e-01,-3.628848380999999956e-01
2.479999999999999982e+00,-9.362641125999999758e-01,-9.315247548999999738e-01,-3.686988311000000129e-01,-3.623581775999999977e-01
2.490000000000000213e+00,-9.361577692000000450e-01,-9.315829004000000246e-01,-3.679574221999999950e-01,-3.618276448000000145e-01
2.500000000000000000e+00,-9.360549203000000373e-01,-9.316390870999999851e-01,-3.672189951000000008e-01,-3.612934821000000074e-01
2.509999999999999787e+00,-9.359554561999999800e-01,-9.316933776000000389e-01,-3.664835888999999902e-01,-3.607559238999999973e-01
2.520000000000000018e+00,-9.358592704000000539e-01,-9.317458325999999902e-01,-3.657512403000000023e-01,-3.602151969999999870e-01
2.529999999999999805e+00,-9.357662597000000471e-01,-9.317965111999999550e-01,-3.650219841999999826e-01,-3.596715208999999858e-01
2.540000000000000036e+00,-9.356763237999999872e-01,-9.318454702999999784e-01,-3.642958531000000111e-01,-3.591251075999999931e-01
2.549999999999999822e+00,-9.355893654000000392e-01,-9.318927652999999811e-01,-3.635728777000000189e-01,-3.585761624000000092e-01
2.560000000000000053e+00,-9.355052901000000531e-01,-9.319384498999999655e-01,-3.628530866999999938e-01,-3.580248835000000018e-01
2.569999999999999840e+00,-9.354240065000000159e-01,-9.319825761000000153e-01,-3.621365068999999881e-01,-3.574714625000000034e-01
2.580000000000000071e+00,-9.353454258000000188e-01,-9.320251941999999623e-01,-3.614231634999999776e-01,-3.569160847000000247e-01
2.589999999999999858e+00,-9.352694618000000348e-01,-9.320663531999999751e-01,-3.607130795999999862e-01,-3.563589288999999827e-01
2.600000000000000089e+00,-9.351960312000000553e-01,-9.321061003999999706e-01,-3.600062768999999774e-01,-3.558001679000000195e-01
2.609999999999999876e+00,-9.351250529000000311e-01,-9.321444815999999634e-01,-3.593027751999999797e-01,-3.552399685000000029e-01
2.620000000000000107e+00,-9.350564485000000259e-01,-9.321815412999999717e-01,-3.586025930000000250e-01,-3.546784917999999953e-01
2.629999999999999893e+00,-9.349901418999999603e-01,-9.322173226000000090e-01,-3.579057469999999963e-01,-3.541158932999999842e-01
2.640000000000000124e+00,-9.349260592999999453e-01,-9.322518672999999811e-01,-3.572122526000000020e-01,-3.535523230000000017e-01
2.649999999999999911e+00,-9.348641292999999575e-01,-9.322852157000000028e-01,-3.565221236000000182e-01,-3.529879255000000216e-01
2.660000000000000142e+00,-9.348042826000000360e-01,-9.323174072000000034e-01,-3.558353725999999773e-01,-3.524228406000000091e-01
2.669999999999999929e+00,-9.347464519999999499e-01,-9.323484796000000019e-01,-3.551520106000000121e-01,-3.518572027999999907e-01
2.680000000000000160e+00,-9.346905723999999749e-01,-9.323784697000000454e-01,-3.544720474999999982e-01,-3.512911418999999924e-01
2.689999999999999947e+00,-9.346365809000000135e-01,-9.324074132999999875e-01,-3.537954919999999892e-01,-3.507247829999999844e-01
2.700000000000000178e+00,-9.345844162999999982e-01,-9.324353447000000017e-01,-3.531223513000000258e-01,-3.501582464999999922e-01
2.709999999999999964e+00,-9.345340194000000267e-01,-9.324622975999999897e-01,-3.524526318000000269e-01,-3.495916485000000185e-01
2.720000000000000195e+00,-9.344853328000000126e-01,-9.324883041999999511e-01,-3.517863384000000093e-01,-3.490251008999999960e-01
2.729999999999999982e+00,-9.344383010000000267e-01,-9.325133960000000499e-01,-3.511234751999999792e-01,-3.484587111999999931e-01
2.740000000000000213e+00,-9.343928701999999475e-01,-9.325376033000000175e-01,-3.504640451000000101e-01,-3.478925829000000247e-01
2.750000000000000000e+00,-9.343489880999999997e-01,-9.325609556999999716e-01,-3.498080500999999898e-01,-3.473268158000000216e-01
2.759999999999999787e+00,-9.343066043000000098e-01,-9.325834815000000333e-01,-3.491554910999999928e-01,-3.467615056000000195e-01
2.770000000000000018e+00,-9.342656699000000398e-01,-9.326052084999999492e-01,-3.485063681000000191e-01,-3.461967444999999866e-01
2.779999999999999805e+00,-9.342261374000000451e-01,-9.326261634000000411e-01,-3.478606803000000025e-01,-3.456326209999999732e-01
2.790000000000000036e+00,-9.341879609000000029e-01,-9.326463721000000096e-01,-3.472184258000000079e-01,-3.450692202000000264e-01
2.799999999999999822e+00,-9.341510960000000141e-01,-9.326658596000000356e-01,-3.465796022000000032e-01,-3.445066238999999753e-01
2.810000000000000053e+00,-9.341154996999999627e-01,-9.326846502000000205e-01,-3.459442059000000236e-01,-3.439449104000000257e-01
2.819999999999999840e+00,-9.340811301000000455e-01,-9.327027675000000295e-01,-3.453122329000000157e-01,-3.433841550000000242e-01
2.830000000000000071e+00,-9.340479470000000450e-01,-9.327202342999999507e-01,-3.446836781000000016e-01,-3.428244299000000050e-01
2.839999999999999858e+00,-9.340159112000000485e-01,-9.327370725000000418e-01,-3.440585359000000176e-01,-3.422658043999999844e-01
2.850000000000000089e+00,-9.339849848000000287e-01,-9.327533034999999639e-01,-3.434368000999999948e-01,-3.417083448000000079e-01
2.859999999999999876e+00,-9.339551311999999550e-01,-9.327689479999999866e-01,-3.428184635000000036e-01,-3.411521146000000004e-01
2.870000000000000107e+00,-9.339263148999999986e-01,-9.327840258999999801e-01,-3.422035186999999867e-01,-3.405971747000000049e-01
2.879999999999999893e+00,-9.338985013999999696e-01,-9.327985565999999951e-01,-3.415919573000000264e-01,-3.400435833000000074e-01
2.890000000000000124e+00,-9.338716576000000158e-01,-9.328125588000000246e-01,-3.409837705000000052e-01,-3.394913961000000091e-01
2.899999999999999911e+00,-9.338457511000000100e-01,-9.328260507000000201e-01,-3.403789489999999862e-01,-3.389406662000000181e-01
2.910000000000000142e+00,-9.338207508000000434e-01,-9.328390497999999864e-01,-3.397774827999999747e-01,-3.383914445999999798e-01
2.919999999999999929e+00,-9.337966264000000516e-01,-9.328515730999999978e-01,-3.391793616000000067e-01,-3.378437796000000048e-01
2.930000000000000160e+00,-9.337733487999999582e-01,-9.328636369999999678e-01,-3.385845742999999963e-01,-3.372977175999999910e-01
2.939999999999999947e+00,-9.337508894999999587e-01,-9.328752573999999909e-01,-3.379931097000000162e-01,-3.367533026000000262e-01
2.950000000000000178e+00,-9.337292212000000147e-01,-9.328864497000000089e-01,-3.374049559999999781e-01,-3.362105766999999856e-01
2.959999999999999964e+00,-9.337083173000000347e-01,-9.328972287000000252e-01,-3.368201008000000218e-01,-3.356695799000000147e-01
2.970000000000000195e+00,-9.336881522000000100e-01,-9.329076090000000265e-01,-3.362385314999999930e-01,-3.351303500999999740e-01
2.979999999999999982e+00,-9.336687009999999898e-01,-9.329176043000000362e-01,-3.356602351999999900e-01,-3.345929234000000196e-01
2.990000000000000213e+00,-9.336499396999999867e-01,-9.329272281999999583e-01,-3.350851982999999978e-01,-3.340573340999999918e-01
3.000000000000000000e+00,-9.336318448999999520e-01,-9.329364936999999802e-01,-3.345134070999999931e-01,-3.335236147999999790e-01
3.009999999999999787e+00,-9.336143941000000224e-01,-9.329454133000000260e-01,-3.339448475999999832e-01,-3.329917960000000066e-01
3.020000000000000018e+00,-9.335975655999999567e-01,-9.329539994000000114e-01,-3.333795052999999897e-01,-3.324619068999999927e-01
3.029999999999999805e+00,-9.335813380999999911e-01,-9.329622636000000080e-01,-3.328173656000000258e-01,-3.319339751000000005e-01
3.040000000000000036e+00,-9.335656911999999918e-01,-9.329702172999999599e-01,-3.322584134000000078e-01,-3.314080262999999915e-01
3.049999999999999822e+00,-9.335506053000000026e-01,-9.329778716000000083e-01,-3.317026336000000186e-01,-3.308840848999999862e-01
3.060000000000000053e+00,-9.335360610999999809e-01,-9.329852371000000311e-01,-3.311500105999999888e-01,-3.303621741000000167e-01
3.069999999999999840e+00,-9.335220401999999584e-01,-9.329923242000000005e-01,-3.306005287000000070e-01,-3.298423151000000053e-01
3.080000000000000071e+00,-9.335085246000000003e-01,-9.329991426999999504e-01,-3.300541719999999790e-01,-3.293245282999999746e-01
3.089999999999999858e+00,-9.334954970000000074e-01,-9.330057023000000171e-01,-3.295109243000000077e-01,-3.288088323999999729e-01
3.100000000000000089e+00,-9.334829407000000412e-01,-9.330120121999999627e-01,-3.289707692000000128e-01,-3.282952451000000216e-01
3.109999999999999876e+00,-9.334708393999999743e-01,-9.330180815999999933e-01,-3.284336901000000086e-01,-3.277837827000000259e-01
3.120000000000000107e+00,-9.334591774999999592e-01,-9.330239190000000349e-01,-3.278996705000000178e-01,-3.272744603000000141e-01
3.129999999999999893e+00,-9.334479396999999512e-01,-9.330295328000000055e-01,-3.273686934000000215e-01,-3.267672919999999870e-01
3.140000000000000124e+00,-9.334371113999999636e-01,-9.330349311000000201e-01,-3.268407418000000009e-01,-3.262622907000000128e-01
3.149999999999999911e+00,-9.334266785000000510e-01,-9.330401217999999552e-01,-3.263157984999999761e-01,-3.257594682000000130e-01
3.160000000000000142e+00,-9.334166270000000543e-01,-9.330451124999999957e-01,-3.257938463000000229e-01,-3.252588352999999932e-01
3.169999999999999929e+00,-9.334069439000000079e-01,-9.330499103999999599e-01,-3.252748677999999782e-01,-3.247604018999999953e-01
3.180000000000000160e+00,-9.333976161000000493e-01,-9.330545224999999832e-01,-3.247588455000000041e-01,-3.242641768000000257e-01
3.189999999999999947e+00,-9.333886313999999462e-01,-9.330589557999999784e-01,-3.242457617999999764e-01,-3.237701680000000248e-01
3.200000000000000178e+00,-9.333799777000000297e-01,-9.330632168000000393e-01,-3.237355989999999850e-01,-3.232783825000000166e-01
3.209999999999999964e+00,-9.333716434000000062e-01,-9.330673118000000210e-01,-3.232283394000000087e-01,-3.227888264000000063e-01
3.220000000000000195e+00,-9.333636172000000508e-01,-9.330712468999999842e-01,-3.227239652000000181e-01,-3.223015052000000047e-01
3.229999999999999982e+00,-9.333558884000000555e-01,-9.330750281999999896e-01,-3.222224584999999752e-01,-3.218164233999999957e-01
3.240000000000000213e+00,-9.333484464000000314e-01,-9.330786612000000479e-01,-3.217238013000000008e-01,-3.213335848000000161e-01
3.250000000000000000e+00,-9.333412811000000309e-01,-9.330821515999999649e-01,-3.212279758000000096e-01,-3.208529924999999894e-01
3.259999999999999787e+00,-9.333343826000000121e-01,-9.330855045999999486e-01,-3.207349639000000030e-01,-3.203746487999999948e-01
3.270000000000000018e+00,-9.333277415999999826e-01,-9.330887253999999853e-01,-3.202447475999999904e-01,-3.198985554000000064e-01
3.279999999999999805e+00,-9.333213487999999503e-01,-9.330918189000000362e-01,-3.197573087000000203e-01,-3.194247132999999961e-01
3.290000000000000036e+00,-9.333151952999999557e-01,-9.330947899000000545e-01,-3.192726294000000076e-01,-3.189531228999999968e-01
3.299999999999999822e+00,-9.333092727999999783e-01,-9.330976430999999849e-01,-3.187906915000000008e-01,-3.184837838999999837e-01
3.310000000000000053e+00,-9.333035727999999809e-01,-9.331003827999999611e-01,-3.183114767999999928e-01,-3.180166955000000018e-01
3.319999999999999840e+00,-9.332980874999999843e-01,-9.331030135000000225e-01,-3.178349675000000096e-01,-3.175518565000000071e-01
3.330000000000000071e+00,-9.332928090000000010e-01,-9.331055391000000476e-01,-3.173611452999999805e-01,-3.170892646999999842e-01
3.339999999999999858e+00,-9.332877298999999738e-01,-9.331079637000000426e-01,-3.168899922999999785e-01,-3.166289179999999814e-01
3.350000000000000089e+00,-9.332828431999999896e-01,-9.331102911999999971e-01,-3.164214905000000133e-01,-3.161708132000000115e-01
3.359999999999999876e+00,-9.332781417000000079e-01,-9.331125251999999870e-01,-3.159556217000000222e-01,-3.157149470999999763e-01
3.370000000000000107e+00,-9.332736188000000377e-01,-9.331146693999999853e-01,-3.154923681999999840e-01,-3.152613156999999888e-01
3.379999999999999893e+00,-9.332692678999999769e-01,-9.331167271000000429e-01,-3.150317119000000110e-01,-3.148099148999999874e-01
3.390000000000000124e+00,-9.332650829999999953e-01,-9.331187018000000055e-01,-3.145736350000000181e-01,-3.143607399000000191e-01
3.399999999999999911e+00,-9.332610578000000157e-01,-9.331205966000000185e-01,-3.141181196999999758e-01,-3.139137857000000031e-01
3.410000000000000142e+00,-9.332571866000000105e-01,-9.331224146000000053e-01,-3.136651481000000130e-01,-3.134690466999999758e-01
3.419999999999999929e+00,-9.332534636999999522e-01,-9.331241586999999837e-01,-3.132147023999999891e-01,-3.130265172000000207e-01
3.430000000000000160e+00,-9.332498836999999492e-01,-9.331258318999999801e-01,-3.127667651000000104e-01,-3.125861910000000132e-01
3.439999999999999947e+00,-9.332464414000000152e-01,-9.331274368999999957e-01,-3.123213186000000086e-01,-3.121480615000000181e-01
3.450000000000000178e+00,-9.332431316000000532e-01,-9.331289763000000237e-01,-3.118783451000000095e-01,-3.117121219000000276e-01
3.459999999999999964e+00,-9.332399494999999989e-01,-9.331304527999999543e-01,-3.114378273000000252e-01,-3.112783652000000179e-01
3.470000000000000195e+00,-9.332368903000000104e-01,-9.331318686999999779e-01,-3.109997476999999955e-01,-3.108467838999999788e-01
3.479999999999999982e+00,-9.332339495999999457e-01,-9.331332264999999682e-01,-3.105640889999999876e-01,-3.104173702999999951e-01
3.490000000000000213e+00,-9.332311228999999875e-01,-9.331345283999999962e-01,-3.101308339000000136e-01,-3.099901165999999764e-01
3.500000000000000000e+00,-9.332284059000000020e-01,-9.331357767000000303e-01,-3.096999651999999825e-01,-3.095650145000000131e-01
3.509999999999999787e+00,-9.332257945999999915e-01,-9.331369735000000221e-01,-3.092714657999999783e-01,-3.091420556000000208e-01
3.520000000000000018e+00,-9.332232850999999663e-01,-9.331381207000000177e-01,-3.088453186999999822e-01,-3.087212314000000180e-01
3.529999999999999805e+00,-9.332208735000000477e-01,-9.331392203999999690e-01,-3.084215068000000226e-01,-3.083025328999999815e-01
3.540000000000000036e+00,-9.332185562000000489e-01,-9.331402745000000332e-01,-3.080000133999999945e-01,-3.078859510999999993e-01
3.549999999999999822e+00,-9.332163296000000052e-01,-9.331412847000000177e-01,-3.075808217000000067e-01,-3.074714768999999848e-01
3.560000000000000053e+00,-9.332141902999999683e-01,-9.331422528999999688e-01,-3.071639150000000096e-01,-3.070591007999999844e-01
3.569999999999999840e+00,-9.332121351000000065e-01,-9.331431807000000189e-01,-3.067492767000000176e-01,-3.066488132999999894e-01
3.580000000000000071e+00,-9.332101606999999577e-01,-9.331440695999999591e-01,-3.063368902999999976e-01,-3.062406046999999742e-01
3.589999999999999858e+00,-9.332082641000000178e-01,-9.331449214000000492e-01,-3.059267393999999807e-01,-3.058344649999999998e-01
3.600000000000000089e+00,-9.332064423000000497e-01,-9.331457374999999610e-01,-3.055188078000000140e-01,-3.054303843999999768e-01
3.609999999999999876e+00,-9.332046926000000520e-01,-9.331465192000000242e-01,-3.051130792000000258e-01,-3.050283528000000133e-01
3.620000000000000107e+00,-9.332030121000000067e-01,-9.331472681000000380e-01,-3.047095375000000161e-01,-3.046283598000000259e-01
3.629999999999999893e+00,-9.332013982000000318e-01,-9.331479853999999907e-01,-3.043081666999999935e-01,-3.042303950999999951e-01
3.640000000000000124e+00,-9.331998485000000398e-01,-9.331486723999999899e-01,-3.039089508999999745e-01,-3.038344484000000123e-01
3.649999999999999911e+00,-9.331983603000000294e-01,-9.331493304000000322e-01,-3.035118743999999924e-01,-3.034405090999999777e-01
3.660000000000000142e+00,-9.331969315000000487e-01,-9.331499604999999864e-01,-3.031169214000000167e-01,-3.030485663999999968e-01
3.669999999999999929e+00,-9.331955596000000019e-01,-9.331505638999999519e-01,-3.027240763999999862e-01,-3.026586098999999863e-01
3.680000000000000160e+00,-9.331942425000000485e-01,-9.331511416000000114e-01,-3.023333239000000061e-01,-3.022706285999999798e-01
3.689999999999999947e+00,-9.331929782000000229e-01,-9.331516947000000339e-01,-3.019446485000000235e-01,-3.018846117999999801e-01
3.700000000000000178e+00,-9.331917644999999650e-01,-9.331522241999999911e-01,-3.015580348999999938e-01,-3.015005485000000207e-01
3.709999999999999964e+00,-9.331905995000000509e-01,-9.331527311999999741e-01,-3.011734679999999997e-01,-3.011184278999999853e-01
3.720000000000000195e+00,-9.331894813000000122e-01,-9.331532164000000407e-01,-3.007909327000000133e-01,-3.007382388000000017e-01
3.729999999999999982e+00,-9.331884081000000331e-01,-9.331536808999999488e-01,-3.004104141000000228e-01,-3.003599703000000010e-01
3.740000000000000213e+00,-9.331873781999999728e-01,-9.331541253999999785e-01,-3.000318974000000249e-01,-2.999836113000000082e-01
3.750000000000000000e+00,-9.331863899000000240e-01,-9.331545507999999822e-01,-2.996553678000000165e-01,-2.996091506999999932e-01
3.759999999999999787e+00,-9.331854415000000458e-01,-9.331549580000000343e-01,-2.992808107000000106e-01,-2.992365773999999812e-01
3.770000000000000018e+00,-9.331845315000000252e-01,-9.331553474999999542e-01,-2.989082115999999734e-01,-2.988658801999999892e-01
3.779999999999999805e+00,-9.331836583999999490e-01,-9.331557203000000467e-01,-2.985375561999999983e-01,-2.984970479999999871e-01
3.790000000000000036e+00,-9.331828207000000264e-01,-9.331560769000000199e-01,-2.981688299999999958e-01,-2.981300695999999917e-01
3.799999999999999822e+00,-9.331820171000000386e-01,-9.331564181000000513e-01,-2.978020190999999817e-01,-2.977649337000000118e-01
3.810000000000000053e+00,-9.331812461999999808e-01,-9.331567444999999683e-01,-2.974371091999999939e-01,-2.974016293000000255e-01
3.819999999999999840e+00,-9.331805067999999759e-01,-9.331570567000000427e-01,-2.970740863999999926e-01,-2.970401450999999859e-01
3.830000000000000071e+00,-9.331797975000000189e-01,-9.331573552999999910e-01,-2.967129369000000016e-01,-2.966804699999999739e-01
3.839999999999999858e+00,-9.331791173000000272e-01,-9.331576408999999739e-01,-2.963536469999999978e-01,-2.963225926999999982e-01
3.850000000000000089e+00,-9.331784647999999960e-01,-9.331579140000000328e-01,-2.959962029000000050e-01,-2.959665021999999812e-01
3.859999999999999876e+00,-9.331778391999999700e-01,-9.331581751999999952e-01,-2.956405912000000247e-01,-2.956121872999999955e-01
3.870000000000000107e+00,-9.331772391999999527e-01,-9.331584250000000136e-01,-2.952867985000000028e-01,-2.952596366999999944e-01
3.879999999999999893e+00,-9.331766638999999808e-01,-9.331586638000000100e-01,-2.949348115000000048e-01,-2.949088395999999723e-01
3.890000000000000124e+00,-9.331761122999999714e-01,-9.331588922000000341e-01,-2.945846168999999848e-01,-2.945597845999999853e-01
3.899999999999999911e+00,-9.331755833999999528e-01,-9.331591104999999997e-01,-2.942362016999999774e-01,-2.942124608999999724e-01
3.910000000000000142e+00,-9.331750763999999698e-01,-9.331593191999999481e-01,-2.938895529000000173e-01,-2.938668573000000062e-01
3.919999999999999929e+00,-9.331745903000000508e-01,-9.331595186000000153e-01,-2.935446575999999808e-01,-2.935229629000000173e-01
3.930000000000000160e+00,-9.331741244000000268e-01,-9.331597093000000287e-01,-2.932015029999999745e-01,-2.931807666999999840e-01
3.939999999999999947e+00,-9.331736777000000371e-01,-9.331598916000000132e-01,-2.928600765000000106e-01,-2.928402578000000034e-01
3.950000000000000178e+00,-9.331732496000000321e-01,-9.331600656999999854e-01,-2.925203654999999903e-01,-2.925014253000000064e-01
3.959999999999999964e+00,-9.331728392999999455e-01,-9.331602321999999949e-01,-2.921823575999999978e-01,-2.921642582000000266e-01
3.970000000000000195e+00,-9.331724461000000526e-01,-9.331603912000000500e-01,-2.918460404000000064e-01,-2.918287459000000195e-01
3.979999999999999982e+00,-9.331720692999999622e-01,-9.331605431999999700e-01,-2.915114017000000057e-01,-2.914948775999999797e-01
3.990000000000000213e+00,-9.331717081999999497e-01,-9.331606883999999935e-01,-2.911784292999999857e-01,-2.911626425000000129e-01
4.000000000000000000e+00,-9.331713621999999653e-01,-9.331608271000000343e-01,-2.908471112000000081e-01,-2.908320300000000191e-01
4.009999999999999787e+00,-9.331710306999999593e-01,-9.331609596000000062e-01,-2.905174354000000236e-01,-2.905030292999999930e-01
4.019999999999999574e+00,-9.331707130999999933e-01,-9.331610862000000450e-01,-2.901893902000000081e-01,-2.901756301000000260e-01
4.030000000000000249e+00,-9.331704088000000175e-01,-9.331612071999999536e-01,-2.898629636999999759e-01,-2.898498217000000099e-01
4.040000000000000036e+00,-9.331701172999999905e-01,-9.331613225999999539e-01,-2.895381443000000221e-01,-2.895255936000000196e-01
4.049999999999999822e+00,-9.331698379999999737e-01,-9.331614329999999846e-01,-2.892149205999999806e-01,-2.892029354999999802e-01
4.059999999999999609e+00,-9.331695706000000534e-01,-9.331615383000000374e-01,-2.888932810000000018e-01,-2.888818369000000219e-01
4.070000000000000284e+00,-9.331693143999999496e-01,-9.331616389000000344e-01,-2.885732142999999916e-01,-2.885622876000000225e-01
4.080000000000000071e+00,-9.331690689999999622e-01,-9.331617348999999839e-01,-2.882547091000000061e-01,-2.882442774000000263e-01
4.089999999999999858e+00,-9.331688340999999554e-01,-9.331618266000000217e-01,-2.879377544000000233e-01,-2.879277959000000053e-01
4.099999999999999645e+00,-9.331686089999999822e-01,-9.331619142000000533e-01,-2.876223391000000129e-01,-2.876128331000000204e-01
4.110000000000000320e+00,-9.331683936000000346e-01,-9.331619977999999760e-01,-2.873084523000000168e-01,-2.872993789000000131e-01
4.120000000000000107e+00,-9.331681872999999516e-01,-9.331620776000000284e-01,-2.869960830000000129e-01,-2.869874232999999886e-01
4.129999999999999893e+00,-9.331679897000000334e-01,-9.331621536999999966e-01,-2.866852205000000042e-01,-2.866769563000000076e-01
4.139999999999999680e+00,-9.331678006000000414e-01,-9.331622264000000166e-01,-2.863758542000000018e-01,-2.863679680999999810e-01
4.150000000000000355e+00,-9.331676196000000534e-01,-9.331622957999999857e-01,-2.860679735000000168e-01,-2.860604487000000251e-01
4.160000000000000142e+00,-9.331674463000000364e-01,-9.331623620000000230e-01,-2.857615678000000048e-01,-2.857543884000000034e-01
4.169999999999999929e+00,-9.331672803999999655e-01,-9.331624252000000341e-01,-2.854566269000000100e-01,-2.854497775000000015e-01
4.179999999999999716e+00,-9.331671216000000380e-01,-9.331624855000000274e-01,-2.851531402999999965e-01,-2.851466062999999940e-01
4.190000000000000391e+00,-9.331669696000000069e-01,-9.331625430000000110e-01,-2.848510980000000248e-01,-2.848448653999999802e-01
4.200000000000000178e+00,-9.331668241999999669e-01,-9.331625979000000015e-01,-2.845504897000000200e-01,-2.845445449999999821e-01
4.209999999999999964e+00,-9.331666849999999958e-01,-9.331626503000000072e-01,-2.842513053999999872e-01,-2.842456358000000072e-01
4.219999999999999751e+00,-9.331665517999999659e-01,-9.331627002000000282e-01,-2.839535350999999874e-01,-2.839481283999999994e-01
4.230000000000000426e+00,-9.331664243999999719e-01,-9.331627477999999698e-01,-2.836571690999999951e-01,-2.836520135000000220e-01
4.240000000000000213e+00,-9.331663024999999889e-01,-9.331627932999999597e-01,-2.833621975999999765e-01,-2.833572817000000188e-01
4.250000000000000000e+00,-9.331661857999999921e-01,-9.331628365999999897e-01,-2.830686107000000007e-01,-2.830639239000000140e-01
4.259999999999999787e+00,-9.331660741999999731e-01,-9.331628778999999652e-01,-2.827763990000000116e-01,-2.827719309000000236e-01
4.269999999999999574e+00,-9.331659675000000265e-01,-9.331629173000000055e-01,-2.824855530000000003e-01,-2.824812937000000246e-01
4.280000000000000249e+00,-9.331658654000000164e-01,-9.331629549000000079e-01,-2.821960631000000053e-01,-2.821920031999999856e-01
4.290000000000000036e+00,-9.331657677000000373e-01,-9.331629907999999807e-01,-2.819079199999999785e-01,-2.819040506000000113e-01
4.299999999999999822e+00,-9.331656742999999699e-01,-9.331630249000000266e-01,-2.816211144999999916e-01,-2.816174268000000147e-01
4.309999999999999609e+00,-9.331655850000000196e-01,-9.331630574999999483e-01,-2.813356372999999966e-01,-2.813321232000000061e-01
4.320000000000000284e+00,-9.331654995000000508e-01,-9.331630884999999598e-01,-2.810514794000000260e-01,-2.810481309000000261e-01
4.330000000000000071e+00,-9.331654178999999605e-01,-9.331631180999999664e-01,-2.807686315999999849e-01,-2.807654412999999738e-01
4.339999999999999858e+00,-9.331653398000000488e-01,-9.331631462999999682e-01,-2.804870850999999776e-01,-2.804840457000000176e-01
4.349999999999999645e+00,-9.331652650999999743e-01,-9.331631731999999735e-01,-2.802068309999999896e-01,-2.802039356000000092e-01
4.360000000000000320e+00,-9.331651936999999508e-01,-9.331631987999999822e-01,-2.799278605000000142e-01,-2.799251025000000226e-01
4.370000000000000107e+00,-9.331651254999999701e-01,-9.331632232000000027e-01,-2.796501648999999978e-01,-2.796475379000000205e-01
4.379999999999999893e+00,-9.331650602000000072e-01,-9.331632464000000349e-01,-2.793737353999999895e-01,-2.793712334999999825e-01
4.389999999999999680e+00,-9.331649978999999595e-01,-9.331632685999999843e-01,-2.790985635000000076e-01,-2.790961809999999987e-01
4.400000000000000355e+00,-9.331649383000000242e-01,-9.331632896999999538e-01,-2.788246408000000232e-01,-2.788223722000000016e-01
4.410000000000000142e+00,-9.331648812999999709e-01,-9.331633097999999515e-01,-2.785519589000000074e-01,-2.785497988000000258e-01
4.419999999999999929e+00,-9.331648269000000218e-01,-9.331633288999999776e-01,-2.782805092000000258e-01,-2.782784527000000119e-01
4.429999999999999716e+00,-9.331647749000000491e-01,-9.331633471000000402e-01,-2.780102837000000271e-01,-2.780083259000000195e-01
4.440000000000000391e+00,-9.331647252000000448e-01,-9.331633645000000365e-01,-2.777412739999999824e-01,-2.777394103999999975e-01
4.450000000000000178e+00,-9.331646778000000086e-01,-9.331633809999999585e-01,-2.774734721000000071e-01,-2.774716983000000137e-01
4.459999999999999964e+00,-9.331646324000000270e-01,-9.331633968000000445e-01,-2.772068697999999776e-01,-2.772051816000000168e-01
4.469999999999999751e+00,-9.331645890999999970e-01,-9.331634117999999534e-01,-2.769414592000000175e-01,-2.769398526999999888e-01
4.480000000000000426e+00,-9.331645477000000133e-01,-9.331634260000000181e-01,-2.766772323999999728e-01,-2.766757036999999975e-01
4.490000000000000213e+00,-9.331645081999999647e-01,-9.331634396000000331e-01,-2.764141815000000224e-01,-2.764127269000000164e-01
4.500000000000000000e+00,-9.331644703999999457e-01,-9.331634525999999985e-01,-2.761522986000000124e-01,-2.761509147999999803e-01
4.509999999999999787e+00,-9.331644343999999647e-01,-9.331634649000000170e-01,-2.758915761999999883e-01,-2.758902596999999735e-01
4.519999999999999574e+00,-9.331644000000000050e-01,-9.331634765999999859e-01,-2.756320065000000263e-01,-2.756307541999999944e-01
4.530000000000000249e+00,-9.331643670999999474e-01,-9.331634877000000161e-01,-2.753735818999999974e-01,-2.753723907000000248e-01
4.540000000000000036e+00,-9.331643357000000139e-01,-9.331634984000000133e-01,-2.751162949000000024e-01,-2.751151620000000242e-01
4.549999999999999822e+00,-9.331643057999999824e-01,-9.331635084999999608e-01,-2.748601379999999761e-01,-2.748590606999999908e-01
4.559999999999999609e+00,-9.331642771999999475e-01,-9.331635180999999779e-01,-2.746051038999999805e-01,-2.746040794999999868e-01
4.570000000000000284e+00,-9.331642499000000202e-01,-9.331635271999999537e-01,-2.743511852000000140e-01,-2.743502112000000270e-01
4.580000000000000071e+00,-9.331642237999999701e-01,-9.331635359000000074e-01,-2.740983746000000276e-01,-2.740974486000000154e-01
4.589999999999999858e+00,-9.331641990000000275e-01,-9.331635442000000280e-01,-2.738466648999999808e-01,-2.738457845999999751e-01
4.599999999999999645e+00,-9.331641752999999539e-01,-9.331635520000000072e-01,-2.735960490000000078e-01,-2.735952123000000014e-01
4.610000000000000320e+00,-9.331641525999999631e-01,-9.331635594999999617e-01,-2.733465198000000207e-01,-2.733457244999999980e-01
4.620000000000000107e+00,-9.331641309999999523e-01,-9.331635665999999940e-01,-2.730980702999999954e-01,-2.730973144000000130e-01
4.629999999999999893e+00,-9.331641104000000242e-01,-9.331635734000000015e-01,-2.728506934000000106e-01,-2.728499750999999751e-01
4.639999999999999680e+00,-9.331640907999999568e-01,-9.331635797999999760e-01,-2.726043823000000033e-01,-2.726036997999999878e-01
4.650000000000000355e+00,-9.331640719999999556e-01,-9.331635859000000366e-01,-2.723591301000000131e-01,-2.723584816999999880e-01
4.660000000000000142e+00,-9.331640541000000288e-01,-9.331635916999999614e-01,-2.721149300999999854e-01,-2.721143140000000238e-01
4.669999999999999929e+00,-9.331640370999999545e-01,-9.331635971999999724e-01,-2.718717754000000153e-01,-2.718711902000000014e-01
4.679999999999999716e+00,-9.331640208000000491e-01,-9.331636024999999668e-01,-2.716296595000000091e-01,-2.716291035999999770e-01
4.690000000000000391e+00,-9.331640052999999879e-01,-9.331636075000000474e-01,-2.713885756000000149e-01,-2.713880477000000235e-01
4.700000000000000178e+00,-9.331639904999999846e-01,-9.331636121999999922e-01,-2.711485171999999944e-01,-2.711480158999999834e-01
4.709999999999999964e+00,-9.331639764000000392e-01,-9.331636167000000315e-01,-2.709094778999999731e-01,-2.709090017999999933e-01
4.719999999999999751e+00,-9.331639629000000324e-01,-9.331636210000000542e-01,-2.706714511000000156e-01,-2.706709990000000232e-01
4.730000000000000426e+00,-9.331639500999999726e-01,-9.331636250999999493e-01,-2.704344303999999810e-01,-2.704340011999999960e-01
4.740000000000000213e+00,-9.331639378999999623e-01,-9.331636289000000417e-01,-2.701984095000000141e-01,-2.701980021000000010e-01
4.750000000000000000e+00,-9.331639263000000017e-01,-9.331636326000000148e-01,-2.699633820999999823e-01,-2.699629954000000165e-01
4.759999999999999787e+00,-9.331639151999999715e-01,-9.331636360999999713e-01,-2.697293418999999748e-01,-2.697289748999999737e-01
4.769999999999999574e+00,-9.331639045999999826e-01,-9.331636394000000223e-01,-2.694962827999999866e-01,-2.694959344000000256e-01
4.780000000000000249e+00,-9.331638945000000351e-01,-9.331636424999999457e-01,-2.692641986000000043e-01,-2.692638680000000173e-01
4.790000000000000036e+00,-9.331638849000000180e-01,-9.331636454999999719e-01,-2.690330831000000145e-01,-2.690327693999999825e-01
4.799999999999999822e+00,-9.331638758000000422e-01,-9.331636482999999815e-01,-2.688029303999999731e-01,-2.688026327999999965e-01
4.809999999999999609e+00,-9.331638670999999885e-01,-9.331636509999999829e-01,-2.685737344999999943e-01,-2.685734522000000069e-01
4.820000000000000284e+00,-9.331638587999999679e-01,-9.331636535999999760e-01,-2.683454894000000257e-01,-2.683452216000000168e-01
4.830000000000000071e+00,-9.331638508999999804e-01,-9.331636559999999525e-01,-2.681181892000000233e-01,-2.681179351999999905e-01
4.839999999999999858e+00,-9.331638434000000260e-01,-9.331636583000000318e-01,-2.678918281000000068e-01,-2.678915872000000031e-01
4.849999999999999645e+00,-9.331638361999999853e-01,-9.331636604999999918e-01,-2.676664002999999958e-01,-2.676661718000000190e-01
4.860000000000000320e+00,-9.331638293999999778e-01,-9.331636625000000462e-01,-2.674419000000000102e-01,-2.674416833000000104e-01
4.870000000000000107e+00,-9.331638228999999951e-01,-9.331636644999999897e-01,-2.672183215000000223e-01,-2.672181161000000138e-01
4.879999999999999893e+00,-9.331638167000000372e-01,-9.331636664000000358e-01,-2.669956591000000046e-01,-2.669954643999999933e-01
4.889999999999999680e+00,-9.331638109000000014e-01,-9.331636680999999545e-01,-2.667739074000000099e-01,-2.667737226999999933e-01
4.900000000000000355e+00,-9.331638052999999822e-01,-9.331636697999999841e-01,-2.665530604999999942e-01,-2.665528855000000030e-01
4.910000000000000142e+00,-9.331637998999999795e-01,-9.331636714000000055e-01,-2.663331132000000268e-01,-2.663329473000000114e-01
4.919999999999999929e+00,-9.331637949000000098e-01,-9.331636729000000186e-01,-2.661140598000000246e-01,-2.661139026000000074e-01
4.929999999999999716e+00,-9.331637900000000485e-01,-9.331636743000000234e-01,-2.658958948999999850e-01,-2.658957459999999884e-01
4.940000000000000391e+00,-9.331637855000000092e-01,-9.331636757000000282e-01,-2.656786132999999772e-01,-2.656784721000000071e-01
4.950000000000000178e+00,-9.331637810999999783e-01,-9.331636770000000247e-01,-2.654622093999999821e-01,-2.654620756000000137e-01
4.959999999999999964e+00,-9.331637768999999638e-01,-9.331636782000000130e-01,-2.652466780000000135e-01,-2.652465513000000219e-01
4.969999999999999751e+00,-9.331637729999999742e-01,-9.331636792999999930e-01,-2.650320138000000214e-01,-2.650318937999999735e-01
4.980000000000000426e+00,-9.331637691999999928e-01,-9.331636803999999730e-01,-2.648182116999999725e-01,-2.648180980000000018e-01
4.990000000000000213e+00,-9.331637657000000363e-01,-9.331636814999999530e-01,-2.646052663999999832e-01,-2.646051587000000094e-01
5.000000000000000000e+00,-9.331637622999999770e-01,-9.331636824000000274e-01,-2.643931728000000203e-01,-2.643930709000000268e-01
