5.000000000000000000e+00,-9.331636824000000274e-01,-9.331637600000000088e-01,-9.331636800000000509e-01,-2.643931700000000107e-01,-2.643930700000000078e-01
4.990000000000000213e+00,-9.331636814999999530e-01,-9.331637699999999480e-01,-9.331636800000000509e-01,-2.646052700000000035e-01,-2.646051600000000059e-01
4.980000000000000426e+00,-9.331636803999999730e-01,-9.331637699999999480e-01,-9.331636800000000509e-01,-2.648182099999999983e-01,-2.648181000000000007e-01
4.969999999999999751e+00,-9.331636792999999930e-01,-9.331637699999999480e-01,-9.331636800000000509e-01,-2.650320099999999846e-01,-2.650318899999999922e-01
4.959999999999999964e+00,-9.331636782000000130e-01,-9.331637799999999983e-01,-9.331636800000000509e-01,-2.652466800000000124e-01,-2.652465500000000254e-01
4.950000000000000178e+00,-9.331636770000000247e-01,-9.331637799999999983e-01,-9.331636800000000509e-01,-2.654622099999999763e-01,-2.654620799999999892e-01
4.940000000000000391e+00,-9.331636757000000282e-01,-9.331637900000000485e-01,-9.331636800000000509e-01,-2.656786099999999817e-01,-2.656784699999999999e-01
4.929999999999999716e+00,-9.331636743000000234e-01,-9.331637900000000485e-01,-9.331636700000000006e-01,-2.658958900000000236e-01,-2.658957499999999863e-01
4.919999999999999929e+00,-9.331636729000000186e-01,-9.331637900000000485e-01,-9.331636700000000006e-01,-2.661140599999999856e-01,-2.661139000000000143e-01
4.910000000000000142e+00,-9.331636714000000055e-01,-9.331637999999999877e-01,-9.331636700000000006e-01,-2.663331099999999840e-01,-2.663329500000000127e-01
4.900000000000000355e+00,-9.331636697999999841e-01,-9.331638100000000380e-01,-9.331636700000000006e-01,-2.665530600000000083e-01,-2.665528899999999868e-01
4.889999999999999680e+00,-9.331636680999999545e-01,-9.331638100000000380e-01,-9.331636700000000006e-01,-2.667739100000000030e-01,-2.667737199999999920e-01
4.879999999999999893e+00,-9.331636664000000358e-01,-9.331638199999999772e-01,-9.331636700000000006e-01,-2.669956600000000235e-01,-2.669954600000000178e-01
4.870000000000000107e+00,-9.331636644999999897e-01,-9.331638199999999772e-01,-9.331636599999999504e-01,-2.672183200000000092e-01,-2.672181200000000034e-01
4.860000000000000320e+00,-9.331636625000000462e-01,-9.331638300000000275e-01,-9.331636599999999504e-01,-2.674419000000000102e-01,-2.674416800000000149e-01
4.849999999999999645e+00,-9.331636604999999918e-01,-9.331638399999999667e-01,-9.331636599999999504e-01,-2.676664000000000265e-01,-2.676661699999999811e-01
4.839999999999999858e+00,-9.331636583000000318e-01,-9.331638399999999667e-01,-9.331636599999999504e-01,-2.678918299999999975e-01,-2.678915900000000128e-01
4.830000000000000071e+00,-9.331636559999999525e-01,-9.331638500000000169e-01,-9.331636599999999504e-01,-2.681181899999999785e-01,-2.681179399999999990e-01
4.820000000000000284e+00,-9.331636535999999760e-01,-9.331638599999999562e-01,-9.331636500000000112e-01,-2.683454900000000198e-01,-2.683452199999999954e-01
4.809999999999999609e+00,-9.331636509999999829e-01,-9.331638700000000064e-01,-9.331636500000000112e-01,-2.685737300000000105e-01,-2.685734499999999914e-01
4.799999999999999822e+00,-9.331636482999999815e-01,-9.331638799999999456e-01,-9.331636500000000112e-01,-2.688029299999999955e-01,-2.688026299999999869e-01
4.790000000000000036e+00,-9.331636454999999719e-01,-9.331638799999999456e-01,-9.331636500000000112e-01,-2.690330799999999800e-01,-2.690327699999999767e-01
4.780000000000000249e+00,-9.331636424999999457e-01,-9.331638899999999959e-01,-9.331636399999999609e-01,-2.692642000000000091e-01,-2.692638700000000163e-01
4.769999999999999574e+00,-9.331636394000000223e-01,-9.331639000000000461e-01,-9.331636399999999609e-01,-2.694962799999999770e-01,-2.694959299999999947e-01
4.759999999999999787e+00,-9.331636360999999713e-01,-9.331639200000000356e-01,-9.331636399999999609e-01,-2.697293399999999841e-01,-2.697289700000000123e-01
4.750000000000000000e+00,-9.331636326000000148e-01,-9.331639299999999748e-01,-9.331636300000000217e-01,-2.699633799999999750e-01,-2.699630000000000085e-01
4.740000000000000213e+00,-9.331636289000000417e-01,-9.331639400000000251e-01,-9.331636300000000217e-01,-2.701984100000000000e-01,-2.701979999999999937e-01
4.730000000000000426e+00,-9.331636250999999493e-01,-9.331639499999999643e-01,-9.331636300000000217e-01,-2.704344300000000034e-01,-2.704340000000000077e-01
4.719999999999999751e+00,-9.331636210000000542e-01,-9.331639600000000145e-01,-9.331636199999999715e-01,-2.706714499999999801e-01,-2.706709999999999949e-01
4.709999999999999964e+00,-9.331636167000000315e-01,-9.331639800000000040e-01,-9.331636199999999715e-01,-2.709094799999999803e-01,-2.709090000000000109e-01
4.700000000000000178e+00,-9.331636121999999922e-01,-9.331639900000000543e-01,-9.331636100000000322e-01,-2.711485200000000040e-01,-2.711480199999999896e-01
4.690000000000000391e+00,-9.331636075000000474e-01,-9.331640100000000437e-01,-9.331636100000000322e-01,-2.713885799999999904e-01,-2.713880499999999918e-01
4.679999999999999716e+00,-9.331636024999999668e-01,-9.331640199999999830e-01,-9.331635999999999820e-01,-2.716296599999999950e-01,-2.716291000000000122e-01
4.669999999999999929e+00,-9.331635971999999724e-01,-9.331640399999999724e-01,-9.331635999999999820e-01,-2.718717800000000073e-01,-2.718711899999999848e-01
4.660000000000000142e+00,-9.331635916999999614e-01,-9.331640500000000227e-01,-9.331635900000000428e-01,-2.721149299999999771e-01,-2.721143100000000259e-01
4.650000000000000355e+00,-9.331635859000000366e-01,-9.331640700000000122e-01,-9.331635900000000428e-01,-2.723591300000000048e-01,-2.723584800000000139e-01
4.639999999999999680e+00,-9.331635797999999760e-01,-9.331640900000000016e-01,-9.331635799999999925e-01,-2.726043799999999795e-01,-2.726037000000000043e-01
4.629999999999999893e+00,-9.331635734000000015e-01,-9.331641099999999911e-01,-9.331635700000000533e-01,-2.728506900000000068e-01,-2.728499799999999920e-01
4.620000000000000107e+00,-9.331635665999999940e-01,-9.331641299999999806e-01,-9.331635700000000533e-01,-2.730980700000000261e-01,-2.730973099999999820e-01
4.610000000000000320e+00,-9.331635594999999617e-01,-9.331641499999999700e-01,-9.331635600000000030e-01,-2.733465199999999817e-01,-2.733457200000000142e-01
4.599999999999999645e+00,-9.331635520000000072e-01,-9.331641800000000098e-01,-9.331635499999999528e-01,-2.735960499999999795e-01,-2.735952099999999776e-01
4.589999999999999858e+00,-9.331635442000000280e-01,-9.331641999999999992e-01,-9.331635400000000136e-01,-2.738466600000000195e-01,-2.738457799999999831e-01
4.580000000000000071e+00,-9.331635359000000074e-01,-9.331642199999999887e-01,-9.331635400000000136e-01,-2.740983699999999801e-01,-2.740974500000000202e-01
4.570000000000000284e+00,-9.331635271999999537e-01,-9.331642500000000284e-01,-9.331635299999999633e-01,-2.743511900000000225e-01,-2.743502099999999833e-01
4.559999999999999609e+00,-9.331635180999999779e-01,-9.331642799999999571e-01,-9.331635200000000241e-01,-2.746050999999999909e-01,-2.746040799999999726e-01
4.549999999999999822e+00,-9.331635084999999608e-01,-9.331643099999999968e-01,-9.331635099999999738e-01,-2.748601399999999750e-01,-2.748590599999999884e-01
4.540000000000000036e+00,-9.331634984000000133e-01,-9.331643400000000366e-01,-9.331635000000000346e-01,-2.751162899999999856e-01,-2.751151600000000252e-01
4.530000000000000249e+00,-9.331634877000000161e-01,-9.331643699999999653e-01,-9.331634899999999844e-01,-2.753735800000000067e-01,-2.753723900000000224e-01
4.519999999999999574e+00,-9.331634765999999859e-01,-9.331644000000000050e-01,-9.331634800000000451e-01,-2.756320099999999829e-01,-2.756307499999999799e-01
4.509999999999999787e+00,-9.331634649000000170e-01,-9.331644300000000447e-01,-9.331634599999999446e-01,-2.758915800000000251e-01,-2.758902599999999983e-01
4.500000000000000000e+00,-9.331634525999999985e-01,-9.331644700000000237e-01,-9.331634500000000054e-01,-2.761523000000000172e-01,-2.761509100000000272e-01
4.490000000000000213e+00,-9.331634396000000331e-01,-9.331645100000000026e-01,-9.331634399999999552e-01,-2.764141800000000093e-01,-2.764127299999999954e-01
4.480000000000000426e+00,-9.331634260000000181e-01,-9.331645499999999815e-01,-9.331634300000000160e-01,-2.766772299999999962e-01,-2.766757000000000244e-01
4.469999999999999751e+00,-9.331634117999999534e-01,-9.331645899999999605e-01,-9.331634100000000265e-01,-2.769414599999999727e-01,-2.769398499999999874e-01
4.459999999999999964e+00,-9.331633968000000445e-01,-9.331646300000000505e-01,-9.331633999999999762e-01,-2.772068699999999941e-01,-2.772051799999999955e-01
4.450000000000000178e+00,-9.331633809999999585e-01,-9.331646799999999686e-01,-9.331633799999999868e-01,-2.774734699999999998e-01,-2.774716999999999878e-01
4.440000000000000391e+00,-9.331633645000000365e-01,-9.331647299999999978e-01,-9.331633599999999973e-01,-2.777412699999999846e-01,-2.777394100000000199e-01
4.429999999999999716e+00,-9.331633471000000402e-01,-9.331647699999999768e-01,-9.331633499999999470e-01,-2.780102799999999985e-01,-2.780083300000000257e-01
4.419999999999999929e+00,-9.331633288999999776e-01,-9.331648299999999452e-01,-9.331633299999999576e-01,-2.782805099999999809e-01,-2.782784500000000105e-01
4.410000000000000142e+00,-9.331633097999999515e-01,-9.331648799999999744e-01,-9.331633099999999681e-01,-2.785519599999999873e-01,-2.785498000000000141e-01
4.400000000000000355e+00,-9.331632896999999538e-01,-9.331649400000000538e-01,-9.331632899999999786e-01,-2.788246400000000125e-01,-2.788223699999999861e-01
4.389999999999999680e+00,-9.331632685999999843e-01,-9.331650000000000222e-01,-9.331632699999999891e-01,-2.790985599999999955e-01,-2.790961800000000270e-01
4.379999999999999893e+00,-9.331632464000000349e-01,-9.331650599999999907e-01,-9.331632499999999997e-01,-2.793737399999999815e-01,-2.793712300000000259e-01
4.370000000000000107e+00,-9.331632232000000027e-01,-9.331651300000000093e-01,-9.331632199999999600e-01,-2.796501599999999810e-01,-2.796475399999999722e-01
4.360000000000000320e+00,-9.331631987999999822e-01,-9.331651899999999777e-01,-9.331631999999999705e-01,-2.799278599999999728e-01,-2.799250999999999823e-01
4.349999999999999645e+00,-9.331631731999999735e-01,-9.331652700000000467e-01,-9.331631700000000418e-01,-2.802068300000000178e-01,-2.802039399999999847e-01
4.339999999999999858e+00,-9.331631462999999682e-01,-9.331653399999999543e-01,-9.331631500000000523e-01,-2.804870899999999945e-01,-2.804840499999999848e-01
4.330000000000000071e+00,-9.331631180999999664e-01,-9.331654200000000232e-01,-9.331631200000000126e-01,-2.807686300000000190e-01,-2.807654399999999772e-01
4.320000000000000284e+00,-9.331630884999999598e-01,-9.331654999999999811e-01,-9.331630899999999729e-01,-2.810514800000000202e-01,-2.810481300000000071e-01
4.309999999999999609e+00,-9.331630574999999483e-01,-9.331655800000000500e-01,-9.331630600000000442e-01,-2.813356399999999979e-01,-2.813321200000000188e-01
4.299999999999999822e+00,-9.331630249000000266e-01,-9.331656699999999471e-01,-9.331630199999999542e-01,-2.816211100000000078e-01,-2.816174300000000019e-01
4.290000000000000036e+00,-9.331629907999999807e-01,-9.331657700000000055e-01,-9.331629900000000255e-01,-2.819079199999999785e-01,-2.819040500000000171e-01
4.280000000000000249e+00,-9.331629549000000079e-01,-9.331658699999999529e-01,-9.331629500000000466e-01,-2.821960600000000263e-01,-2.821919999999999984e-01
4.269999999999999574e+00,-9.331629173000000055e-01,-9.331659700000000113e-01,-9.331629200000000068e-01,-2.824855499999999742e-01,-2.824812899999999960e-01
4.259999999999999787e+00,-9.331628778999999652e-01,-9.331660699999999586e-01,-9.331628800000000279e-01,-2.827763999999999833e-01,-2.827719300000000047e-01
4.250000000000000000e+00,-9.331628365999999897e-01,-9.331661900000000065e-01,-9.331628400000000489e-01,-2.830686099999999983e-01,-2.830639200000000244e-01
4.240000000000000213e+00,-9.331627932999999597e-01,-9.331663000000000041e-01,-9.331627900000000198e-01,-2.833622000000000085e-01,-2.833572799999999892e-01
4.230000000000000426e+00,-9.331627477999999698e-01,-9.331664200000000520e-01,-9.331627500000000408e-01,-2.836571700000000140e-01,-2.836520100000000100e-01
4.219999999999999751e+00,-9.331627002000000282e-01,-9.331665500000000391e-01,-9.331627000000000116e-01,-2.839535400000000043e-01,-2.839481300000000208e-01
4.209999999999999964e+00,-9.331626503000000072e-01,-9.331666899999999654e-01,-9.331626499999999824e-01,-2.842513099999999793e-01,-2.842456400000000216e-01
4.200000000000000178e+00,-9.331625979000000015e-01,-9.331668199999999525e-01,-9.331625999999999532e-01,-2.845504899999999893e-01,-2.845445500000000072e-01
4.190000000000000391e+00,-9.331625430000000110e-01,-9.331669700000000400e-01,-9.331625399999999848e-01,-2.848511000000000237e-01,-2.848448699999999723e-01
4.179999999999999716e+00,-9.331624855000000274e-01,-9.331671200000000166e-01,-9.331624899999999556e-01,-2.851531400000000271e-01,-2.851466100000000226e-01
4.169999999999999929e+00,-9.331624252000000341e-01,-9.331672800000000434e-01,-9.331624299999999872e-01,-2.854566299999999890e-01,-2.854497799999999863e-01
4.160000000000000142e+00,-9.331623620000000230e-01,-9.331674500000000094e-01,-9.331623599999999685e-01,-2.857615700000000203e-01,-2.857543900000000248e-01
4.150000000000000355e+00,-9.331622957999999857e-01,-9.331676199999999755e-01,-9.331623000000000001e-01,-2.860679700000000047e-01,-2.860604500000000217e-01
4.139999999999999680e+00,-9.331622264000000166e-01,-9.331677999999999917e-01,-9.331622299999999814e-01,-2.863758499999999874e-01,-2.863679700000000272e-01
4.129999999999999893e+00,-9.331621536999999966e-01,-9.331679899999999472e-01,-9.331621500000000236e-01,-2.866852200000000184e-01,-2.866769599999999807e-01
4.120000000000000107e+00,-9.331620776000000284e-01,-9.331681899999999530e-01,-9.331620800000000049e-01,-2.869960799999999868e-01,-2.869874199999999931e-01
4.110000000000000320e+00,-9.331619977999999760e-01,-9.331683899999999587e-01,-9.331620000000000470e-01,-2.873084499999999930e-01,-2.872993799999999931e-01
4.099999999999999645e+00,-9.331619142000000533e-01,-9.331686099999999540e-01,-9.331619100000000389e-01,-2.876223399999999764e-01,-2.876128299999999860e-01
4.089999999999999858e+00,-9.331618266000000217e-01,-9.331688299999999492e-01,-9.331618299999999699e-01,-2.879377499999999923e-01,-2.879278000000000115e-01
4.080000000000000071e+00,-9.331617348999999839e-01,-9.331690700000000449e-01,-9.331617300000000226e-01,-2.882547100000000251e-01,-2.882442800000000194e-01
4.070000000000000284e+00,-9.331616389000000344e-01,-9.331693100000000296e-01,-9.331616400000000144e-01,-2.885732100000000244e-01,-2.885622899999999991e-01
4.059999999999999609e+00,-9.331615383000000374e-01,-9.331695700000000038e-01,-9.331615399999999561e-01,-2.888932799999999745e-01,-2.888818400000000008e-01
4.049999999999999822e+00,-9.331614329999999846e-01,-9.331698400000000282e-01,-9.331614299999999584e-01,-2.892149199999999865e-01,-2.892029400000000194e-01
4.040000000000000036e+00,-9.331613225999999539e-01,-9.331701199999999918e-01,-9.331613199999999608e-01,-2.895381399999999994e-01,-2.895255899999999993e-01
4.030000000000000249e+00,-9.331612071999999536e-01,-9.331704100000000057e-01,-9.331612099999999632e-01,-2.898629600000000028e-01,-2.898498199999999803e-01
4.019999999999999574e+00,-9.331610862000000450e-01,-9.331707099999999588e-01,-9.331610900000000264e-01,-2.901893899999999915e-01,-2.901756300000000177e-01
4.009999999999999787e+00,-9.331609596000000062e-01,-9.331710300000000124e-01,-9.331609600000000393e-01,-2.905174400000000157e-01,-2.905030299999999954e-01
4.000000000000000000e+00,-9.331608271000000343e-01,-9.331713600000000053e-01,-9.331608300000000522e-01,-2.908471100000000198e-01,-2.908320300000000191e-01
3.990000000000000213e+00,-9.331606883999999935e-01,-9.331717099999999876e-01,-9.331606900000000149e-01,-2.911784299999999881e-01,-2.911626399999999726e-01
3.979999999999999982e+00,-9.331605431999999700e-01,-9.331720700000000202e-01,-9.331605400000000383e-01,-2.915113999999999761e-01,-2.914948800000000118e-01
3.970000000000000195e+00,-9.331603912000000500e-01,-9.331724500000000422e-01,-9.331603899999999507e-01,-2.918460399999999733e-01,-2.918287500000000256e-01
3.959999999999999964e+00,-9.331602321999999949e-01,-9.331728400000000034e-01,-9.331602300000000350e-01,-2.921823599999999743e-01,-2.921642600000000090e-01
3.950000000000000178e+00,-9.331600656999999854e-01,-9.331732499999999542e-01,-9.331600700000000082e-01,-2.925203699999999740e-01,-2.925014300000000067e-01
3.939999999999999947e+00,-9.331598916000000132e-01,-9.331736800000000054e-01,-9.331598899999999919e-01,-2.928600800000000226e-01,-2.928402600000000189e-01
3.930000000000000160e+00,-9.331597093000000287e-01,-9.331741199999999958e-01,-9.331597099999999756e-01,-2.932015000000000038e-01,-2.931807699999999794e-01
3.919999999999999929e+00,-9.331595186000000153e-01,-9.331745900000000260e-01,-9.331595200000000201e-01,-2.935446600000000128e-01,-2.935229599999999994e-01
3.910000000000000142e+00,-9.331593191999999481e-01,-9.331750800000000456e-01,-9.331593200000000143e-01,-2.938895499999999994e-01,-2.938668600000000075e-01
3.899999999999999911e+00,-9.331591104999999997e-01,-9.331755800000000045e-01,-9.331591099999999583e-01,-2.942362000000000033e-01,-2.942124600000000090e-01
3.890000000000000124e+00,-9.331588922000000341e-01,-9.331761100000000031e-01,-9.331588899999999631e-01,-2.945846200000000192e-01,-2.945597799999999933e-01
3.879999999999999893e+00,-9.331586638000000100e-01,-9.331766599999999912e-01,-9.331586600000000287e-01,-2.949348099999999917e-01,-2.949088400000000054e-01
3.870000000000000107e+00,-9.331584250000000136e-01,-9.331772400000000189e-01,-9.331584299999999832e-01,-2.952868000000000159e-01,-2.952596399999999899e-01
3.859999999999999876e+00,-9.331581751999999952e-01,-9.331778400000000362e-01,-9.331581799999999483e-01,-2.956405899999999809e-01,-2.956121899999999969e-01
3.850000000000000089e+00,-9.331579140000000328e-01,-9.331784600000000429e-01,-9.331579100000000349e-01,-2.959961999999999871e-01,-2.959665000000000212e-01
3.839999999999999858e+00,-9.331576408999999739e-01,-9.331791200000000286e-01,-9.331576400000000104e-01,-2.963536500000000240e-01,-2.963225899999999968e-01
3.830000000000000071e+00,-9.331573552999999910e-01,-9.331798000000000037e-01,-9.331573600000000468e-01,-2.967129399999999806e-01,-2.966804699999999739e-01
3.819999999999999840e+00,-9.331570567000000427e-01,-9.331805100000000186e-01,-9.331570599999999827e-01,-2.970740900000000129e-01,-2.970401500000000028e-01
3.810000000000000053e+00,-9.331567444999999683e-01,-9.331812499999999622e-01,-9.331567400000000401e-01,-2.974371100000000046e-01,-2.974016299999999724e-01
3.799999999999999822e+00,-9.331564181000000513e-01,-9.331820199999999454e-01,-9.331564199999999865e-01,-2.978020200000000006e-01,-2.977649299999999832e-01
3.790000000000000036e+00,-9.331560769000000199e-01,-9.331828199999999685e-01,-9.331560800000000544e-01,-2.981688299999999958e-01,-2.981300700000000248e-01
3.779999999999999805e+00,-9.331557203000000467e-01,-9.331836599999999704e-01,-9.331557200000000218e-01,-2.985375599999999796e-01,-2.984970499999999860e-01
3.770000000000000018e+00,-9.331553474999999542e-01,-9.331845300000000121e-01,-9.331553500000000501e-01,-2.989082100000000075e-01,-2.988658799999999727e-01
3.759999999999999787e+00,-9.331549580000000343e-01,-9.331854400000000327e-01,-9.331549599999999778e-01,-2.992808100000000082e-01,-2.992365799999999743e-01
3.750000000000000000e+00,-9.331545507999999822e-01,-9.331863900000000323e-01,-9.331545500000000271e-01,-2.996553699999999765e-01,-2.996091499999999908e-01
3.740000000000000213e+00,-9.331541253999999785e-01,-9.331873800000000108e-01,-9.331541300000000261e-01,-3.000319000000000180e-01,-2.999836100000000116e-01
3.729999999999999982e+00,-9.331536808999999488e-01,-9.331884099999999682e-01,-9.331536799999999854e-01,-3.004104100000000166e-01,-3.003599699999999761e-01
3.720000000000000195e+00,-9.331532164000000407e-01,-9.331894800000000156e-01,-9.331532200000000055e-01,-3.007909300000000119e-01,-3.007382399999999900e-01
3.709999999999999964e+00,-9.331527311999999741e-01,-9.331905999999999812e-01,-9.331527299999999858e-01,-3.011734699999999987e-01,-3.011184299999999925e-01
3.700000000000000178e+00,-9.331522241999999911e-01,-9.331917600000000368e-01,-9.331522199999999767e-01,-3.015580299999999769e-01,-3.015005499999999783e-01
3.689999999999999947e+00,-9.331516947000000339e-01,-9.331929799999999497e-01,-9.331516899999999781e-01,-3.019446499999999811e-01,-3.018846099999999977e-01
3.680000000000000160e+00,-9.331511416000000114e-01,-9.331942399999999527e-01,-9.331511399999999901e-01,-3.023333200000000165e-01,-3.022706299999999846e-01
3.669999999999999929e+00,-9.331505638999999519e-01,-9.331955600000000350e-01,-9.331505599999999623e-01,-3.027240800000000065e-01,-3.026586099999999946e-01
3.660000000000000142e+00,-9.331499604999999864e-01,-9.331969300000000356e-01,-9.331499599999999450e-01,-3.031169200000000119e-01,-3.030485700000000171e-01
3.649999999999999911e+00,-9.331493304000000322e-01,-9.331983600000000045e-01,-9.331493299999999991e-01,-3.035118700000000169e-01,-3.034405099999999966e-01
3.640000000000000124e+00,-9.331486723999999899e-01,-9.331998500000000529e-01,-9.331486700000000134e-01,-3.039089500000000110e-01,-3.038344499999999782e-01
3.629999999999999893e+00,-9.331479853999999907e-01,-9.332013999999999587e-01,-9.331479900000000383e-01,-3.043081699999999890e-01,-3.042304000000000119e-01
3.620000000000000107e+00,-9.331472681000000380e-01,-9.332030100000000550e-01,-9.331472699999999731e-01,-3.047095400000000009e-01,-3.046283599999999869e-01
3.609999999999999876e+00,-9.331465192000000242e-01,-9.332046899999999479e-01,-9.331465199999999793e-01,-3.051130799999999810e-01,-3.050283500000000037e-01
3.600000000000000089e+00,-9.331457374999999610e-01,-9.332064399999999704e-01,-9.331457399999999458e-01,-3.055188099999999740e-01,-3.054303800000000013e-01
3.589999999999999858e+00,-9.331449214000000492e-01,-9.332082600000000117e-01,-9.331449200000000443e-01,-3.059267399999999748e-01,-3.058344700000000249e-01
3.580000000000000071e+00,-9.331440695999999591e-01,-9.332101600000000108e-01,-9.331440699999999921e-01,-3.063368899999999728e-01,-3.062405999999999739e-01
3.569999999999999840e+00,-9.331431807000000189e-01,-9.332121399999999678e-01,-9.331431799999999610e-01,-3.067492800000000130e-01,-3.066488099999999939e-01
3.560000000000000053e+00,-9.331422528999999688e-01,-9.332141900000000545e-01,-9.331422499999999509e-01,-3.071639099999999845e-01,-3.070590999999999737e-01
3.549999999999999822e+00,-9.331412847000000177e-01,-9.332163300000000383e-01,-9.331412799999999619e-01,-3.075808199999999770e-01,-3.074714800000000192e-01
3.540000000000000036e+00,-9.331402745000000332e-01,-9.332185600000000303e-01,-9.331402699999999939e-01,-3.080000099999999907e-01,-3.078859500000000193e-01
3.529999999999999805e+00,-9.331392203999999690e-01,-9.332208699999999801e-01,-9.331392200000000470e-01,-3.084215100000000098e-01,-3.083025300000000191e-01
3.520000000000000018e+00,-9.331381207000000177e-01,-9.332232900000000386e-01,-9.331381199999999598e-01,-3.088453199999999788e-01,-3.087212300000000131e-01
3.509999999999999787e+00,-9.331369735000000221e-01,-9.332257900000000550e-01,-9.331369699999999545e-01,-3.092714699999999928e-01,-3.091420599999999963e-01
3.500000000000000000e+00,-9.331357767000000303e-01,-9.332284100000000082e-01,-9.331357799999999703e-01,-3.096999699999999911e-01,-3.095650099999999738e-01
3.490000000000000213e+00,-9.331345283999999962e-01,-9.332311199999999696e-01,-9.331345300000000176e-01,-3.101308300000000240e-01,-3.099901199999999801e-01
3.479999999999999982e+00,-9.331332264999999682e-01,-9.332339499999999788e-01,-9.331332300000000357e-01,-3.105640900000000149e-01,-3.104173700000000258e-01
3.470000000000000195e+00,-9.331318686999999779e-01,-9.332368899999999856e-01,-9.331318699999999744e-01,-3.109997500000000192e-01,-3.108467799999999892e-01
3.459999999999999964e+00,-9.331304527999999543e-01,-9.332399500000000403e-01,-9.331304499999999447e-01,-3.114378300000000266e-01,-3.112783700000000264e-01
3.450000000000000178e+00,-9.331289763000000237e-01,-9.332431300000000318e-01,-9.331289799999999968e-01,-3.118783500000000264e-01,-3.117121199999999814e-01
3.439999999999999947e+00,-9.331274368999999957e-01,-9.332464400000000104e-01,-9.331274400000000302e-01,-3.123213200000000134e-01,-3.121480600000000050e-01
3.430000000000000160e+00,-9.331258318999999801e-01,-9.332498799999999761e-01,-9.331258300000000450e-01,-3.127667700000000273e-01,-3.125861899999999860e-01
3.419999999999999929e+00,-9.331241586999999837e-01,-9.332534599999999791e-01,-9.331241599999999803e-01,-3.132147000000000125e-01,-3.130265199999999748e-01
3.410000000000000142e+00,-9.331224146000000053e-01,-9.332571899999999587e-01,-9.331224099999999577e-01,-3.136651500000000037e-01,-3.134690500000000268e-01
3.399999999999999911e+00,-9.331205966000000185e-01,-9.332610599999999756e-01,-9.331205999999999667e-01,-3.141181200000000007e-01,-3.139137900000000259e-01
3.390000000000000124e+00,-9.331187018000000055e-01,-9.332650799999999691e-01,-9.331186999999999676e-01,-3.145736399999999877e-01,-3.143607400000000274e-01
3.379999999999999893e+00,-9.331167271000000429e-01,-9.332692700000000396e-01,-9.331167299999999498e-01,-3.150317100000000203e-01,-3.148099100000000261e-01
3.370000000000000107e+00,-9.331146693999999853e-01,-9.332736200000000260e-01,-9.331146700000000349e-01,-3.154923700000000220e-01,-3.152613200000000115e-01
3.359999999999999876e+00,-9.331125251999999870e-01,-9.332781399999999783e-01,-9.331125300000000511e-01,-3.159556199999999926e-01,-3.157149499999999942e-01
3.350000000000000089e+00,-9.331102911999999971e-01,-9.332828399999999469e-01,-9.331102900000000089e-01,-3.164214900000000275e-01,-3.161708100000000243e-01
3.339999999999999858e+00,-9.331079637000000426e-01,-9.332877299999999821e-01,-9.331079599999999585e-01,-3.168899900000000103e-01,-3.166289199999999804e-01
3.330000000000000071e+00,-9.331055391000000476e-01,-9.332928099999999727e-01,-9.331055400000000111e-01,-3.173611499999999808e-01,-3.170892599999999839e-01
3.319999999999999840e+00,-9.331030135000000225e-01,-9.332980899999999691e-01,-9.331030099999999550e-01,-3.178349699999999944e-01,-3.175518600000000191e-01
3.310000000000000053e+00,-9.331003827999999611e-01,-9.333035699999999713e-01,-9.331003799999999515e-01,-3.183114799999999800e-01,-3.180166999999999855e-01
3.299999999999999822e+00,-9.330976430999999849e-01,-9.333092699999999686e-01,-9.330976399999999504e-01,-3.187906899999999877e-01,-3.184837799999999941e-01
3.290000000000000036e+00,-9.330947899000000545e-01,-9.333152000000000115e-01,-9.330947899999999517e-01,-3.192726300000000017e-01,-3.189531199999999789e-01
3.279999999999999805e+00,-9.330918189000000362e-01,-9.333213500000000495e-01,-9.330918200000000162e-01,-3.197573100000000168e-01,-3.194247100000000006e-01
3.270000000000000018e+00,-9.330887253999999853e-01,-9.333277399999999613e-01,-9.330887300000000328e-01,-3.202447500000000224e-01,-3.198985599999999985e-01
3.259999999999999787e+00,-9.330855045999999486e-01,-9.333343800000000190e-01,-9.330855000000000121e-01,-3.207349600000000134e-01,-3.203746499999999831e-01
3.250000000000000000e+00,-9.330821515999999649e-01,-9.333412800000000509e-01,-9.330821500000000546e-01,-3.212279800000000241e-01,-3.208529900000000046e-01
3.240000000000000213e+00,-9.330786612000000479e-01,-9.333484499999999962e-01,-9.330786599999999487e-01,-3.217238000000000042e-01,-3.213335800000000075e-01
3.229999999999999982e+00,-9.330750277999999565e-01,-9.333558899999999658e-01,-9.330750300000000275e-01,-3.222224599999999883e-01,-3.218164199999999919e-01
3.220000000000000195e+00,-9.330712465999999594e-01,-9.333636199999999494e-01,-9.330712500000000187e-01,-3.227239599999999764e-01,-3.223015000000000185e-01
3.209999999999999964e+00,-9.330673113999999879e-01,-9.333716399999999469e-01,-9.330673099999999831e-01,-3.232283400000000029e-01,-3.227888300000000266e-01
3.200000000000000178e+00,-9.330632164000000062e-01,-9.333799799999999980e-01,-9.330632199999999710e-01,-3.237356000000000122e-01,-3.232783799999999763e-01
3.189999999999999947e+00,-9.330589554999999535e-01,-9.333886300000000524e-01,-9.330589599999999928e-01,-3.242457599999999940e-01,-3.237701700000000238e-01
3.180000000000000160e+00,-9.330545221999999583e-01,-9.333976200000000389e-01,-9.330545199999999983e-01,-3.247588499999999878e-01,-3.242641800000000130e-01
3.169999999999999929e+00,-9.330499100000000379e-01,-9.334069400000000183e-01,-9.330499100000000379e-01,-3.252748699999999937e-01,-3.247604000000000046e-01
3.160000000000000142e+00,-9.330451120999999626e-01,-9.334166299999999694e-01,-9.330451100000000109e-01,-3.257938499999999959e-01,-3.252588299999999988e-01
3.149999999999999911e+00,-9.330401215000000414e-01,-9.334266799999999531e-01,-9.330401200000000284e-01,-3.263157999999999892e-01,-3.257594699999999954e-01
3.140000000000000124e+00,-9.330349307999999953e-01,-9.334371099999999588e-01,-9.330349300000000401e-01,-3.268407400000000185e-01,-3.262622900000000103e-01
3.129999999999999893e+00,-9.330295323999999724e-01,-9.334479399999999760e-01,-9.330295299999999958e-01,-3.273686900000000177e-01,-3.267672899999999880e-01
3.120000000000000107e+00,-9.330239186000000018e-01,-9.334591800000000550e-01,-9.330239200000000066e-01,-3.278996699999999764e-01,-3.272744599999999893e-01
3.109999999999999876e+00,-9.330180811999999602e-01,-9.334708400000000239e-01,-9.330180799999999719e-01,-3.284336900000000004e-01,-3.277837800000000246e-01
3.100000000000000089e+00,-9.330120119000000489e-01,-9.334829399999999833e-01,-9.330120100000000027e-01,-3.289707700000000234e-01,-3.282952399999999882e-01
3.089999999999999858e+00,-9.330057018999999841e-01,-9.334955000000000336e-01,-9.330057000000000489e-01,-3.295109199999999849e-01,-3.288088299999999964e-01
3.080000000000000071e+00,-9.329991423000000283e-01,-9.335085199999999528e-01,-9.329991399999999491e-01,-3.300541699999999801e-01,-3.293245300000000042e-01
3.069999999999999840e+00,-9.329923237999999674e-01,-9.335220400000000529e-01,-9.329923199999999861e-01,-3.306005300000000036e-01,-3.298423100000000274e-01
3.060000000000000053e+00,-9.329852368000000062e-01,-9.335360600000000009e-01,-9.329852400000000490e-01,-3.311500099999999946e-01,-3.303621700000000105e-01
3.049999999999999822e+00,-9.329778712999999835e-01,-9.335506000000000082e-01,-9.329778699999999869e-01,-3.317026299999999983e-01,-3.308840800000000248e-01
3.040000000000000036e+00,-9.329702169000000378e-01,-9.335656900000000036e-01,-9.329702199999999612e-01,-3.322584100000000040e-01,-3.314080300000000201e-01
3.029999999999999805e+00,-9.329622631999999749e-01,-9.335813400000000373e-01,-9.329622600000000432e-01,-3.328173700000000013e-01,-3.319339700000000226e-01
3.020000000000000018e+00,-9.329539989999999783e-01,-9.335975699999999877e-01,-9.329539999999999500e-01,-3.333794999999999953e-01,-3.324619100000000271e-01
3.009999999999999787e+00,-9.329454130000000012e-01,-9.336143900000000162e-01,-9.329454099999999750e-01,-3.339448500000000153e-01,-3.329918000000000045e-01
3.000000000000000000e+00,-9.329364932999999471e-01,-9.336318399999999906e-01,-9.329364900000000072e-01,-3.345134100000000110e-01,-3.335236100000000259e-01
2.990000000000000213e+00,-9.329272278000000362e-01,-9.336499400000000115e-01,-9.329272299999999962e-01,-3.350852000000000275e-01,-3.340573299999999857e-01
2.979999999999999982e+00,-9.329176039000000031e-01,-9.336687000000000181e-01,-9.329176000000000135e-01,-3.356602300000000039e-01,-3.345929200000000159e-01
2.970000000000000195e+00,-9.329076085999999934e-01,-9.336881500000000500e-01,-9.329076099999999983e-01,-3.362385299999999799e-01,-3.351303500000000213e-01
2.959999999999999964e+00,-9.328972284000000004e-01,-9.337083200000000360e-01,-9.328972300000000217e-01,-3.368201000000000112e-01,-3.356695800000000229e-01
2.950000000000000178e+00,-9.328864492999999758e-01,-9.337292200000000264e-01,-9.328864500000000337e-01,-3.374049599999999760e-01,-3.362105799999999811e-01
2.939999999999999947e+00,-9.328752569999999578e-01,-9.337508900000000001e-01,-9.328752599999999839e-01,-3.379931099999999855e-01,-3.367532999999999777e-01
2.930000000000000160e+00,-9.328636366000000457e-01,-9.337733499999999465e-01,-9.328636399999999940e-01,-3.385845699999999736e-01,-3.372977200000000231e-01
2.919999999999999929e+00,-9.328515726999999647e-01,-9.337966300000000164e-01,-9.328515699999999633e-01,-3.391793599999999853e-01,-3.378437799999999824e-01
2.910000000000000142e+00,-9.328390493999999533e-01,-9.338207499999999772e-01,-9.328390500000000030e-01,-3.397774800000000206e-01,-3.383914399999999878e-01
2.899999999999999911e+00,-9.328260502999999870e-01,-9.338457500000000300e-01,-9.328260499999999622e-01,-3.403789500000000134e-01,-3.389406699999999995e-01
2.890000000000000124e+00,-9.328125583999999915e-01,-9.338716599999999923e-01,-9.328125600000000128e-01,-3.409837700000000194e-01,-3.394913999999999987e-01
2.879999999999999893e+00,-9.327985561999999620e-01,-9.338984999999999648e-01,-9.327985600000000543e-01,-3.415919599999999723e-01,-3.400435800000000119e-01
2.870000000000000107e+00,-9.327840254999999470e-01,-9.339263100000000373e-01,-9.327840299999999862e-01,-3.422035199999999833e-01,-3.405971700000000046e-01
2.859999999999999876e+00,-9.327689475999999535e-01,-9.339551299999999667e-01,-9.327689500000000411e-01,-3.428184599999999915e-01,-3.411521100000000084e-01
2.850000000000000089e+00,-9.327533031000000419e-01,-9.339849799999999647e-01,-9.327533000000000074e-01,-3.434367999999999865e-01,-3.417083399999999993e-01
2.839999999999999858e+00,-9.327370721000000087e-01,-9.340159099999999492e-01,-9.327370699999999459e-01,-3.440585400000000238e-01,-3.422658000000000089e-01
2.830000000000000071e+00,-9.327202339000000286e-01,-9.340479499999999602e-01,-9.327202300000000390e-01,-3.446836799999999923e-01,-3.428244300000000133e-01
2.819999999999999840e+00,-9.327027672000000047e-01,-9.340811300000000372e-01,-9.327027700000000143e-01,-3.453122299999999978e-01,-3.433841499999999991e-01
2.810000000000000053e+00,-9.326846498999999957e-01,-9.341154999999999875e-01,-9.326846500000000040e-01,-3.459442099999999742e-01,-3.439449099999999926e-01
2.799999999999999822e+00,-9.326658592000000025e-01,-9.341511000000000120e-01,-9.326658599999999577e-01,-3.465795999999999877e-01,-3.445066199999999856e-01
2.790000000000000036e+00,-9.326463716999999765e-01,-9.341879600000000394e-01,-9.326463699999999468e-01,-3.472184300000000223e-01,-3.450692200000000098e-01
2.779999999999999805e+00,-9.326261630000000080e-01,-9.342261400000000382e-01,-9.326261599999999818e-01,-3.478606799999999777e-01,-3.456326200000000015e-01
2.770000000000000018e+00,-9.326052082000000354e-01,-9.342656700000000480e-01,-9.326052099999999623e-01,-3.485063700000000098e-01,-3.461967400000000028e-01
2.759999999999999787e+00,-9.325834812000000085e-01,-9.343065999999999871e-01,-9.325834800000000202e-01,-3.491554900000000128e-01,-3.467615099999999950e-01
2.750000000000000000e+00,-9.325609553000000496e-01,-9.343489900000000459e-01,-9.325609599999999944e-01,-3.498080499999999815e-01,-3.473268199999999806e-01
2.740000000000000213e+00,-9.325376029999999927e-01,-9.343928700000000420e-01,-9.325375999999999665e-01,-3.504640399999999767e-01,-3.478925800000000068e-01
2.729999999999999982e+00,-9.325133956000000168e-01,-9.344383000000000550e-01,-9.325134000000000478e-01,-3.511234699999999931e-01,-3.484587100000000048e-01
2.720000000000000195e+00,-9.324883039000000373e-01,-9.344853300000000029e-01,-9.324883000000000477e-01,-3.517863399999999752e-01,-3.490250999999999770e-01
2.709999999999999964e+00,-9.324622971999999566e-01,-9.345340199999999653e-01,-9.324622999999999662e-01,-3.524526299999999890e-01,-3.495916499999999760e-01
2.700000000000000178e+00,-9.324353443999999769e-01,-9.345844199999999713e-01,-9.324353399999999459e-01,-3.531223499999999738e-01,-3.501582500000000042e-01
2.689999999999999947e+00,-9.324074128999999544e-01,-9.346365800000000501e-01,-9.324074100000000476e-01,-3.537954899999999903e-01,-3.507247800000000137e-01
2.680000000000000160e+00,-9.323784694000000206e-01,-9.346905699999999984e-01,-9.323784699999999592e-01,-3.544720499999999830e-01,-3.512911400000000017e-01
2.669999999999999929e+00,-9.323484791999999688e-01,-9.347464500000000065e-01,-9.323484800000000350e-01,-3.551520100000000180e-01,-3.518571999999999811e-01
2.660000000000000142e+00,-9.323174067999999703e-01,-9.348042800000000430e-01,-9.323174100000000131e-01,-3.558353699999999842e-01,-3.524228400000000150e-01
2.649999999999999911e+00,-9.322852153999999780e-01,-9.348641300000000154e-01,-9.322852200000000256e-01,-3.565221199999999979e-01,-3.529879300000000053e-01
2.640000000000000124e+00,-9.322518668999999480e-01,-9.349260600000000032e-01,-9.322518699999999825e-01,-3.572122500000000089e-01,-3.535523199999999755e-01
2.629999999999999893e+00,-9.322173222999999842e-01,-9.349901400000000251e-01,-9.322173200000000159e-01,-3.579057500000000225e-01,-3.541158899999999887e-01
2.620000000000000107e+00,-9.321815409999999469e-01,-9.350564500000000390e-01,-9.321815399999999752e-01,-3.586025899999999988e-01,-3.546784900000000129e-01
2.609999999999999876e+00,-9.321444812000000413e-01,-9.351250500000000132e-01,-9.321444800000000530e-01,-3.593027699999999935e-01,-3.552399700000000160e-01
2.600000000000000089e+00,-9.321061000000000485e-01,-9.351960299999999560e-01,-9.321061000000000485e-01,-3.600062800000000118e-01,-3.558001700000000267e-01
2.589999999999999858e+00,-9.320663528999999503e-01,-9.352694599999999969e-01,-9.320663500000000434e-01,-3.607130800000000193e-01,-3.563589300000000182e-01
2.580000000000000071e+00,-9.320251939000000485e-01,-9.353454300000000332e-01,-9.320251899999999479e-01,-3.614231600000000211e-01,-3.569160800000000244e-01
2.569999999999999840e+00,-9.319825756999999822e-01,-9.354240099999999725e-01,-9.319825800000000049e-01,-3.621365100000000226e-01,-3.574714600000000186e-01
2.560000000000000053e+00,-9.319384495000000435e-01,-9.355052900000000449e-01,-9.319384499999999738e-01,-3.628530899999999892e-01,-3.580248799999999898e-01
2.549999999999999822e+00,-9.318927648999999480e-01,-9.355893699999999757e-01,-9.318927599999999867e-01,-3.635728799999999872e-01,-3.585761599999999771e-01
2.540000000000000036e+00,-9.318454698999999453e-01,-9.356763200000000058e-01,-9.318454699999999535e-01,-3.642958499999999766e-01,-3.591251100000000251e-01
2.529999999999999805e+00,-9.317965108000000329e-01,-9.357662599999999609e-01,-9.317965099999999667e-01,-3.650219800000000236e-01,-3.596715200000000223e-01
2.520000000000000018e+00,-9.317458322999999654e-01,-9.358592700000000209e-01,-9.317458299999999971e-01,-3.657512399999999775e-01,-3.602152000000000132e-01
2.509999999999999787e+00,-9.316933772000000058e-01,-9.359554599999999613e-01,-9.316933800000000154e-01,-3.664835900000000257e-01,-3.607559200000000077e-01
2.500000000000000000e+00,-9.316390866999999520e-01,-9.360549200000000125e-01,-9.316390900000000030e-01,-3.672189900000000229e-01,-3.612934800000000002e-01
2.490000000000000213e+00,-9.315828999999999915e-01,-9.361577700000000002e-01,-9.315828999999999915e-01,-3.679574199999999795e-01,-3.618276400000000059e-01
2.479999999999999982e+00,-9.315247545000000517e-01,-9.362641099999999827e-01,-9.315247500000000125e-01,-3.686988299999999774e-01,-3.623581799999999742e-01
2.470000000000000195e+00,-9.314645854999999974e-01,-9.363740600000000081e-01,-9.314645900000000367e-01,-3.694431799999999821e-01,-3.628848399999999863e-01
2.459999999999999964e+00,-9.314023261999999637e-01,-9.364877400000000129e-01,-9.314023299999999450e-01,-3.701904300000000148e-01,-3.634073800000000021e-01
2.450000000000000178e+00,-9.313379080999999449e-01,-9.366052599999999950e-01,-9.313379099999999911e-01,-3.709405199999999958e-01,-3.639255299999999971e-01
2.439999999999999947e+00,-9.312712600000000451e-01,-9.367267400000000022e-01,-9.312712600000000451e-01,-3.716934199999999966e-01,-3.644390399999999919e-01
2.430000000000000160e+00,-9.312023090000000058e-01,-9.368523199999999607e-01,-9.312023099999999776e-01,-3.724490699999999932e-01,-3.649476199999999726e-01
2.419999999999999929e+00,-9.311309796000000194e-01,-9.369821299999999686e-01,-9.311309800000000525e-01,-3.732074200000000119e-01,-3.654510000000000258e-01
2.410000000000000142e+00,-9.310571939999999769e-01,-9.371162899999999629e-01,-9.310571899999999790e-01,-3.739684099999999733e-01,-3.659488699999999817e-01
2.399999999999999911e+00,-9.309808721000000231e-01,-9.372549500000000311e-01,-9.309808699999999604e-01,-3.747319900000000148e-01,-3.664409399999999928e-01
2.390000000000000124e+00,-9.309019311999999768e-01,-9.373982600000000387e-01,-9.309019299999999886e-01,-3.754980800000000118e-01,-3.669268800000000108e-01
2.379999999999999893e+00,-9.308202859999999967e-01,-9.375463499999999728e-01,-9.308202899999999946e-01,-3.762666299999999908e-01,-3.674063799999999769e-01
2.370000000000000107e+00,-9.307358488000000429e-01,-9.376993700000000320e-01,-9.307358500000000312e-01,-3.770375599999999938e-01,-3.678791100000000092e-01
2.359999999999999876e+00,-9.306485288000000411e-01,-9.378574899999999603e-01,-9.306485300000000294e-01,-3.778108099999999969e-01,-3.683447200000000143e-01
2.350000000000000089e+00,-9.305582328999999486e-01,-9.380208599999999564e-01,-9.305582300000000417e-01,-3.785862999999999867e-01,-3.688028500000000154e-01
2.339999999999999858e+00,-9.304648645999999967e-01,-9.381896499999999861e-01,-9.304648599999999492e-01,-3.793639500000000053e-01,-3.692531399999999797e-01
2.330000000000000071e+00,-9.303683247999999795e-01,-9.383640199999999654e-01,-9.303683200000000264e-01,-3.801436899999999786e-01,-3.696952199999999911e-01
2.319999999999999840e+00,-9.302685112999999895e-01,-9.385441500000000214e-01,-9.302685099999999929e-01,-3.809254300000000093e-01,-3.701286999999999772e-01
2.310000000000000053e+00,-9.301653187999999739e-01,-9.387302100000000094e-01,-9.301653199999999622e-01,-3.817090699999999837e-01,-3.705531699999999873e-01
2.299999999999999822e+00,-9.300586385000000345e-01,-9.389223899999999956e-01,-9.300586400000000475e-01,-3.824945299999999992e-01,-3.709682300000000099e-01
2.290000000000000036e+00,-9.299483587000000329e-01,-9.391208599999999462e-01,-9.299483600000000294e-01,-3.832817099999999977e-01,-3.713734399999999991e-01
2.279999999999999805e+00,-9.298343639999999688e-01,-9.393258399999999675e-01,-9.298343599999999709e-01,-3.840705099999999761e-01,-3.717683900000000041e-01
2.270000000000000018e+00,-9.297165357000000130e-01,-9.395375000000000254e-01,-9.297165400000000357e-01,-3.848608299999999871e-01,-3.721526099999999948e-01
2.259999999999999787e+00,-9.295947513000000217e-01,-9.397560499999999539e-01,-9.295947500000000252e-01,-3.856525599999999776e-01,-3.725256399999999912e-01
2.250000000000000000e+00,-9.294688848000000059e-01,-9.399817099999999703e-01,-9.294688800000000528e-01,-3.864455900000000055e-01,-3.728870100000000187e-01
2.240000000000000213e+00,-9.293388062999999866e-01,-9.402146700000000301e-01,-9.293388099999999596e-01,-3.872398000000000229e-01,-3.732362300000000022e-01
2.229999999999999982e+00,-9.292043818999999871e-01,-9.404551599999999567e-01,-9.292043800000000520e-01,-3.880350599999999872e-01,-3.735727899999999879e-01
2.220000000000000195e+00,-9.290654739000000495e-01,-9.407033999999999674e-01,-9.290654699999999488e-01,-3.888312600000000119e-01,-3.738961800000000224e-01
2.209999999999999964e+00,-9.289219403999999791e-01,-9.409596099999999463e-01,-9.289219399999999460e-01,-3.896282600000000040e-01,-3.742058699999999960e-01
2.200000000000000178e+00,-9.287736349999999863e-01,-9.412240299999999893e-01,-9.287736300000000167e-01,-3.904259199999999819e-01,-3.745013099999999762e-01
2.189999999999999947e+00,-9.286204072999999504e-01,-9.414968999999999699e-01,-9.286204099999999517e-01,-3.912241100000000138e-01,-3.747819299999999854e-01
2.180000000000000160e+00,-9.284621022000000279e-01,-9.417784599999999839e-01,-9.284620999999999569e-01,-3.920226800000000122e-01,-3.750471599999999905e-01
2.169999999999999929e+00,-9.282985601000000031e-01,-9.420689599999999553e-01,-9.282985599999999948e-01,-3.928214800000000007e-01,-3.752963999999999745e-01
2.160000000000000142e+00,-9.281296166000000403e-01,-9.423686500000000299e-01,-9.281296199999999885e-01,-3.936203500000000077e-01,-3.755290600000000256e-01
2.149999999999999911e+00,-9.279551025000000175e-01,-9.426777899999999599e-01,-9.279551000000000327e-01,-3.944191300000000067e-01,-3.757444899999999866e-01
2.140000000000000124e+00,-9.277748435999999543e-01,-9.429966400000000526e-01,-9.277748399999999895e-01,-3.952176499999999759e-01,-3.759420700000000171e-01
2.129999999999999893e+00,-9.275886603999999869e-01,-9.433254800000000495e-01,-9.275886599999999538e-01,-3.960157400000000050e-01,-3.761211300000000257e-01
2.120000000000000107e+00,-9.273963683000000513e-01,-9.436645799999999751e-01,-9.273963699999999699e-01,-3.968132100000000273e-01,-3.762809899999999819e-01
2.109999999999999876e+00,-9.271977773999999783e-01,-9.440142200000000150e-01,-9.271977799999999714e-01,-3.976098800000000266e-01,-3.764209700000000214e-01
2.100000000000000089e+00,-9.269926920000000070e-01,-9.443746800000000219e-01,-9.269926899999999526e-01,-3.984055599999999919e-01,-3.765403600000000184e-01
2.089999999999999858e+00,-9.267809108000000240e-01,-9.447462599999999489e-01,-9.267809099999999578e-01,-3.992000499999999730e-01,-3.766384199999999738e-01
2.080000000000000071e+00,-9.265622264999999746e-01,-9.451292599999999711e-01,-9.265622300000000422e-01,-3.999931400000000248e-01,-3.767144099999999995e-01
2.069999999999999840e+00,-9.263364260999999988e-01,-9.455239600000000522e-01,-9.263364299999999885e-01,-4.007846099999999856e-01,-3.767675699999999961e-01
2.060000000000000053e+00,-9.261032901000000317e-01,-9.459306800000000237e-01,-9.261032900000000234e-01,-4.015742600000000162e-01,-3.767971099999999907e-01
2.049999999999999822e+00,-9.258625928000000505e-01,-9.463497400000000503e-01,-9.258625900000000408e-01,-4.023618400000000261e-01,-3.768022300000000158e-01
2.040000000000000036e+00,-9.256141019000000414e-01,-9.467814300000000349e-01,-9.256140999999999952e-01,-4.031471300000000202e-01,-3.767821100000000034e-01
2.029999999999999805e+00,-9.253575784999999998e-01,-9.472260900000000206e-01,-9.253575800000000129e-01,-4.039298900000000137e-01,-3.767359200000000019e-01
2.020000000000000018e+00,-9.250927767000000079e-01,-9.476840399999999498e-01,-9.250927799999999479e-01,-4.047098499999999821e-01,-3.766627799999999748e-01
2.009999999999999787e+00,-9.248194436000000129e-01,-9.481555999999999873e-01,-9.248194400000000481e-01,-4.054867699999999964e-01,-3.765618299999999863e-01
2.000000000000000000e+00,-9.245373192000000406e-01,-9.486411099999999541e-01,-9.245373199999999958e-01,-4.062603699999999818e-01,-3.764321600000000156e-01
1.989999999999999991e+00,-9.242461358000000349e-01,-9.491409100000000043e-01,-9.242461400000000493e-01,-4.070303800000000249e-01,-3.762728599999999868e-01
1.979999999999999982e+00,-9.239456181999999851e-01,-9.496553199999999695e-01,-9.239456200000000230e-01,-4.077965199999999957e-01,-3.760829800000000112e-01
1.969999999999999973e+00,-9.236354834000000125e-01,-9.501847100000000435e-01,-9.236354799999999532e-01,-4.085584899999999964e-01,-3.758615599999999835e-01
1.959999999999999964e+00,-9.233154402000000038e-01,-9.507293999999999468e-01,-9.233154399999999873e-01,-4.093159800000000237e-01,-3.756076300000000256e-01
1.949999999999999956e+00,-9.229851891999999447e-01,-9.512897599999999843e-01,-9.229851900000000109e-01,-4.100687000000000082e-01,-3.753201899999999980e-01
1.939999999999999947e+00,-9.226444227000000220e-01,-9.518661299999999770e-01,-9.226444200000000206e-01,-4.108163000000000231e-01,-3.749982000000000038e-01
1.929999999999999938e+00,-9.222928240000000111e-01,-9.524588699999999575e-01,-9.222928200000000132e-01,-4.115584700000000096e-01,-3.746406400000000247e-01
1.919999999999999929e+00,-9.219300674999999501e-01,-9.530683300000000191e-01,-9.219300700000000459e-01,-4.122948599999999852e-01,-3.742464200000000241e-01
1.909999999999999920e+00,-9.215558187000000290e-01,-9.536948699999999723e-01,-9.215558200000000255e-01,-4.130251200000000233e-01,-3.738144700000000098e-01
1.899999999999999911e+00,-9.211697332999999599e-01,-9.543388499999999608e-01,-9.211697300000000199e-01,-4.137488799999999856e-01,-3.733436800000000111e-01
1.889999999999999902e+00,-9.207714576000000095e-01,-9.550006399999999562e-01,-9.207714599999999860e-01,-4.144657700000000111e-01,-3.728329200000000121e-01
1.879999999999999893e+00,-9.203606278999999502e-01,-9.556805800000000017e-01,-9.203606300000000129e-01,-4.151753999999999722e-01,-3.722810400000000075e-01
1.870000000000000107e+00,-9.199368702000000342e-01,-9.563790399999999581e-01,-9.199368700000000176e-01,-4.158773800000000187e-01,-3.716868600000000078e-01
1.860000000000000098e+00,-9.194998001999999948e-01,-9.570963799999999688e-01,-9.194997999999999783e-01,-4.165712899999999830e-01,-3.710491899999999732e-01
1.850000000000000089e+00,-9.190490226999999956e-01,-9.578329700000000058e-01,-9.190490199999999943e-01,-4.172567200000000254e-01,-3.703668199999999855e-01
1.840000000000000080e+00,-9.185841315999999646e-01,-9.585891500000000010e-01,-9.185841300000000542e-01,-4.179332299999999889e-01,-3.696384999999999810e-01
1.830000000000000071e+00,-9.181047095000000047e-01,-9.593652900000000372e-01,-9.181047100000000460e-01,-4.186003699999999994e-01,-3.688629700000000122e-01
1.820000000000000062e+00,-9.176103273000000282e-01,-9.601617300000000466e-01,-9.176103300000000296e-01,-4.192576800000000214e-01,-3.680389399999999811e-01
1.810000000000000053e+00,-9.171005439999999620e-01,-9.609788400000000008e-01,-9.171005399999999641e-01,-4.199047000000000196e-01,-3.671651200000000115e-01
1.800000000000000044e+00,-9.165749064999999529e-01,-9.618169500000000038e-01,-9.165749100000000205e-01,-4.205409199999999847e-01,-3.662401800000000263e-01
1.790000000000000036e+00,-9.160329488999999770e-01,-9.626764199999999772e-01,-9.160329499999999570e-01,-4.211658500000000083e-01,-3.652627500000000249e-01
1.780000000000000027e+00,-9.154741926999999668e-01,-9.635575800000000246e-01,-9.154741899999999655e-01,-4.217789800000000255e-01,-3.642314700000000016e-01
1.770000000000000018e+00,-9.148981459999999677e-01,-9.644607699999999673e-01,-9.148981499999999656e-01,-4.223797599999999930e-01,-3.631449400000000272e-01
1.760000000000000009e+00,-9.143043034000000180e-01,-9.653863200000000200e-01,-9.143042999999999587e-01,-4.229676600000000231e-01,-3.620017500000000110e-01
1.750000000000000000e+00,-9.136921456000000052e-01,-9.663345399999999641e-01,-9.136921500000000362e-01,-4.235420999999999769e-01,-3.608004499999999948e-01
1.739999999999999991e+00,-9.130611390999999744e-01,-9.673057699999999537e-01,-9.130611400000000488e-01,-4.241025199999999828e-01,-3.595395699999999750e-01
1.729999999999999982e+00,-9.124107355999999669e-01,-9.683003000000000027e-01,-9.124107399999999979e-01,-4.246483200000000235e-01,-3.582176300000000091e-01
1.719999999999999973e+00,-9.117403719000000129e-01,-9.693184400000000034e-01,-9.117403699999999667e-01,-4.251788799999999813e-01,-3.568331100000000089e-01
1.709999999999999964e+00,-9.110494692999999700e-01,-9.703604700000000305e-01,-9.110494700000000279e-01,-4.256935800000000159e-01,-3.553844999999999921e-01
1.699999999999999956e+00,-9.103374333000000540e-01,-9.714266900000000371e-01,-9.103374300000000030e-01,-4.261917599999999751e-01,-3.538702200000000131e-01
1.689999999999999947e+00,-9.096036533000000368e-01,-9.725173599999999974e-01,-9.096036499999999858e-01,-4.266727599999999843e-01,-3.522887000000000102e-01
1.679999999999999938e+00,-9.088475020999999821e-01,-9.736327399999999965e-01,-9.088475000000000303e-01,-4.271359000000000128e-01,-3.506383399999999928e-01
1.669999999999999929e+00,-9.080683351999999653e-01,-9.747730900000000087e-01,-9.080683400000000294e-01,-4.275804699999999903e-01,-3.489175099999999863e-01
1.659999999999999920e+00,-9.072654907999999629e-01,-9.759386399999999684e-01,-9.072654900000000078e-01,-4.280057500000000181e-01,-3.471245700000000212e-01
1.649999999999999911e+00,-9.064382892000000247e-01,-9.771296200000000320e-01,-9.064382899999999799e-01,-4.284109999999999863e-01,-3.452578299999999878e-01
1.639999999999999902e+00,-9.055860323000000101e-01,-9.783462299999999834e-01,-9.055860300000000418e-01,-4.287954500000000224e-01,-3.433156199999999880e-01
1.629999999999999893e+00,-9.047080030999999911e-01,-9.795886700000000502e-01,-9.047079999999999567e-01,-4.291583099999999873e-01,-3.412961999999999940e-01
1.620000000000000107e+00,-9.038034652999999974e-01,-9.808571299999999660e-01,-9.038034700000000532e-01,-4.294987900000000192e-01,-3.391978299999999780e-01
1.610000000000000098e+00,-9.028716628999999827e-01,-9.821517699999999795e-01,-9.028716599999999648e-01,-4.298160599999999998e-01,-3.370187599999999728e-01
1.600000000000000089e+00,-9.019118194999999893e-01,-9.834727300000000172e-01,-9.019118200000000307e-01,-4.301092499999999985e-01,-3.347571799999999875e-01
1.590000000000000080e+00,-9.009231380000000122e-01,-9.848201500000000053e-01,-9.009231399999999557e-01,-4.303775000000000239e-01,-3.324112900000000259e-01
1.580000000000000071e+00,-8.999047999000000519e-01,-9.861941300000000021e-01,-8.999047999999999492e-01,-4.306199099999999946e-01,-3.299792400000000070e-01
1.570000000000000062e+00,-8.988559648999999707e-01,-9.875947800000000054e-01,-8.988559600000000094e-01,-4.308355600000000063e-01,-3.274591800000000164e-01
1.560000000000000053e+00,-8.977757702999999978e-01,-9.890221700000000338e-01,-8.977757699999999730e-01,-4.310234900000000091e-01,-3.248492099999999994e-01
1.550000000000000044e+00,-8.966633306000000303e-01,-9.904763399999999551e-01,-8.966633299999999807e-01,-4.311827500000000035e-01,-3.221474300000000124e-01
1.540000000000000036e+00,-8.955177366000000028e-01,-9.919573299999999705e-01,-8.955177399999999510e-01,-4.313123200000000268e-01,-3.193518799999999769e-01
1.530000000000000027e+00,-8.943380551999999817e-01,-9.934651599999999583e-01,-8.943380600000000458e-01,-4.314111899999999999e-01,-3.164606200000000258e-01
1.520000000000000018e+00,-8.931233285999999882e-01,-9.949997999999999898e-01,-8.931233299999999931e-01,-4.314782999999999813e-01,-3.134716599999999853e-01
1.510000000000000009e+00,-8.918725736999999487e-01,-9.965612099999999751e-01,-8.918725699999999756e-01,-4.315125799999999789e-01,-3.103829599999999855e-01
1.500000000000000000e+00,-8.905847813999999696e-01,-9.981493500000000463e-01,-8.905847799999999648e-01,-4.315129100000000273e-01,-3.071924999999999795e-01
1.489999999999999991e+00,-8.892589160999999631e-01,-9.997641299999999731e-01,-8.892589199999999527e-01,-4.314781599999999995e-01,-3.038982100000000020e-01
1.479999999999999982e+00,-8.878939152000000501e-01,-1.001405419999999991e+00,-8.878939200000000032e-01,-4.314071600000000117e-01,-3.004979799999999979e-01
1.469999999999999973e+00,-8.864886878000000081e-01,-1.003073099999999940e+00,-8.864886899999999681e-01,-4.312987099999999741e-01,-2.969896899999999729e-01
1.459999999999999964e+00,-8.850421147999999461e-01,-1.004766999999999966e+00,-8.850421099999999930e-01,-4.311515899999999735e-01,-2.933711999999999986e-01
1.449999999999999956e+00,-8.835530473999999579e-01,-1.006486929999999891e+00,-8.835530499999999510e-01,-4.309645300000000123e-01,-2.896403000000000172e-01
1.439999999999999947e+00,-8.820203068999999951e-01,-1.008232669999999942e+00,-8.820203100000000296e-01,-4.307362399999999925e-01,-2.857948000000000155e-01
1.429999999999999938e+00,-8.804426834999999896e-01,-1.010003959999999923e+00,-8.804426800000000330e-01,-4.304653999999999980e-01,-2.818324400000000174e-01
1.419999999999999929e+00,-8.788189360000000505e-01,-1.011800540000000082e+00,-8.788189400000000484e-01,-4.301506399999999730e-01,-2.777509499999999965e-01
1.409999999999999920e+00,-8.771477903000000076e-01,-1.013622079999999981e+00,-8.771477899999999828e-01,-4.297905699999999829e-01,-2.735480200000000028e-01
1.399999999999999911e+00,-8.754279390000000438e-01,-1.015468250000000072e+00,-8.754279400000000155e-01,-4.293837600000000032e-01,-2.692212999999999967e-01
1.389999999999999902e+00,-8.736580399000000163e-01,-1.017338679999999940e+00,-8.736580400000000246e-01,-4.289287399999999750e-01,-2.647684299999999991e-01
1.379999999999999893e+00,-8.718367157999999950e-01,-1.019232949999999915e+00,-8.718367200000000095e-01,-4.284239899999999768e-01,-2.601869700000000174e-01
1.370000000000000107e+00,-8.699625528000000108e-01,-1.021150650000000049e+00,-8.699625500000000011e-01,-4.278679799999999811e-01,-2.554744899999999985e-01
1.360000000000000098e+00,-8.680340992999999727e-01,-1.023091280000000047e+00,-8.680341000000000307e-01,-4.272591299999999870e-01,-2.506284899999999816e-01
1.350000000000000089e+00,-8.660498650000000298e-01,-1.025054359999999942e+00,-8.660498699999999994e-01,-4.265957899999999747e-01,-2.456464299999999989e-01
1.340000000000000080e+00,-8.640083196000000187e-01,-1.027039339999999967e+00,-8.640083200000000518e-01,-4.258763199999999749e-01,-2.405257399999999879e-01
1.330000000000000071e+00,-8.619078914000000147e-01,-1.029045650000000034e+00,-8.619078900000000099e-01,-4.250989800000000152e-01,-2.352637999999999951e-01
1.320000000000000062e+00,-8.597469656999999765e-01,-1.031072669999999913e+00,-8.597469699999999992e-01,-4.242620300000000122e-01,-2.298579400000000106e-01
1.310000000000000053e+00,-8.575238836999999892e-01,-1.033119770000000104e+00,-8.575238800000000161e-01,-4.233636599999999750e-01,-2.243054499999999896e-01
1.300000000000000044e+00,-8.552369407000000034e-01,-1.035186270000000075e+00,-8.552369399999999455e-01,-4.224020199999999892e-01,-2.186035500000000076e-01
1.290000000000000036e+00,-8.528843842000000119e-01,-1.037271430000000105e+00,-8.528843799999999975e-01,-4.213752100000000000e-01,-2.127494299999999894e-01
1.280000000000000027e+00,-8.504644121000000112e-01,-1.039374519999999968e+00,-8.504644099999999485e-01,-4.202812799999999793e-01,-2.067402000000000128e-01
1.270000000000000018e+00,-8.479751708999999638e-01,-1.041494719999999985e+00,-8.479751700000000003e-01,-4.191182099999999910e-01,-2.005729099999999931e-01
1.260000000000000009e+00,-8.454147533000000436e-01,-1.043631219999999971e+00,-8.454147499999999926e-01,-4.178839599999999987e-01,-1.942445600000000105e-01
1.250000000000000000e+00,-8.427811960000000102e-01,-1.045783139999999944e+00,-8.427812000000000081e-01,-4.165763900000000186e-01,-1.877520699999999931e-01
1.239999999999999991e+00,-8.400724770999999924e-01,-1.047949570000000108e+00,-8.400724800000000103e-01,-4.151933400000000218e-01,-1.810922899999999891e-01
1.229999999999999982e+00,-8.372865137999999652e-01,-1.050129560000000017e+00,-8.372865099999999838e-01,-4.137325499999999767e-01,-1.742619900000000055e-01
1.219999999999999973e+00,-8.344211589000000151e-01,-1.052322109999999977e+00,-8.344211599999999951e-01,-4.121917299999999784e-01,-1.672578500000000135e-01
1.209999999999999964e+00,-8.314741979999999977e-01,-1.054526199999999969e+00,-8.314742000000000521e-01,-4.105685000000000029e-01,-1.600764699999999985e-01
1.199999999999999956e+00,-8.284433464999999552e-01,-1.056740749999999895e+00,-8.284433500000000228e-01,-4.088604100000000074e-01,-1.527143599999999934e-01
1.189999999999999947e+00,-8.253262452999999832e-01,-1.058964629999999962e+00,-8.253262500000000390e-01,-4.070649399999999862e-01,-1.451679100000000111e-01
1.179999999999999938e+00,-8.221204575999999653e-01,-1.061196690000000054e+00,-8.221204600000000529e-01,-4.051794899999999755e-01,-1.374334299999999953e-01
1.169999999999999929e+00,-8.188234641999999619e-01,-1.063435729999999912e+00,-8.188234599999999475e-01,-4.032013799999999981e-01,-1.295070799999999966e-01
1.159999999999999920e+00,-8.154326594999999900e-01,-1.065680479999999930e+00,-8.154326600000000314e-01,-4.011278300000000185e-01,-1.213849199999999934e-01
1.149999999999999911e+00,-8.119453465000000536e-01,-1.067929659999999892e+00,-8.119453500000000101e-01,-3.989559999999999773e-01,-1.130628800000000045e-01
1.139999999999999902e+00,-8.083587318999999605e-01,-1.070181910000000070e+00,-8.083587300000000253e-01,-3.966829099999999997e-01,-1.045367299999999944e-01
1.129999999999999893e+00,-8.046699202999999523e-01,-1.072435840000000029e+00,-8.046699200000000385e-01,-3.943055200000000204e-01,-9.580212000000000450e-02
1.120000000000000107e+00,-8.008759087000000276e-01,-1.074689999999999923e+00,-8.008759100000000242e-01,-3.918206499999999926e-01,-8.685450000000000115e-02
1.110000000000000098e+00,-7.969735801999999758e-01,-1.076942880000000047e+00,-7.969735799999999593e-01,-3.892250199999999771e-01,-7.768919000000000519e-02
1.100000000000000089e+00,-7.929596974999999492e-01,-1.079192949999999929e+00,-7.929597000000000451e-01,-3.865152399999999822e-01,-6.830129999999999535e-02
1.090000000000000080e+00,-7.888308956999999788e-01,-1.081438569999999988e+00,-7.888309000000000015e-01,-3.836877899999999730e-01,-5.868575999999999654e-02
1.080000000000000071e+00,-7.845836753999999580e-01,-1.083678069999999938e+00,-7.845836800000000055e-01,-3.807389899999999994e-01,-4.883728999999999848e-02
1.070000000000000062e+00,-7.802143941000000416e-01,-1.085909720000000078e+00,-7.802143900000000354e-01,-3.776650500000000021e-01,-3.875039000000000261e-02
1.060000000000000053e+00,-7.757192587000000250e-01,-1.088131720000000024e+00,-7.757192600000000215e-01,-3.744620100000000118e-01,-2.841934999999999947e-02
1.050000000000000044e+00,-7.710943164000000349e-01,-1.090342179999999939e+00,-7.710943199999999997e-01,-3.711257800000000162e-01,-1.783817999999999862e-02
1.040000000000000036e+00,-7.663354454999999898e-01,-1.092539149999999903e+00,-7.663354500000000291e-01,-3.676520799999999922e-01,-7.000639999999999814e-03
1.030000000000000027e+00,-7.614383463999999657e-01,-1.094720619999999922e+00,-7.614383500000000415e-01,-3.640364500000000114e-01,4.099750000000000096e-03
1.020000000000000018e+00,-7.563985306999999603e-01,-1.096884460000000061e+00,-7.563985300000000134e-01,-3.602742500000000181e-01,1.546981000000000050e-02
1.010000000000000009e+00,-7.512113118000000034e-01,-1.099028459999999985e+00,-7.512113099999999655e-01,-3.563606599999999958e-01,2.711662999999999921e-02
1.000000000000000000e+00,-7.458717929999999496e-01,-1.101150330000000066e+00,-7.458717900000000345e-01,-3.522906299999999935e-01,3.904762999999999984e-02
9.899999999999999911e-01,-7.403748571999999584e-01,-1.103247660000000074e+00,-7.403748599999999680e-01,-3.480589000000000044e-01,5.127057000000000142e-02
9.799999999999999822e-01,-7.347151546000000311e-01,-1.105317939999999943e+00,-7.347151499999999835e-01,-3.436599900000000263e-01,6.379355999999999915e-02
9.699999999999999734e-01,-7.288870909000000342e-01,-1.107358520000000013e+00,-7.288870899999999597e-01,-3.390881600000000273e-01,7.662507000000000346e-02
9.599999999999999645e-01,-7.228848149000000056e-01,-1.109366649999999899e+00,-7.228848100000000443e-01,-3.343374399999999858e-01,8.977396999999999461e-02
9.499999999999999556e-01,-7.167022056999999835e-01,-1.111339419999999967e+00,-7.167022100000000062e-01,-3.294015699999999769e-01,1.032495199999999974e-01
9.399999999999999467e-01,-7.103328598999999466e-01,-1.113273780000000102e+00,-7.103328599999999549e-01,-3.242740299999999909e-01,1.170613999999999960e-01
9.300000000000000488e-01,-7.037700778000000046e-01,-1.115166520000000050e+00,-7.037700799999999646e-01,-3.189479900000000145e-01,1.312197300000000066e-01
9.200000000000000400e-01,-6.970068504999999970e-01,-1.117014259999999926e+00,-6.970068499999999556e-01,-3.134163200000000260e-01,1.457350599999999996e-01
9.100000000000000311e-01,-6.900358452999999503e-01,-1.118813440000000048e+00,-6.900358500000000062e-01,-3.076715899999999948e-01,1.606184200000000117e-01
9.000000000000000222e-01,-6.828493922999999688e-01,-1.120560280000000075e+00,-6.828493900000000005e-01,-3.017059999999999742e-01,1.758813200000000077e-01
8.900000000000000133e-01,-6.754394702999999556e-01,-1.122250809999999932e+00,-6.754394700000000418e-01,-2.955114400000000141e-01,1.915357500000000046e-01
8.800000000000000044e-01,-6.677976916000000207e-01,-1.123880819999999892e+00,-6.677976899999999993e-01,-2.890794099999999811e-01,2.075942199999999960e-01
8.699999999999999956e-01,-6.599152886000000384e-01,-1.125445859999999909e+00,-6.599152900000000432e-01,-2.824010399999999921e-01,2.240697500000000120e-01
8.599999999999999867e-01,-6.517830983000000300e-01,-1.126941210000000027e+00,-6.517830999999999486e-01,-2.754670799999999753e-01,2.409758899999999981e-01
8.499999999999999778e-01,-6.433915484000000129e-01,-1.128361879999999928e+00,-6.433915500000000343e-01,-2.682678499999999744e-01,2.583267499999999939e-01
8.399999999999999689e-01,-6.347306417000000422e-01,-1.129702559999999911e+00,-6.347306400000000126e-01,-2.607932800000000162e-01,2.761369799999999763e-01
8.299999999999999600e-01,-6.257899415000000021e-01,-1.130957619999999997e+00,-6.257899399999999890e-01,-2.530328499999999758e-01,2.944217900000000165e-01
8.199999999999999512e-01,-6.165585567000000378e-01,-1.132121120000000092e+00,-6.165585599999999777e-01,-2.449755700000000036e-01,3.131969800000000137e-01
8.100000000000000533e-01,-6.070251258000000094e-01,-1.133186709999999930e+00,-6.070251300000000239e-01,-2.366099999999999870e-01,3.324789200000000111e-01
8.000000000000000444e-01,-5.971778020000000353e-01,-1.134147669999999941e+00,-5.971777999999999809e-01,-2.279242300000000054e-01,3.522845700000000191e-01
7.900000000000000355e-01,-5.870042367000000150e-01,-1.134996859999999996e+00,-5.870042399999999549e-01,-2.189058299999999957e-01,3.726315000000000044e-01
7.800000000000000266e-01,-5.764915634999999705e-01,-1.135726699999999978e+00,-5.764915600000000140e-01,-2.095418599999999965e-01,3.935378700000000118e-01
7.700000000000000178e-01,-5.656263808999999476e-01,-1.136329130000000021e+00,-5.656263799999999842e-01,-1.998188499999999923e-01,4.150224599999999819e-01
7.600000000000000089e-01,-5.543947344999999860e-01,-1.136795620000000007e+00,-5.543947299999999467e-01,-1.897227700000000128e-01,4.371046699999999730e-01
7.500000000000000000e-01,-5.427820988999999541e-01,-1.137117069999999952e+00,-5.427821000000000451e-01,-1.792390299999999936e-01,4.598045199999999944e-01
7.399999999999999911e-01,-5.307733569999999457e-01,-1.137283830000000107e+00,-5.307733599999999718e-01,-1.683524299999999974e-01,4.831426699999999963e-01
7.299999999999999822e-01,-5.183527796000000354e-01,-1.137285679999999966e+00,-5.183527799999999575e-01,-1.570471900000000032e-01,5.071404200000000362e-01
7.199999999999999734e-01,-5.055040017999999913e-01,-1.137111720000000048e+00,-5.055039999999999534e-01,-1.453068700000000046e-01,5.318197199999999958e-01
7.099999999999999645e-01,-4.922099983000000067e-01,-1.136750399999999939e+00,-4.922099999999999809e-01,-1.331143700000000096e-01,5.572031899999999593e-01
6.999999999999999556e-01,-4.784530558999999794e-01,-1.136189450000000045e+00,-4.784530599999999856e-01,-1.204519000000000006e-01,5.833140999999999465e-01
6.899999999999999467e-01,-4.642147427000000159e-01,-1.135415859999999943e+00,-4.642147400000000146e-01,-1.073009699999999955e-01,6.101764600000000316e-01
6.800000000000000488e-01,-4.494758750999999775e-01,-1.134415759999999995e+00,-4.494758799999999943e-01,-9.364229999999999776e-02,6.378149499999999916e-01
6.700000000000000400e-01,-4.342164794000000216e-01,-1.133174459999999995e+00,-4.342164800000000158e-01,-7.945583999999999980e-02,6.662550099999999809e-01
6.600000000000000311e-01,-4.184157498000000142e-01,-1.131676340000000058e+00,-4.184157499999999752e-01,-6.472068999999999739e-02,6.955228199999999861e-01
6.500000000000000222e-01,-4.020520009999999922e-01,-1.129904779999999942e+00,-4.020520000000000205e-01,-4.941510000000000347e-02,7.256453699999999563e-01
6.400000000000000133e-01,-3.851026148000000204e-01,-1.127842130000000109e+00,-3.851026100000000119e-01,-3.351632999999999696e-02,7.566504899999999534e-01
6.300000000000000044e-01,-3.675439801000000006e-01,-1.125469599999999959e+00,-3.675439799999999924e-01,-1.700068000000000065e-02,7.885668599999999806e-01
6.199999999999999956e-01,-3.493514247000000239e-01,-1.122767169999999926e+00,-3.493514200000000236e-01,1.566399999999999910e-04,8.214240999999999904e-01
6.099999999999999867e-01,-3.304991395999999915e-01,-1.119713549999999946e+00,-3.304991400000000246e-01,1.798154000000000072e-02,8.552528099999999744e-01
5.999999999999999778e-01,-3.109600922999999906e-01,-1.116286010000000051e+00,-3.109600900000000223e-01,3.650119999999999754e-02,8.900846700000000222e-01
5.899999999999999689e-01,-2.907059305999999954e-01,-1.112460299999999958e+00,-2.907059300000000013e-01,5.574408000000000141e-02,9.259524500000000380e-01
5.799999999999999600e-01,-2.697068729000000054e-01,-1.108210539999999966e+00,-2.697068699999999875e-01,7.574011999999999412e-02,9.628901800000000399e-01
5.699999999999999512e-01,-2.479315861999999981e-01,-1.103509019999999952e+00,-2.479315900000000072e-01,9.652078999999999520e-02,1.000933169999999928e+00
5.600000000000000533e-01,-2.253470481000000025e-01,-1.098326069999999932e+00,-2.253470499999999932e-01,1.181192900000000018e-01,1.040118190000000054e+00
5.500000000000000444e-01,-2.019183918000000133e-01,-1.092629910000000093e+00,-2.019183900000000031e-01,1.405706399999999967e-01,1.080483569999999949e+00
5.400000000000000355e-01,-1.776087326000000133e-01,-1.086386370000000046e+00,-1.776087299999999924e-01,1.639119300000000112e-01,1.122069329999999976e+00
5.300000000000000266e-01,-1.523789725999999956e-01,-1.079558749999999900e+00,-1.523789700000000025e-01,1.881824300000000116e-01,1.164917360000000013e+00
5.200000000000000178e-01,-1.261875815000000067e-01,-1.072107469999999951e+00,-1.261875799999999936e-01,2.134238900000000050e-01,1.209071580000000035e+00
5.100000000000000089e-01,-9.899035030000000179e-02,-1.063989859999999954e+00,-9.899035000000000473e-02,2.396807300000000085e-01,1.254578160000000109e+00
5.000000000000000000e-01,-7.074011450000000645e-02,-1.055159790000000042e+00,-7.074010999999999494e-02,2.670003400000000027e-01,1.301485750000000108e+00
